!SESSION 2026-06-29 16:48:29.685 -----------------------------------------------
eclipse.buildId=4.20.0.I20210611-1600
java.version=16.0.1
java.vendor=Oracle Corporation
BootLoader constants: OS=win32, ARCH=x86_64, WS=win32, NL=ko_KR
Framework arguments:  -product org.eclipse.epp.package.java.product
Command-line arguments:  -os win32 -ws win32 -arch x86_64 -product org.eclipse.epp.package.java.product

!ENTRY org.eclipse.jface 2 0 2026-06-29 16:50:15.009
!MESSAGE Keybinding conflicts occurred.  They may interfere with normal accelerator operation.
!SUBENTRY 1 org.eclipse.jface 2 0 2026-06-29 16:50:15.009
!MESSAGE A conflict occurred for CTRL+SHIFT+T:
Binding(CTRL+SHIFT+T,
	ParameterizedCommand(Command(org.eclipse.jdt.ui.navigate.open.type,Open Type,
		Open a type in a Java editor,
		Category(org.eclipse.ui.category.navigate,Navigate,null,true),
		org.eclipse.ui.internal.WorkbenchHandlerServiceHandler@cfacf0,
		,,true),null),
	org.eclipse.ui.defaultAcceleratorConfiguration,
	org.eclipse.ui.contexts.window,,,system)
Binding(CTRL+SHIFT+T,
	ParameterizedCommand(Command(org.eclipse.lsp4e.symbolinworkspace,Go to Symbol in Workspace,
		,
		Category(org.eclipse.lsp4e.category,Language Servers,null,true),
		org.eclipse.ui.internal.WorkbenchHandlerServiceHandler@4c8abec7,
		,,true),null),
	org.eclipse.ui.defaultAcceleratorConfiguration,
	org.eclipse.ui.contexts.window,,,system)

!ENTRY org.eclipse.egit.ui 2 0 2026-06-29 16:50:24.532
!MESSAGE Warning: The environment variable HOME is not set. The following directory will be used to store the Git
user global configuration and to define the default location to store repositories: 'C:\Users\USER'. If this is
not correct please set the HOME environment variable and restart Eclipse. Otherwise Git for Windows and
EGit might behave differently since they see different configuration options.
This warning can be switched off on the Team > Git > Confirmations and Warnings preference page.
!SESSION 2026-06-29 17:18:35.544 -----------------------------------------------
eclipse.buildId=4.20.0.I20210611-1600
java.version=16.0.1
java.vendor=Oracle Corporation
BootLoader constants: OS=win32, ARCH=x86_64, WS=win32, NL=ko_KR
Framework arguments:  -product org.eclipse.epp.package.java.product -product org.eclipse.epp.package.java.product
Command-line arguments:  -os win32 -ws win32 -arch x86_64 -product org.eclipse.epp.package.java.product -data file:/C:/Java_workspace/ -product org.eclipse.epp.package.java.product

!ENTRY org.eclipse.jface 2 0 2026-06-29 17:18:43.023
!MESSAGE Keybinding conflicts occurred.  They may interfere with normal accelerator operation.
!SUBENTRY 1 org.eclipse.jface 2 0 2026-06-29 17:18:43.023
!MESSAGE A conflict occurred for CTRL+SHIFT+T:
Binding(CTRL+SHIFT+T,
	ParameterizedCommand(Command(org.eclipse.jdt.ui.navigate.open.type,Open Type,
		Open a type in a Java editor,
		Category(org.eclipse.ui.category.navigate,Navigate,null,true),
		org.eclipse.ui.internal.WorkbenchHandlerServiceHandler@77f03916,
		,,true),null),
	org.eclipse.ui.defaultAcceleratorConfiguration,
	org.eclipse.ui.contexts.window,,,system)
Binding(CTRL+SHIFT+T,
	ParameterizedCommand(Command(org.eclipse.lsp4e.symbolinworkspace,Go to Symbol in Workspace,
		,
		Category(org.eclipse.lsp4e.category,Language Servers,null,true),
		org.eclipse.ui.internal.WorkbenchHandlerServiceHandler@fbbd90c,
		,,true),null),
	org.eclipse.ui.defaultAcceleratorConfiguration,
	org.eclipse.ui.contexts.window,,,system)

!ENTRY org.eclipse.egit.ui 2 0 2026-06-29 17:18:48.782
!MESSAGE Warning: The environment variable HOME is not set. The following directory will be used to store the Git
user global configuration and to define the default location to store repositories: 'C:\Users\USER'. If this is
not correct please set the HOME environment variable and restart Eclipse. Otherwise Git for Windows and
EGit might behave differently since they see different configuration options.
This warning can be switched off on the Team > Git > Confirmations and Warnings preference page.
!SESSION 2026-06-30 15:33:20.795 -----------------------------------------------
eclipse.buildId=4.20.0.I20210611-1600
java.version=16.0.1
java.vendor=Oracle Corporation
BootLoader constants: OS=win32, ARCH=x86_64, WS=win32, NL=ko_KR
Framework arguments:  -product org.eclipse.epp.package.java.product
Command-line arguments:  -os win32 -ws win32 -arch x86_64 -product org.eclipse.epp.package.java.product

!ENTRY org.eclipse.jface 2 0 2026-06-30 15:33:27.886
!MESSAGE Keybinding conflicts occurred.  They may interfere with normal accelerator operation.
!SUBENTRY 1 org.eclipse.jface 2 0 2026-06-30 15:33:27.886
!MESSAGE A conflict occurred for CTRL+SHIFT+T:
Binding(CTRL+SHIFT+T,
	ParameterizedCommand(Command(org.eclipse.jdt.ui.navigate.open.type,Open Type,
		Open a type in a Java editor,
		Category(org.eclipse.ui.category.navigate,Navigate,null,true),
		org.eclipse.ui.internal.WorkbenchHandlerServiceHandler@74f649a7,
		,,true),null),
	org.eclipse.ui.defaultAcceleratorConfiguration,
	org.eclipse.ui.contexts.window,,,system)
Binding(CTRL+SHIFT+T,
	ParameterizedCommand(Command(org.eclipse.lsp4e.symbolinworkspace,Go to Symbol in Workspace,
		,
		Category(org.eclipse.lsp4e.category,Language Servers,null,true),
		org.eclipse.ui.internal.WorkbenchHandlerServiceHandler@308c65e0,
		,,true),null),
	org.eclipse.ui.defaultAcceleratorConfiguration,
	org.eclipse.ui.contexts.window,,,system)

!ENTRY org.eclipse.egit.ui 2 0 2026-06-30 15:33:30.984
!MESSAGE Warning: The environment variable HOME is not set. The following directory will be used to store the Git
user global configuration and to define the default location to store repositories: 'C:\Users\USER'. If this is
not correct please set the HOME environment variable and restart Eclipse. Otherwise Git for Windows and
EGit might behave differently since they see different configuration options.
This warning can be switched off on the Team > Git > Confirmations and Warnings preference page.
!SESSION 2026-07-01 14:56:27.695 -----------------------------------------------
eclipse.buildId=4.20.0.I20210611-1600
java.version=16.0.1
java.vendor=Oracle Corporation
BootLoader constants: OS=win32, ARCH=x86_64, WS=win32, NL=ko_KR
Framework arguments:  -product org.eclipse.epp.package.java.product
Command-line arguments:  -os win32 -ws win32 -arch x86_64 -product org.eclipse.epp.package.java.product

!ENTRY org.eclipse.jface 2 0 2026-07-01 14:56:35.245
!MESSAGE Keybinding conflicts occurred.  They may interfere with normal accelerator operation.
!SUBENTRY 1 org.eclipse.jface 2 0 2026-07-01 14:56:35.245
!MESSAGE A conflict occurred for CTRL+SHIFT+T:
Binding(CTRL+SHIFT+T,
	ParameterizedCommand(Command(org.eclipse.jdt.ui.navigate.open.type,Open Type,
		Open a type in a Java editor,
		Category(org.eclipse.ui.category.navigate,Navigate,null,true),
		org.eclipse.ui.internal.WorkbenchHandlerServiceHandler@308c65e0,
		,,true),null),
	org.eclipse.ui.defaultAcceleratorConfiguration,
	org.eclipse.ui.contexts.window,,,system)
Binding(CTRL+SHIFT+T,
	ParameterizedCommand(Command(org.eclipse.lsp4e.symbolinworkspace,Go to Symbol in Workspace,
		,
		Category(org.eclipse.lsp4e.category,Language Servers,null,true),
		org.eclipse.ui.internal.WorkbenchHandlerServiceHandler@50fa5938,
		,,true),null),
	org.eclipse.ui.defaultAcceleratorConfiguration,
	org.eclipse.ui.contexts.window,,,system)

!ENTRY org.eclipse.egit.ui 2 0 2026-07-01 14:56:38.277
!MESSAGE Warning: The environment variable HOME is not set. The following directory will be used to store the Git
user global configuration and to define the default location to store repositories: 'C:\Users\USER'. If this is
not correct please set the HOME environment variable and restart Eclipse. Otherwise Git for Windows and
EGit might behave differently since they see different configuration options.
This warning can be switched off on the Team > Git > Confirmations and Warnings preference page.

!ENTRY org.eclipse.ui.ide 4 4 2026-07-01 18:11:23.925
!MESSAGE Not properly disposed SWT resource
!STACK 0
java.lang.Error: SWT Resource was not properly disposed
	at org.eclipse.swt.graphics.Resource.initNonDisposeTracking(Resource.java:172)
	at org.eclipse.swt.graphics.Resource.<init>(Resource.java:120)
	at org.eclipse.swt.graphics.Image.<init>(Image.java:728)
	at org.eclipse.jface.resource.ImageDescriptor.createImage(ImageDescriptor.java:338)
	at org.eclipse.jface.resource.ImageDescriptor.createImage(ImageDescriptor.java:287)
	at org.eclipse.jface.resource.ImageDescriptor.createImage(ImageDescriptor.java:265)
	at org.eclipse.jdt.internal.debug.ui.launcher.DebugTypeSelectionDialog$DebugTypeLabelProvider.getImage(DebugTypeSelectionDialog.java:68)
	at org.eclipse.jdt.internal.debug.ui.launcher.DebugTypeSelectionDialog$DebugTypeDetailsLabelProvider.getImage(DebugTypeSelectionDialog.java:163)
	at org.eclipse.ui.dialogs.FilteredItemsSelectionDialog$DetailsContentViewer.refresh(FilteredItemsSelectionDialog.java:2882)
	at org.eclipse.ui.dialogs.FilteredItemsSelectionDialog$DetailsContentViewer.inputChanged(FilteredItemsSelectionDialog.java:2851)
	at org.eclipse.jface.viewers.ContentViewer.setInput(ContentViewer.java:282)
	at org.eclipse.ui.dialogs.FilteredItemsSelectionDialog.refreshDetails(FilteredItemsSelectionDialog.java:771)
	at org.eclipse.ui.dialogs.FilteredItemsSelectionDialog.handleSelected(FilteredItemsSelectionDialog.java:838)
	at org.eclipse.ui.dialogs.FilteredItemsSelectionDialog.lambda$5(FilteredItemsSelectionDialog.java:662)
	at org.eclipse.jface.viewers.Viewer$1.run(Viewer.java:151)
	at org.eclipse.core.runtime.SafeRunner.run(SafeRunner.java:45)
	at org.eclipse.jface.util.SafeRunnable.run(SafeRunnable.java:174)
	at org.eclipse.jface.viewers.Viewer.fireSelectionChanged(Viewer.java:148)
	at org.eclipse.jface.viewers.StructuredViewer.updateSelection(StructuredViewer.java:2132)
	at org.eclipse.jface.viewers.StructuredViewer.handleSelect(StructuredViewer.java:1178)
	at org.eclipse.jface.viewers.StructuredViewer$4.widgetSelected(StructuredViewer.java:1207)
	at org.eclipse.jface.util.OpenStrategy.fireSelectionEvent(OpenStrategy.java:242)
	at org.eclipse.jface.util.OpenStrategy.access$4(OpenStrategy.java:237)
	at org.eclipse.jface.util.OpenStrategy$1.handleEvent(OpenStrategy.java:402)
	at org.eclipse.swt.widgets.EventTable.sendEvent(EventTable.java:89)
	at org.eclipse.swt.widgets.Display.sendEvent(Display.java:4209)
	at org.eclipse.swt.widgets.Widget.sendEvent(Widget.java:1043)
	at org.eclipse.swt.widgets.Widget.sendEvent(Widget.java:1067)
	at org.eclipse.swt.widgets.Widget.sendEvent(Widget.java:1052)
	at org.eclipse.swt.widgets.Widget.notifyListeners(Widget.java:766)
	at org.eclipse.ui.dialogs.FilteredItemsSelectionDialog.refresh(FilteredItemsSelectionDialog.java:884)
	at org.eclipse.ui.dialogs.FilteredItemsSelectionDialog$RefreshJob.runInUIThread(FilteredItemsSelectionDialog.java:1307)
	at org.eclipse.ui.progress.UIJob.lambda$0(UIJob.java:95)
	at org.eclipse.swt.widgets.RunnableLock.run(RunnableLock.java:40)
	at org.eclipse.swt.widgets.Synchronizer.runAsyncMessages(Synchronizer.java:185)
	at org.eclipse.swt.widgets.Display.runAsyncMessages(Display.java:4001)
	at org.eclipse.swt.widgets.Display.readAndDispatch(Display.java:3629)
	at org.eclipse.jface.window.Window.runEventLoop(Window.java:823)
	at org.eclipse.jface.window.Window.open(Window.java:799)
	at org.eclipse.jdt.debug.ui.launchConfigurations.JavaMainTab.handleSearchButtonSelected(JavaMainTab.java:186)
	at org.eclipse.jdt.internal.debug.ui.launcher.SharedJavaMainTab$2.widgetSelected(SharedJavaMainTab.java:81)
	at org.eclipse.swt.widgets.TypedListener.handleEvent(TypedListener.java:252)
	at org.eclipse.swt.widgets.EventTable.sendEvent(EventTable.java:89)
	at org.eclipse.swt.widgets.Display.sendEvent(Display.java:4209)
	at org.eclipse.swt.widgets.Widget.sendEvent(Widget.java:1043)
	at org.eclipse.swt.widgets.Display.runDeferredEvents(Display.java:4026)
	at org.eclipse.swt.widgets.Display.readAndDispatch(Display.java:3626)
	at org.eclipse.jface.window.Window.runEventLoop(Window.java:823)
	at org.eclipse.jface.window.Window.open(Window.java:799)
	at org.eclipse.debug.internal.ui.launchConfigurations.LaunchConfigurationsDialog.open(LaunchConfigurationsDialog.java:1238)
	at org.eclipse.debug.internal.ui.launchConfigurations.LaunchConfigurationPropertiesDialog.open(LaunchConfigurationPropertiesDialog.java:186)
	at org.eclipse.debug.internal.ui.DebugUIPlugin.openLaunchConfigurationPropertiesDialog(DebugUIPlugin.java:751)
	at org.eclipse.debug.internal.ui.preferences.RunDebugPropertiesPage.edit(RunDebugPropertiesPage.java:439)
	at org.eclipse.debug.internal.ui.preferences.RunDebugPropertiesPage.handleEdit(RunDebugPropertiesPage.java:397)
	at org.eclipse.debug.internal.ui.preferences.RunDebugPropertiesPage.lambda$1(RunDebugPropertiesPage.java:196)
	at org.eclipse.jface.viewers.StructuredViewer$1.run(StructuredViewer.java:782)
	at org.eclipse.core.runtime.SafeRunner.run(SafeRunner.java:45)
	at org.eclipse.jface.util.SafeRunnable.run(SafeRunnable.java:174)
	at org.eclipse.jface.viewers.StructuredViewer.fireDoubleClick(StructuredViewer.java:779)
	at org.eclipse.jface.viewers.StructuredViewer.handleDoubleSelect(StructuredViewer.java:1100)
	at org.eclipse.jface.viewers.StructuredViewer$4.widgetDefaultSelected(StructuredViewer.java:1213)
	at org.eclipse.jface.util.OpenStrategy.fireDefaultSelectionEvent(OpenStrategy.java:251)
	at org.eclipse.jface.util.OpenStrategy.access$0(OpenStrategy.java:249)
	at org.eclipse.jface.util.OpenStrategy$1.handleEvent(OpenStrategy.java:308)
	at org.eclipse.swt.widgets.EventTable.sendEvent(EventTable.java:89)
	at org.eclipse.swt.widgets.Display.sendEvent(Display.java:4209)
	at org.eclipse.swt.widgets.Widget.sendEvent(Widget.java:1043)
	at org.eclipse.swt.widgets.Display.runDeferredEvents(Display.java:4026)
	at org.eclipse.swt.widgets.Display.readAndDispatch(Display.java:3626)
	at org.eclipse.jface.window.Window.runEventLoop(Window.java:823)
	at org.eclipse.jface.window.Window.open(Window.java:799)
	at org.eclipse.ui.dialogs.PropertyDialogAction.run(PropertyDialogAction.java:153)
	at org.eclipse.jface.action.Action.runWithEvent(Action.java:474)
	at org.eclipse.jface.action.ActionContributionItem.handleWidgetSelection(ActionContributionItem.java:580)
	at org.eclipse.jface.action.ActionContributionItem.lambda$4(ActionContributionItem.java:414)
	at org.eclipse.swt.widgets.EventTable.sendEvent(EventTable.java:89)
	at org.eclipse.swt.widgets.Display.sendEvent(Display.java:4209)
	at org.eclipse.swt.widgets.Widget.sendEvent(Widget.java:1043)
	at org.eclipse.swt.widgets.Display.runDeferredEvents(Display.java:4026)
	at org.eclipse.swt.widgets.Display.readAndDispatch(Display.java:3626)
	at org.eclipse.e4.ui.internal.workbench.swt.PartRenderingEngine$5.run(PartRenderingEngine.java:1157)
	at org.eclipse.core.databinding.observable.Realm.runWithDefault(Realm.java:338)
	at org.eclipse.e4.ui.internal.workbench.swt.PartRenderingEngine.run(PartRenderingEngine.java:1046)
	at org.eclipse.e4.ui.internal.workbench.E4Workbench.createAndRunUI(E4Workbench.java:155)
	at org.eclipse.ui.internal.Workbench.lambda$3(Workbench.java:644)
	at org.eclipse.core.databinding.observable.Realm.runWithDefault(Realm.java:338)
	at org.eclipse.ui.internal.Workbench.createAndRunWorkbench(Workbench.java:551)
	at org.eclipse.ui.PlatformUI.createAndRunWorkbench(PlatformUI.java:156)
	at org.eclipse.ui.internal.ide.application.IDEApplication.start(IDEApplication.java:152)
	at org.eclipse.equinox.internal.app.EclipseAppHandle.run(EclipseAppHandle.java:203)
	at org.eclipse.core.runtime.internal.adaptor.EclipseAppLauncher.runApplication(EclipseAppLauncher.java:134)
	at org.eclipse.core.runtime.internal.adaptor.EclipseAppLauncher.start(EclipseAppLauncher.java:104)
	at org.eclipse.core.runtime.adaptor.EclipseStarter.run(EclipseStarter.java:401)
	at org.eclipse.core.runtime.adaptor.EclipseStarter.run(EclipseStarter.java:255)
	at java.base/jdk.internal.reflect.NativeMethodAccessorImpl.invoke0(Native Method)
	at java.base/jdk.internal.reflect.NativeMethodAccessorImpl.invoke(NativeMethodAccessorImpl.java:78)
	at java.base/jdk.internal.reflect.DelegatingMethodAccessorImpl.invoke(DelegatingMethodAccessorImpl.java:43)
	at java.base/java.lang.reflect.Method.invoke(Method.java:567)
	at org.eclipse.equinox.launcher.Main.invokeFramework(Main.java:654)
	at org.eclipse.equinox.launcher.Main.basicRun(Main.java:591)
	at org.eclipse.equinox.launcher.Main.run(Main.java:1462)

!ENTRY org.eclipse.ui.ide 4 4 2026-07-01 18:11:23.928
!MESSAGE Not properly disposed SWT resource
!STACK 0
java.lang.Error: SWT Resource was not properly disposed
	at org.eclipse.swt.graphics.Resource.initNonDisposeTracking(Resource.java:172)
	at org.eclipse.swt.graphics.Resource.<init>(Resource.java:120)
	at org.eclipse.swt.graphics.Image.<init>(Image.java:728)
	at org.eclipse.jface.resource.ImageDescriptor.createImage(ImageDescriptor.java:338)
	at org.eclipse.jface.resource.ImageDescriptor.createImage(ImageDescriptor.java:287)
	at org.eclipse.jface.resource.ImageDescriptor.createImage(ImageDescriptor.java:265)
	at org.eclipse.jdt.internal.debug.ui.launcher.DebugTypeSelectionDialog$DebugTypeLabelProvider.getImage(DebugTypeSelectionDialog.java:68)
	at org.eclipse.jdt.internal.debug.ui.launcher.DebugTypeSelectionDialog$DebugTypeDetailsLabelProvider.getImage(DebugTypeSelectionDialog.java:163)
	at org.eclipse.ui.dialogs.FilteredItemsSelectionDialog$DetailsContentViewer.refresh(FilteredItemsSelectionDialog.java:2882)
	at org.eclipse.ui.dialogs.FilteredItemsSelectionDialog$DetailsContentViewer.inputChanged(FilteredItemsSelectionDialog.java:2851)
	at org.eclipse.jface.viewers.ContentViewer.setInput(ContentViewer.java:282)
	at org.eclipse.ui.dialogs.FilteredItemsSelectionDialog.refreshDetails(FilteredItemsSelectionDialog.java:771)
	at org.eclipse.ui.dialogs.FilteredItemsSelectionDialog.handleSelected(FilteredItemsSelectionDialog.java:838)
	at org.eclipse.ui.dialogs.FilteredItemsSelectionDialog.lambda$5(FilteredItemsSelectionDialog.java:662)
	at org.eclipse.jface.viewers.Viewer$1.run(Viewer.java:151)
	at org.eclipse.core.runtime.SafeRunner.run(SafeRunner.java:45)
	at org.eclipse.jface.util.SafeRunnable.run(SafeRunnable.java:174)
	at org.eclipse.jface.viewers.Viewer.fireSelectionChanged(Viewer.java:148)
	at org.eclipse.jface.viewers.StructuredViewer.updateSelection(StructuredViewer.java:2132)
	at org.eclipse.jface.viewers.StructuredViewer.handleSelect(StructuredViewer.java:1178)
	at org.eclipse.jface.viewers.StructuredViewer$4.widgetSelected(StructuredViewer.java:1207)
	at org.eclipse.jface.util.OpenStrategy.fireSelectionEvent(OpenStrategy.java:242)
	at org.eclipse.jface.util.OpenStrategy.access$4(OpenStrategy.java:237)
	at org.eclipse.jface.util.OpenStrategy$1.handleEvent(OpenStrategy.java:402)
	at org.eclipse.swt.widgets.EventTable.sendEvent(EventTable.java:89)
	at org.eclipse.swt.widgets.Display.sendEvent(Display.java:4209)
	at org.eclipse.swt.widgets.Widget.sendEvent(Widget.java:1043)
	at org.eclipse.swt.widgets.Widget.sendEvent(Widget.java:1067)
	at org.eclipse.swt.widgets.Widget.sendEvent(Widget.java:1052)
	at org.eclipse.swt.widgets.Widget.notifyListeners(Widget.java:766)
	at org.eclipse.ui.dialogs.FilteredItemsSelectionDialog.refresh(FilteredItemsSelectionDialog.java:884)
	at org.eclipse.ui.dialogs.FilteredItemsSelectionDialog$RefreshJob.runInUIThread(FilteredItemsSelectionDialog.java:1307)
	at org.eclipse.ui.progress.UIJob.lambda$0(UIJob.java:95)
	at org.eclipse.swt.widgets.RunnableLock.run(RunnableLock.java:40)
	at org.eclipse.swt.widgets.Synchronizer.runAsyncMessages(Synchronizer.java:185)
	at org.eclipse.swt.widgets.Display.runAsyncMessages(Display.java:4001)
	at org.eclipse.swt.widgets.Display.readAndDispatch(Display.java:3629)
	at org.eclipse.jface.window.Window.runEventLoop(Window.java:823)
	at org.eclipse.jface.window.Window.open(Window.java:799)
	at org.eclipse.jdt.debug.ui.launchConfigurations.JavaMainTab.handleSearchButtonSelected(JavaMainTab.java:186)
	at org.eclipse.jdt.internal.debug.ui.launcher.SharedJavaMainTab$2.widgetSelected(SharedJavaMainTab.java:81)
	at org.eclipse.swt.widgets.TypedListener.handleEvent(TypedListener.java:252)
	at org.eclipse.swt.widgets.EventTable.sendEvent(EventTable.java:89)
	at org.eclipse.swt.widgets.Display.sendEvent(Display.java:4209)
	at org.eclipse.swt.widgets.Widget.sendEvent(Widget.java:1043)
	at org.eclipse.swt.widgets.Display.runDeferredEvents(Display.java:4026)
	at org.eclipse.swt.widgets.Display.readAndDispatch(Display.java:3626)
	at org.eclipse.jface.window.Window.runEventLoop(Window.java:823)
	at org.eclipse.jface.window.Window.open(Window.java:799)
	at org.eclipse.debug.internal.ui.launchConfigurations.LaunchConfigurationsDialog.open(LaunchConfigurationsDialog.java:1238)
	at org.eclipse.debug.internal.ui.launchConfigurations.LaunchConfigurationPropertiesDialog.open(LaunchConfigurationPropertiesDialog.java:186)
	at org.eclipse.debug.internal.ui.DebugUIPlugin.openLaunchConfigurationPropertiesDialog(DebugUIPlugin.java:751)
	at org.eclipse.debug.internal.ui.preferences.RunDebugPropertiesPage.edit(RunDebugPropertiesPage.java:439)
	at org.eclipse.debug.internal.ui.preferences.RunDebugPropertiesPage.handleEdit(RunDebugPropertiesPage.java:397)
	at org.eclipse.debug.internal.ui.preferences.RunDebugPropertiesPage.lambda$1(RunDebugPropertiesPage.java:196)
	at org.eclipse.jface.viewers.StructuredViewer$1.run(StructuredViewer.java:782)
	at org.eclipse.core.runtime.SafeRunner.run(SafeRunner.java:45)
	at org.eclipse.jface.util.SafeRunnable.run(SafeRunnable.java:174)
	at org.eclipse.jface.viewers.StructuredViewer.fireDoubleClick(StructuredViewer.java:779)
	at org.eclipse.jface.viewers.StructuredViewer.handleDoubleSelect(StructuredViewer.java:1100)
	at org.eclipse.jface.viewers.StructuredViewer$4.widgetDefaultSelected(StructuredViewer.java:1213)
	at org.eclipse.jface.util.OpenStrategy.fireDefaultSelectionEvent(OpenStrategy.java:251)
	at org.eclipse.jface.util.OpenStrategy.access$0(OpenStrategy.java:249)
	at org.eclipse.jface.util.OpenStrategy$1.handleEvent(OpenStrategy.java:308)
	at org.eclipse.swt.widgets.EventTable.sendEvent(EventTable.java:89)
	at org.eclipse.swt.widgets.Display.sendEvent(Display.java:4209)
	at org.eclipse.swt.widgets.Widget.sendEvent(Widget.java:1043)
	at org.eclipse.swt.widgets.Display.runDeferredEvents(Display.java:4026)
	at org.eclipse.swt.widgets.Display.readAndDispatch(Display.java:3626)
	at org.eclipse.jface.window.Window.runEventLoop(Window.java:823)
	at org.eclipse.jface.window.Window.open(Window.java:799)
	at org.eclipse.ui.dialogs.PropertyDialogAction.run(PropertyDialogAction.java:153)
	at org.eclipse.jface.action.Action.runWithEvent(Action.java:474)
	at org.eclipse.jface.action.ActionContributionItem.handleWidgetSelection(ActionContributionItem.java:580)
	at org.eclipse.jface.action.ActionContributionItem.lambda$4(ActionContributionItem.java:414)
	at org.eclipse.swt.widgets.EventTable.sendEvent(EventTable.java:89)
	at org.eclipse.swt.widgets.Display.sendEvent(Display.java:4209)
	at org.eclipse.swt.widgets.Widget.sendEvent(Widget.java:1043)
	at org.eclipse.swt.widgets.Display.runDeferredEvents(Display.java:4026)
	at org.eclipse.swt.widgets.Display.readAndDispatch(Display.java:3626)
	at org.eclipse.e4.ui.internal.workbench.swt.PartRenderingEngine$5.run(PartRenderingEngine.java:1157)
	at org.eclipse.core.databinding.observable.Realm.runWithDefault(Realm.java:338)
	at org.eclipse.e4.ui.internal.workbench.swt.PartRenderingEngine.run(PartRenderingEngine.java:1046)
	at org.eclipse.e4.ui.internal.workbench.E4Workbench.createAndRunUI(E4Workbench.java:155)
	at org.eclipse.ui.internal.Workbench.lambda$3(Workbench.java:644)
	at org.eclipse.core.databinding.observable.Realm.runWithDefault(Realm.java:338)
	at org.eclipse.ui.internal.Workbench.createAndRunWorkbench(Workbench.java:551)
	at org.eclipse.ui.PlatformUI.createAndRunWorkbench(PlatformUI.java:156)
	at org.eclipse.ui.internal.ide.application.IDEApplication.start(IDEApplication.java:152)
	at org.eclipse.equinox.internal.app.EclipseAppHandle.run(EclipseAppHandle.java:203)
	at org.eclipse.core.runtime.internal.adaptor.EclipseAppLauncher.runApplication(EclipseAppLauncher.java:134)
	at org.eclipse.core.runtime.internal.adaptor.EclipseAppLauncher.start(EclipseAppLauncher.java:104)
	at org.eclipse.core.runtime.adaptor.EclipseStarter.run(EclipseStarter.java:401)
	at org.eclipse.core.runtime.adaptor.EclipseStarter.run(EclipseStarter.java:255)
	at java.base/jdk.internal.reflect.NativeMethodAccessorImpl.invoke0(Native Method)
	at java.base/jdk.internal.reflect.NativeMethodAccessorImpl.invoke(NativeMethodAccessorImpl.java:78)
	at java.base/jdk.internal.reflect.DelegatingMethodAccessorImpl.invoke(DelegatingMethodAccessorImpl.java:43)
	at java.base/java.lang.reflect.Method.invoke(Method.java:567)
	at org.eclipse.equinox.launcher.Main.invokeFramework(Main.java:654)
	at org.eclipse.equinox.launcher.Main.basicRun(Main.java:591)
	at org.eclipse.equinox.launcher.Main.run(Main.java:1462)
!SESSION 2026-07-02 14:32:33.498 -----------------------------------------------
eclipse.buildId=4.20.0.I20210611-1600
java.version=16.0.1
java.vendor=Oracle Corporation
BootLoader constants: OS=win32, ARCH=x86_64, WS=win32, NL=ko_KR
Framework arguments:  -product org.eclipse.epp.package.java.product
Command-line arguments:  -os win32 -ws win32 -arch x86_64 -product org.eclipse.epp.package.java.product

!ENTRY org.eclipse.jface 2 0 2026-07-02 14:32:38.381
!MESSAGE Keybinding conflicts occurred.  They may interfere with normal accelerator operation.
!SUBENTRY 1 org.eclipse.jface 2 0 2026-07-02 14:32:38.381
!MESSAGE A conflict occurred for CTRL+SHIFT+T:
Binding(CTRL+SHIFT+T,
	ParameterizedCommand(Command(org.eclipse.jdt.ui.navigate.open.type,Open Type,
		Open a type in a Java editor,
		Category(org.eclipse.ui.category.navigate,Navigate,null,true),
		org.eclipse.ui.internal.WorkbenchHandlerServiceHandler@4ba13fed,
		,,true),null),
	org.eclipse.ui.defaultAcceleratorConfiguration,
	org.eclipse.ui.contexts.window,,,system)
Binding(CTRL+SHIFT+T,
	ParameterizedCommand(Command(org.eclipse.lsp4e.symbolinworkspace,Go to Symbol in Workspace,
		,
		Category(org.eclipse.lsp4e.category,Language Servers,null,true),
		org.eclipse.ui.internal.WorkbenchHandlerServiceHandler@651cedfb,
		,,true),null),
	org.eclipse.ui.defaultAcceleratorConfiguration,
	org.eclipse.ui.contexts.window,,,system)

!ENTRY org.eclipse.egit.ui 2 0 2026-07-02 14:32:41.664
!MESSAGE Warning: The environment variable HOME is not set. The following directory will be used to store the Git
user global configuration and to define the default location to store repositories: 'C:\Users\USER'. If this is
not correct please set the HOME environment variable and restart Eclipse. Otherwise Git for Windows and
EGit might behave differently since they see different configuration options.
This warning can be switched off on the Team > Git > Confirmations and Warnings preference page.
!SESSION 2026-07-06 14:32:11.445 -----------------------------------------------
eclipse.buildId=4.20.0.I20210611-1600
java.version=16.0.1
java.vendor=Oracle Corporation
BootLoader constants: OS=win32, ARCH=x86_64, WS=win32, NL=ko_KR
Framework arguments:  -product org.eclipse.epp.package.java.product
Command-line arguments:  -os win32 -ws win32 -arch x86_64 -product org.eclipse.epp.package.java.product

!ENTRY org.eclipse.jface 2 0 2026-07-06 14:32:16.278
!MESSAGE Keybinding conflicts occurred.  They may interfere with normal accelerator operation.
!SUBENTRY 1 org.eclipse.jface 2 0 2026-07-06 14:32:16.278
!MESSAGE A conflict occurred for CTRL+SHIFT+T:
Binding(CTRL+SHIFT+T,
	ParameterizedCommand(Command(org.eclipse.jdt.ui.navigate.open.type,Open Type,
		Open a type in a Java editor,
		Category(org.eclipse.ui.category.navigate,Navigate,null,true),
		org.eclipse.ui.internal.WorkbenchHandlerServiceHandler@5814b4fb,
		,,true),null),
	org.eclipse.ui.defaultAcceleratorConfiguration,
	org.eclipse.ui.contexts.window,,,system)
Binding(CTRL+SHIFT+T,
	ParameterizedCommand(Command(org.eclipse.lsp4e.symbolinworkspace,Go to Symbol in Workspace,
		,
		Category(org.eclipse.lsp4e.category,Language Servers,null,true),
		org.eclipse.ui.internal.WorkbenchHandlerServiceHandler@3aca2579,
		,,true),null),
	org.eclipse.ui.defaultAcceleratorConfiguration,
	org.eclipse.ui.contexts.window,,,system)

!ENTRY org.eclipse.egit.ui 2 0 2026-07-06 14:32:19.531
!MESSAGE Warning: The environment variable HOME is not set. The following directory will be used to store the Git
user global configuration and to define the default location to store repositories: 'C:\Users\USER'. If this is
not correct please set the HOME environment variable and restart Eclipse. Otherwise Git for Windows and
EGit might behave differently since they see different configuration options.
This warning can be switched off on the Team > Git > Confirmations and Warnings preference page.

!ENTRY org.eclipse.jdt.core 4 4 2026-07-06 16:49:28.430
!MESSAGE Exception occurred during compilation unit conversion:
----------------------------------- SOURCE BEGIN -------------------------------------

public class OperEX05 {

	public static void main(String[] args) {
        int a = 1_000_000; // 백만 : 1,000,000
        int b = 2_000_000; // 이백만 : 2,000,000
        
        // int = (int * int) => 결과가 int형이기 떄문에 (-1454759936)
        
        // 변수 a 또는 b의 타입을 long으로 형변환해야한다.
        
        //long c = 1000000L * b;
        // long c =(long) a * 2000000L; 이런식으로 해도 밑에와 같은 값이나온다.
        long c =(long) a * b;
        System.out.println(c);
        
        long k = long(1_000_000 *  1_000_000;
        long m = 1_000_000 *  1_000_000L;
        
        System.out.println(k);
        System.out.println(m);

	}

}

----------------------------------- SOURCE END -------------------------------------
!STACK 0
java.lang.IllegalArgumentException
	at org.eclipse.jdt.core.dom.InfixExpression.setOperator(InfixExpression.java:383)
	at org.eclipse.jdt.core.dom.ASTConverter.convert(ASTConverter.java:1287)
	at org.eclipse.jdt.core.dom.ASTConverter.convert(ASTConverter.java:2031)
	at org.eclipse.jdt.core.dom.ASTConverter.convertToParenthesizedExpression(ASTConverter.java:3795)
	at org.eclipse.jdt.core.dom.ASTConverter.convert(ASTConverter.java:1943)
	at org.eclipse.jdt.core.dom.ASTConverter.convert(ASTConverter.java:1204)
	at org.eclipse.jdt.core.dom.ASTConverter.convert(ASTConverter.java:1974)
	at org.eclipse.jdt.core.dom.ASTConverter.convert(ASTConverter.java:3052)
	at org.eclipse.jdt.core.dom.ASTConverter.convert(ASTConverter.java:751)
	at org.eclipse.jdt.core.dom.ASTConverter.buildBodyDeclarations(ASTConverter.java:208)
	at org.eclipse.jdt.core.dom.ASTConverter.convert(ASTConverter.java:3347)
	at org.eclipse.jdt.core.dom.ASTConverter.convert(ASTConverter.java:1524)
	at org.eclipse.jdt.core.dom.AST.convertCompilationUnit(AST.java:494)
	at org.eclipse.jdt.internal.core.CompilationUnit.buildStructure(CompilationUnit.java:201)
	at org.eclipse.jdt.internal.core.Openable.generateInfos(Openable.java:266)
	at org.eclipse.jdt.internal.core.JavaElement.openWhenClosed(JavaElement.java:597)
	at org.eclipse.jdt.internal.core.CompilationUnit.makeConsistent(CompilationUnit.java:1142)
	at org.eclipse.jdt.internal.core.ReconcileWorkingCopyOperation.makeConsistent(ReconcileWorkingCopyOperation.java:173)
	at org.eclipse.jdt.internal.core.ReconcileWorkingCopyOperation.executeOperation(ReconcileWorkingCopyOperation.java:94)
	at org.eclipse.jdt.internal.core.JavaModelOperation.run(JavaModelOperation.java:740)
	at org.eclipse.jdt.internal.core.JavaModelOperation.runOperation(JavaModelOperation.java:806)
	at org.eclipse.jdt.internal.core.CompilationUnit.reconcile(CompilationUnit.java:1319)
	at org.eclipse.jdt.internal.ui.text.java.JavaReconcilingStrategy.reconcile(JavaReconcilingStrategy.java:131)
	at org.eclipse.jdt.internal.ui.text.java.JavaReconcilingStrategy.access$0(JavaReconcilingStrategy.java:113)
	at org.eclipse.jdt.internal.ui.text.java.JavaReconcilingStrategy$1.run(JavaReconcilingStrategy.java:93)
	at org.eclipse.core.runtime.SafeRunner.run(SafeRunner.java:45)
	at org.eclipse.jdt.internal.ui.text.java.JavaReconcilingStrategy.reconcile(JavaReconcilingStrategy.java:90)
	at org.eclipse.jdt.internal.ui.text.java.JavaReconcilingStrategy.reconcile(JavaReconcilingStrategy.java:157)
	at org.eclipse.jdt.internal.ui.text.CompositeReconcilingStrategy.reconcile(CompositeReconcilingStrategy.java:94)
	at org.eclipse.jdt.internal.ui.text.JavaCompositeReconcilingStrategy.reconcile(JavaCompositeReconcilingStrategy.java:107)
	at org.eclipse.jface.text.reconciler.MonoReconciler.process(MonoReconciler.java:76)
	at org.eclipse.jface.text.reconciler.AbstractReconciler$BackgroundThread.run(AbstractReconciler.java:210)

!ENTRY org.eclipse.jdt.ui 4 2 2026-07-06 16:49:28.431
!MESSAGE Problems occurred when invoking code from plug-in: "org.eclipse.jdt.ui".
!STACK 0
java.lang.IllegalArgumentException
	at org.eclipse.jdt.core.dom.InfixExpression.setOperator(InfixExpression.java:383)
	at org.eclipse.jdt.core.dom.ASTConverter.convert(ASTConverter.java:1287)
	at org.eclipse.jdt.core.dom.ASTConverter.convert(ASTConverter.java:2031)
	at org.eclipse.jdt.core.dom.ASTConverter.convertToParenthesizedExpression(ASTConverter.java:3795)
	at org.eclipse.jdt.core.dom.ASTConverter.convert(ASTConverter.java:1943)
	at org.eclipse.jdt.core.dom.ASTConverter.convert(ASTConverter.java:1204)
	at org.eclipse.jdt.core.dom.ASTConverter.convert(ASTConverter.java:1974)
	at org.eclipse.jdt.core.dom.ASTConverter.convert(ASTConverter.java:3052)
	at org.eclipse.jdt.core.dom.ASTConverter.convert(ASTConverter.java:751)
	at org.eclipse.jdt.core.dom.ASTConverter.buildBodyDeclarations(ASTConverter.java:208)
	at org.eclipse.jdt.core.dom.ASTConverter.convert(ASTConverter.java:3347)
	at org.eclipse.jdt.core.dom.ASTConverter.convert(ASTConverter.java:1524)
	at org.eclipse.jdt.core.dom.AST.convertCompilationUnit(AST.java:494)
	at org.eclipse.jdt.internal.core.CompilationUnit.buildStructure(CompilationUnit.java:201)
	at org.eclipse.jdt.internal.core.Openable.generateInfos(Openable.java:266)
	at org.eclipse.jdt.internal.core.JavaElement.openWhenClosed(JavaElement.java:597)
	at org.eclipse.jdt.internal.core.CompilationUnit.makeConsistent(CompilationUnit.java:1142)
	at org.eclipse.jdt.internal.core.ReconcileWorkingCopyOperation.makeConsistent(ReconcileWorkingCopyOperation.java:173)
	at org.eclipse.jdt.internal.core.ReconcileWorkingCopyOperation.executeOperation(ReconcileWorkingCopyOperation.java:94)
	at org.eclipse.jdt.internal.core.JavaModelOperation.run(JavaModelOperation.java:740)
	at org.eclipse.jdt.internal.core.JavaModelOperation.runOperation(JavaModelOperation.java:806)
	at org.eclipse.jdt.internal.core.CompilationUnit.reconcile(CompilationUnit.java:1319)
	at org.eclipse.jdt.internal.ui.text.java.JavaReconcilingStrategy.reconcile(JavaReconcilingStrategy.java:131)
	at org.eclipse.jdt.internal.ui.text.java.JavaReconcilingStrategy.access$0(JavaReconcilingStrategy.java:113)
	at org.eclipse.jdt.internal.ui.text.java.JavaReconcilingStrategy$1.run(JavaReconcilingStrategy.java:93)
	at org.eclipse.core.runtime.SafeRunner.run(SafeRunner.java:45)
	at org.eclipse.jdt.internal.ui.text.java.JavaReconcilingStrategy.reconcile(JavaReconcilingStrategy.java:90)
	at org.eclipse.jdt.internal.ui.text.java.JavaReconcilingStrategy.reconcile(JavaReconcilingStrategy.java:157)
	at org.eclipse.jdt.internal.ui.text.CompositeReconcilingStrategy.reconcile(CompositeReconcilingStrategy.java:94)
	at org.eclipse.jdt.internal.ui.text.JavaCompositeReconcilingStrategy.reconcile(JavaCompositeReconcilingStrategy.java:107)
	at org.eclipse.jface.text.reconciler.MonoReconciler.process(MonoReconciler.java:76)
	at org.eclipse.jface.text.reconciler.AbstractReconciler$BackgroundThread.run(AbstractReconciler.java:210)

!ENTRY org.eclipse.jdt.ui 4 0 2026-07-06 16:49:28.432
!MESSAGE Error in JDT Core during reconcile
!STACK 0
java.lang.IllegalArgumentException
	at org.eclipse.jdt.core.dom.InfixExpression.setOperator(InfixExpression.java:383)
	at org.eclipse.jdt.core.dom.ASTConverter.convert(ASTConverter.java:1287)
	at org.eclipse.jdt.core.dom.ASTConverter.convert(ASTConverter.java:2031)
	at org.eclipse.jdt.core.dom.ASTConverter.convertToParenthesizedExpression(ASTConverter.java:3795)
	at org.eclipse.jdt.core.dom.ASTConverter.convert(ASTConverter.java:1943)
	at org.eclipse.jdt.core.dom.ASTConverter.convert(ASTConverter.java:1204)
	at org.eclipse.jdt.core.dom.ASTConverter.convert(ASTConverter.java:1974)
	at org.eclipse.jdt.core.dom.ASTConverter.convert(ASTConverter.java:3052)
	at org.eclipse.jdt.core.dom.ASTConverter.convert(ASTConverter.java:751)
	at org.eclipse.jdt.core.dom.ASTConverter.buildBodyDeclarations(ASTConverter.java:208)
	at org.eclipse.jdt.core.dom.ASTConverter.convert(ASTConverter.java:3347)
	at org.eclipse.jdt.core.dom.ASTConverter.convert(ASTConverter.java:1524)
	at org.eclipse.jdt.core.dom.AST.convertCompilationUnit(AST.java:494)
	at org.eclipse.jdt.internal.core.CompilationUnit.buildStructure(CompilationUnit.java:201)
	at org.eclipse.jdt.internal.core.Openable.generateInfos(Openable.java:266)
	at org.eclipse.jdt.internal.core.JavaElement.openWhenClosed(JavaElement.java:597)
	at org.eclipse.jdt.internal.core.CompilationUnit.makeConsistent(CompilationUnit.java:1142)
	at org.eclipse.jdt.internal.core.ReconcileWorkingCopyOperation.makeConsistent(ReconcileWorkingCopyOperation.java:173)
	at org.eclipse.jdt.internal.core.ReconcileWorkingCopyOperation.executeOperation(ReconcileWorkingCopyOperation.java:94)
	at org.eclipse.jdt.internal.core.JavaModelOperation.run(JavaModelOperation.java:740)
	at org.eclipse.jdt.internal.core.JavaModelOperation.runOperation(JavaModelOperation.java:806)
	at org.eclipse.jdt.internal.core.CompilationUnit.reconcile(CompilationUnit.java:1319)
	at org.eclipse.jdt.internal.ui.text.java.JavaReconcilingStrategy.reconcile(JavaReconcilingStrategy.java:131)
	at org.eclipse.jdt.internal.ui.text.java.JavaReconcilingStrategy.access$0(JavaReconcilingStrategy.java:113)
	at org.eclipse.jdt.internal.ui.text.java.JavaReconcilingStrategy$1.run(JavaReconcilingStrategy.java:93)
	at org.eclipse.core.runtime.SafeRunner.run(SafeRunner.java:45)
	at org.eclipse.jdt.internal.ui.text.java.JavaReconcilingStrategy.reconcile(JavaReconcilingStrategy.java:90)
	at org.eclipse.jdt.internal.ui.text.java.JavaReconcilingStrategy.reconcile(JavaReconcilingStrategy.java:157)
	at org.eclipse.jdt.internal.ui.text.CompositeReconcilingStrategy.reconcile(CompositeReconcilingStrategy.java:94)
	at org.eclipse.jdt.internal.ui.text.JavaCompositeReconcilingStrategy.reconcile(JavaCompositeReconcilingStrategy.java:107)
	at org.eclipse.jface.text.reconciler.MonoReconciler.process(MonoReconciler.java:76)
	at org.eclipse.jface.text.reconciler.AbstractReconciler$BackgroundThread.run(AbstractReconciler.java:210)

!ENTRY org.eclipse.jdt.core 4 4 2026-07-06 16:49:28.435
!MESSAGE Exception occurred during compilation unit conversion:
----------------------------------- SOURCE BEGIN -------------------------------------

public class OperEX05 {

	public static void main(String[] args) {
        int a = 1_000_000; // 백만 : 1,000,000
        int b = 2_000_000; // 이백만 : 2,000,000
        
        // int = (int * int) => 결과가 int형이기 떄문에 (-1454759936)
        
        // 변수 a 또는 b의 타입을 long으로 형변환해야한다.
        
        //long c = 1000000L * b;
        // long c =(long) a * 2000000L; 이런식으로 해도 밑에와 같은 값이나온다.
        long c =(long) a * b;
        System.out.println(c);
        
        long k = long(1_000_000 *  1_000_000;
        long m = 1_000_000 *  1_000_000L;
        
        System.out.println(k);
        System.out.println(m);

	}

}

----------------------------------- SOURCE END -------------------------------------
!STACK 0
java.lang.IllegalArgumentException
	at org.eclipse.jdt.core.dom.InfixExpression.setOperator(InfixExpression.java:383)
	at org.eclipse.jdt.core.dom.ASTConverter.convert(ASTConverter.java:1287)
	at org.eclipse.jdt.core.dom.ASTConverter.convert(ASTConverter.java:2031)
	at org.eclipse.jdt.core.dom.ASTConverter.convertToParenthesizedExpression(ASTConverter.java:3795)
	at org.eclipse.jdt.core.dom.ASTConverter.convert(ASTConverter.java:1943)
	at org.eclipse.jdt.core.dom.ASTConverter.convert(ASTConverter.java:1204)
	at org.eclipse.jdt.core.dom.ASTConverter.convert(ASTConverter.java:1974)
	at org.eclipse.jdt.core.dom.ASTConverter.convert(ASTConverter.java:3052)
	at org.eclipse.jdt.core.dom.ASTConverter.convert(ASTConverter.java:751)
	at org.eclipse.jdt.core.dom.ASTConverter.buildBodyDeclarations(ASTConverter.java:208)
	at org.eclipse.jdt.core.dom.ASTConverter.convert(ASTConverter.java:3347)
	at org.eclipse.jdt.core.dom.ASTConverter.convert(ASTConverter.java:1524)
	at org.eclipse.jdt.core.dom.CompilationUnitResolver.convert(CompilationUnitResolver.java:323)
	at org.eclipse.jdt.core.dom.ASTParser.internalCreateAST(ASTParser.java:1231)
	at org.eclipse.jdt.core.dom.ASTParser.createAST(ASTParser.java:820)
	at org.eclipse.jdt.core.manipulation.CoreASTProvider$1.run(CoreASTProvider.java:272)
	at org.eclipse.core.runtime.SafeRunner.run(SafeRunner.java:45)
	at org.eclipse.jdt.core.manipulation.CoreASTProvider.createAST(CoreASTProvider.java:264)
	at org.eclipse.jdt.core.manipulation.CoreASTProvider.getAST(CoreASTProvider.java:197)
	at org.eclipse.jdt.core.manipulation.SharedASTProviderCore.getAST(SharedASTProviderCore.java:138)
	at org.eclipse.jdt.internal.ui.viewsupport.SelectionListenerWithASTManager$PartListenerGroup.calculateASTandInform(SelectionListenerWithASTManager.java:166)
	at org.eclipse.jdt.internal.ui.viewsupport.SelectionListenerWithASTManager$PartListenerGroup$1.run(SelectionListenerWithASTManager.java:151)
	at org.eclipse.core.internal.jobs.Worker.run(Worker.java:63)

!ENTRY org.eclipse.jdt.core.manipulation 4 2 2026-07-06 16:49:28.436
!MESSAGE Problems occurred when invoking code from plug-in: "org.eclipse.jdt.core.manipulation".
!STACK 0
java.lang.IllegalArgumentException
	at org.eclipse.jdt.core.dom.InfixExpression.setOperator(InfixExpression.java:383)
	at org.eclipse.jdt.core.dom.ASTConverter.convert(ASTConverter.java:1287)
	at org.eclipse.jdt.core.dom.ASTConverter.convert(ASTConverter.java:2031)
	at org.eclipse.jdt.core.dom.ASTConverter.convertToParenthesizedExpression(ASTConverter.java:3795)
	at org.eclipse.jdt.core.dom.ASTConverter.convert(ASTConverter.java:1943)
	at org.eclipse.jdt.core.dom.ASTConverter.convert(ASTConverter.java:1204)
	at org.eclipse.jdt.core.dom.ASTConverter.convert(ASTConverter.java:1974)
	at org.eclipse.jdt.core.dom.ASTConverter.convert(ASTConverter.java:3052)
	at org.eclipse.jdt.core.dom.ASTConverter.convert(ASTConverter.java:751)
	at org.eclipse.jdt.core.dom.ASTConverter.buildBodyDeclarations(ASTConverter.java:208)
	at org.eclipse.jdt.core.dom.ASTConverter.convert(ASTConverter.java:3347)
	at org.eclipse.jdt.core.dom.ASTConverter.convert(ASTConverter.java:1524)
	at org.eclipse.jdt.core.dom.CompilationUnitResolver.convert(CompilationUnitResolver.java:323)
	at org.eclipse.jdt.core.dom.ASTParser.internalCreateAST(ASTParser.java:1231)
	at org.eclipse.jdt.core.dom.ASTParser.createAST(ASTParser.java:820)
	at org.eclipse.jdt.core.manipulation.CoreASTProvider$1.run(CoreASTProvider.java:272)
	at org.eclipse.core.runtime.SafeRunner.run(SafeRunner.java:45)
	at org.eclipse.jdt.core.manipulation.CoreASTProvider.createAST(CoreASTProvider.java:264)
	at org.eclipse.jdt.core.manipulation.CoreASTProvider.getAST(CoreASTProvider.java:197)
	at org.eclipse.jdt.core.manipulation.SharedASTProviderCore.getAST(SharedASTProviderCore.java:138)
	at org.eclipse.jdt.internal.ui.viewsupport.SelectionListenerWithASTManager$PartListenerGroup.calculateASTandInform(SelectionListenerWithASTManager.java:166)
	at org.eclipse.jdt.internal.ui.viewsupport.SelectionListenerWithASTManager$PartListenerGroup$1.run(SelectionListenerWithASTManager.java:151)
	at org.eclipse.core.internal.jobs.Worker.run(Worker.java:63)

!ENTRY org.eclipse.jdt.core.manipulation 4 0 2026-07-06 16:49:28.437
!MESSAGE Error in JDT Core during AST creation
!STACK 0
java.lang.IllegalArgumentException
	at org.eclipse.jdt.core.dom.InfixExpression.setOperator(InfixExpression.java:383)
	at org.eclipse.jdt.core.dom.ASTConverter.convert(ASTConverter.java:1287)
	at org.eclipse.jdt.core.dom.ASTConverter.convert(ASTConverter.java:2031)
	at org.eclipse.jdt.core.dom.ASTConverter.convertToParenthesizedExpression(ASTConverter.java:3795)
	at org.eclipse.jdt.core.dom.ASTConverter.convert(ASTConverter.java:1943)
	at org.eclipse.jdt.core.dom.ASTConverter.convert(ASTConverter.java:1204)
	at org.eclipse.jdt.core.dom.ASTConverter.convert(ASTConverter.java:1974)
	at org.eclipse.jdt.core.dom.ASTConverter.convert(ASTConverter.java:3052)
	at org.eclipse.jdt.core.dom.ASTConverter.convert(ASTConverter.java:751)
	at org.eclipse.jdt.core.dom.ASTConverter.buildBodyDeclarations(ASTConverter.java:208)
	at org.eclipse.jdt.core.dom.ASTConverter.convert(ASTConverter.java:3347)
	at org.eclipse.jdt.core.dom.ASTConverter.convert(ASTConverter.java:1524)
	at org.eclipse.jdt.core.dom.CompilationUnitResolver.convert(CompilationUnitResolver.java:323)
	at org.eclipse.jdt.core.dom.ASTParser.internalCreateAST(ASTParser.java:1231)
	at org.eclipse.jdt.core.dom.ASTParser.createAST(ASTParser.java:820)
	at org.eclipse.jdt.core.manipulation.CoreASTProvider$1.run(CoreASTProvider.java:272)
	at org.eclipse.core.runtime.SafeRunner.run(SafeRunner.java:45)
	at org.eclipse.jdt.core.manipulation.CoreASTProvider.createAST(CoreASTProvider.java:264)
	at org.eclipse.jdt.core.manipulation.CoreASTProvider.getAST(CoreASTProvider.java:197)
	at org.eclipse.jdt.core.manipulation.SharedASTProviderCore.getAST(SharedASTProviderCore.java:138)
	at org.eclipse.jdt.internal.ui.viewsupport.SelectionListenerWithASTManager$PartListenerGroup.calculateASTandInform(SelectionListenerWithASTManager.java:166)
	at org.eclipse.jdt.internal.ui.viewsupport.SelectionListenerWithASTManager$PartListenerGroup$1.run(SelectionListenerWithASTManager.java:151)
	at org.eclipse.core.internal.jobs.Worker.run(Worker.java:63)

!ENTRY org.eclipse.jdt.core 4 4 2026-07-06 16:49:30.117
!MESSAGE Exception occurred during compilation unit conversion:
----------------------------------- SOURCE BEGIN -------------------------------------

public class OperEX05 {

	public static void main(String[] args) {
        int a = 1_000_000; // 백만 : 1,000,000
        int b = 2_000_000; // 이백만 : 2,000,000
        
        // int = (int * int) => 결과가 int형이기 떄문에 (-1454759936)
        
        // 변수 a 또는 b의 타입을 long으로 형변환해야한다.
        
        //long c = 1000000L * b;
        // long c =(long) a * 2000000L; 이런식으로 해도 밑에와 같은 값이나온다.
        long c =(long) a * b;
        System.out.println(c);
        
        long k = long(1_000_000 *  1_000_000;
        long m = 1_000_000 *  1_000_000L;
        
        System.out.println(k);
        System.out.println(m);

	}

}

----------------------------------- SOURCE END -------------------------------------
!STACK 0
java.lang.IllegalArgumentException
	at org.eclipse.jdt.core.dom.InfixExpression.setOperator(InfixExpression.java:383)
	at org.eclipse.jdt.core.dom.ASTConverter.convert(ASTConverter.java:1287)
	at org.eclipse.jdt.core.dom.ASTConverter.convert(ASTConverter.java:2031)
	at org.eclipse.jdt.core.dom.ASTConverter.convertToParenthesizedExpression(ASTConverter.java:3795)
	at org.eclipse.jdt.core.dom.ASTConverter.convert(ASTConverter.java:1943)
	at org.eclipse.jdt.core.dom.ASTConverter.convert(ASTConverter.java:1204)
	at org.eclipse.jdt.core.dom.ASTConverter.convert(ASTConverter.java:1974)
	at org.eclipse.jdt.core.dom.ASTConverter.convert(ASTConverter.java:3052)
	at org.eclipse.jdt.core.dom.ASTConverter.convert(ASTConverter.java:751)
	at org.eclipse.jdt.core.dom.ASTConverter.buildBodyDeclarations(ASTConverter.java:208)
	at org.eclipse.jdt.core.dom.ASTConverter.convert(ASTConverter.java:3347)
	at org.eclipse.jdt.core.dom.ASTConverter.convert(ASTConverter.java:1524)
	at org.eclipse.jdt.core.dom.CompilationUnitResolver.convert(CompilationUnitResolver.java:323)
	at org.eclipse.jdt.core.dom.ASTParser.internalCreateAST(ASTParser.java:1231)
	at org.eclipse.jdt.core.dom.ASTParser.createAST(ASTParser.java:820)
	at org.eclipse.jdt.core.manipulation.CoreASTProvider$1.run(CoreASTProvider.java:272)
	at org.eclipse.core.runtime.SafeRunner.run(SafeRunner.java:45)
	at org.eclipse.jdt.core.manipulation.CoreASTProvider.createAST(CoreASTProvider.java:264)
	at org.eclipse.jdt.core.manipulation.CoreASTProvider.getAST(CoreASTProvider.java:197)
	at org.eclipse.jdt.core.manipulation.SharedASTProviderCore.getAST(SharedASTProviderCore.java:138)
	at org.eclipse.jdt.internal.ui.viewsupport.SelectionListenerWithASTManager$PartListenerGroup.calculateASTandInform(SelectionListenerWithASTManager.java:166)
	at org.eclipse.jdt.internal.ui.viewsupport.SelectionListenerWithASTManager$PartListenerGroup$1.run(SelectionListenerWithASTManager.java:151)
	at org.eclipse.core.internal.jobs.Worker.run(Worker.java:63)

!ENTRY org.eclipse.jdt.core.manipulation 4 2 2026-07-06 16:49:30.117
!MESSAGE Problems occurred when invoking code from plug-in: "org.eclipse.jdt.core.manipulation".
!STACK 0
java.lang.IllegalArgumentException
	at org.eclipse.jdt.core.dom.InfixExpression.setOperator(InfixExpression.java:383)
	at org.eclipse.jdt.core.dom.ASTConverter.convert(ASTConverter.java:1287)
	at org.eclipse.jdt.core.dom.ASTConverter.convert(ASTConverter.java:2031)
	at org.eclipse.jdt.core.dom.ASTConverter.convertToParenthesizedExpression(ASTConverter.java:3795)
	at org.eclipse.jdt.core.dom.ASTConverter.convert(ASTConverter.java:1943)
	at org.eclipse.jdt.core.dom.ASTConverter.convert(ASTConverter.java:1204)
	at org.eclipse.jdt.core.dom.ASTConverter.convert(ASTConverter.java:1974)
	at org.eclipse.jdt.core.dom.ASTConverter.convert(ASTConverter.java:3052)
	at org.eclipse.jdt.core.dom.ASTConverter.convert(ASTConverter.java:751)
	at org.eclipse.jdt.core.dom.ASTConverter.buildBodyDeclarations(ASTConverter.java:208)
	at org.eclipse.jdt.core.dom.ASTConverter.convert(ASTConverter.java:3347)
	at org.eclipse.jdt.core.dom.ASTConverter.convert(ASTConverter.java:1524)
	at org.eclipse.jdt.core.dom.CompilationUnitResolver.convert(CompilationUnitResolver.java:323)
	at org.eclipse.jdt.core.dom.ASTParser.internalCreateAST(ASTParser.java:1231)
	at org.eclipse.jdt.core.dom.ASTParser.createAST(ASTParser.java:820)
	at org.eclipse.jdt.core.manipulation.CoreASTProvider$1.run(CoreASTProvider.java:272)
	at org.eclipse.core.runtime.SafeRunner.run(SafeRunner.java:45)
	at org.eclipse.jdt.core.manipulation.CoreASTProvider.createAST(CoreASTProvider.java:264)
	at org.eclipse.jdt.core.manipulation.CoreASTProvider.getAST(CoreASTProvider.java:197)
	at org.eclipse.jdt.core.manipulation.SharedASTProviderCore.getAST(SharedASTProviderCore.java:138)
	at org.eclipse.jdt.internal.ui.viewsupport.SelectionListenerWithASTManager$PartListenerGroup.calculateASTandInform(SelectionListenerWithASTManager.java:166)
	at org.eclipse.jdt.internal.ui.viewsupport.SelectionListenerWithASTManager$PartListenerGroup$1.run(SelectionListenerWithASTManager.java:151)
	at org.eclipse.core.internal.jobs.Worker.run(Worker.java:63)

!ENTRY org.eclipse.jdt.core.manipulation 4 0 2026-07-06 16:49:30.118
!MESSAGE Error in JDT Core during AST creation
!STACK 0
java.lang.IllegalArgumentException
	at org.eclipse.jdt.core.dom.InfixExpression.setOperator(InfixExpression.java:383)
	at org.eclipse.jdt.core.dom.ASTConverter.convert(ASTConverter.java:1287)
	at org.eclipse.jdt.core.dom.ASTConverter.convert(ASTConverter.java:2031)
	at org.eclipse.jdt.core.dom.ASTConverter.convertToParenthesizedExpression(ASTConverter.java:3795)
	at org.eclipse.jdt.core.dom.ASTConverter.convert(ASTConverter.java:1943)
	at org.eclipse.jdt.core.dom.ASTConverter.convert(ASTConverter.java:1204)
	at org.eclipse.jdt.core.dom.ASTConverter.convert(ASTConverter.java:1974)
	at org.eclipse.jdt.core.dom.ASTConverter.convert(ASTConverter.java:3052)
	at org.eclipse.jdt.core.dom.ASTConverter.convert(ASTConverter.java:751)
	at org.eclipse.jdt.core.dom.ASTConverter.buildBodyDeclarations(ASTConverter.java:208)
	at org.eclipse.jdt.core.dom.ASTConverter.convert(ASTConverter.java:3347)
	at org.eclipse.jdt.core.dom.ASTConverter.convert(ASTConverter.java:1524)
	at org.eclipse.jdt.core.dom.CompilationUnitResolver.convert(CompilationUnitResolver.java:323)
	at org.eclipse.jdt.core.dom.ASTParser.internalCreateAST(ASTParser.java:1231)
	at org.eclipse.jdt.core.dom.ASTParser.createAST(ASTParser.java:820)
	at org.eclipse.jdt.core.manipulation.CoreASTProvider$1.run(CoreASTProvider.java:272)
	at org.eclipse.core.runtime.SafeRunner.run(SafeRunner.java:45)
	at org.eclipse.jdt.core.manipulation.CoreASTProvider.createAST(CoreASTProvider.java:264)
	at org.eclipse.jdt.core.manipulation.CoreASTProvider.getAST(CoreASTProvider.java:197)
	at org.eclipse.jdt.core.manipulation.SharedASTProviderCore.getAST(SharedASTProviderCore.java:138)
	at org.eclipse.jdt.internal.ui.viewsupport.SelectionListenerWithASTManager$PartListenerGroup.calculateASTandInform(SelectionListenerWithASTManager.java:166)
	at org.eclipse.jdt.internal.ui.viewsupport.SelectionListenerWithASTManager$PartListenerGroup$1.run(SelectionListenerWithASTManager.java:151)
	at org.eclipse.core.internal.jobs.Worker.run(Worker.java:63)
!SESSION 2026-07-07 16:31:09.349 -----------------------------------------------
eclipse.buildId=4.20.0.I20210611-1600
java.version=16.0.1
java.vendor=Oracle Corporation
BootLoader constants: OS=win32, ARCH=x86_64, WS=win32, NL=ko_KR
Framework arguments:  -product org.eclipse.epp.package.java.product
Command-line arguments:  -os win32 -ws win32 -arch x86_64 -product org.eclipse.epp.package.java.product

!ENTRY org.eclipse.jface 2 0 2026-07-07 16:31:13.881
!MESSAGE Keybinding conflicts occurred.  They may interfere with normal accelerator operation.
!SUBENTRY 1 org.eclipse.jface 2 0 2026-07-07 16:31:13.881
!MESSAGE A conflict occurred for CTRL+SHIFT+T:
Binding(CTRL+SHIFT+T,
	ParameterizedCommand(Command(org.eclipse.jdt.ui.navigate.open.type,Open Type,
		Open a type in a Java editor,
		Category(org.eclipse.ui.category.navigate,Navigate,null,true),
		org.eclipse.ui.internal.WorkbenchHandlerServiceHandler@31443680,
		,,true),null),
	org.eclipse.ui.defaultAcceleratorConfiguration,
	org.eclipse.ui.contexts.window,,,system)
Binding(CTRL+SHIFT+T,
	ParameterizedCommand(Command(org.eclipse.lsp4e.symbolinworkspace,Go to Symbol in Workspace,
		,
		Category(org.eclipse.lsp4e.category,Language Servers,null,true),
		org.eclipse.ui.internal.WorkbenchHandlerServiceHandler@33356666,
		,,true),null),
	org.eclipse.ui.defaultAcceleratorConfiguration,
	org.eclipse.ui.contexts.window,,,system)

!ENTRY org.eclipse.egit.ui 2 0 2026-07-07 16:31:17.224
!MESSAGE Warning: The environment variable HOME is not set. The following directory will be used to store the Git
user global configuration and to define the default location to store repositories: 'C:\Users\USER'. If this is
not correct please set the HOME environment variable and restart Eclipse. Otherwise Git for Windows and
EGit might behave differently since they see different configuration options.
This warning can be switched off on the Team > Git > Confirmations and Warnings preference page.
!SESSION 2026-07-08 14:33:35.558 -----------------------------------------------
eclipse.buildId=4.20.0.I20210611-1600
java.version=16.0.1
java.vendor=Oracle Corporation
BootLoader constants: OS=win32, ARCH=x86_64, WS=win32, NL=ko_KR
Framework arguments:  -product org.eclipse.epp.package.java.product
Command-line arguments:  -os win32 -ws win32 -arch x86_64 -product org.eclipse.epp.package.java.product

!ENTRY org.eclipse.jface 2 0 2026-07-08 14:33:42.468
!MESSAGE Keybinding conflicts occurred.  They may interfere with normal accelerator operation.
!SUBENTRY 1 org.eclipse.jface 2 0 2026-07-08 14:33:42.468
!MESSAGE A conflict occurred for CTRL+SHIFT+T:
Binding(CTRL+SHIFT+T,
	ParameterizedCommand(Command(org.eclipse.jdt.ui.navigate.open.type,Open Type,
		Open a type in a Java editor,
		Category(org.eclipse.ui.category.navigate,Navigate,null,true),
		org.eclipse.ui.internal.WorkbenchHandlerServiceHandler@3a988299,
		,,true),null),
	org.eclipse.ui.defaultAcceleratorConfiguration,
	org.eclipse.ui.contexts.window,,,system)
Binding(CTRL+SHIFT+T,
	ParameterizedCommand(Command(org.eclipse.lsp4e.symbolinworkspace,Go to Symbol in Workspace,
		,
		Category(org.eclipse.lsp4e.category,Language Servers,null,true),
		org.eclipse.ui.internal.WorkbenchHandlerServiceHandler@878feb2,
		,,true),null),
	org.eclipse.ui.defaultAcceleratorConfiguration,
	org.eclipse.ui.contexts.window,,,system)

!ENTRY org.eclipse.egit.ui 2 0 2026-07-08 14:33:45.580
!MESSAGE Warning: The environment variable HOME is not set. The following directory will be used to store the Git
user global configuration and to define the default location to store repositories: 'C:\Users\USER'. If this is
not correct please set the HOME environment variable and restart Eclipse. Otherwise Git for Windows and
EGit might behave differently since they see different configuration options.
This warning can be switched off on the Team > Git > Confirmations and Warnings preference page.
!SESSION 2026-07-10 14:32:20.481 -----------------------------------------------
eclipse.buildId=4.20.0.I20210611-1600
java.version=16.0.1
java.vendor=Oracle Corporation
BootLoader constants: OS=win32, ARCH=x86_64, WS=win32, NL=ko_KR
Framework arguments:  -product org.eclipse.epp.package.java.product
Command-line arguments:  -os win32 -ws win32 -arch x86_64 -product org.eclipse.epp.package.java.product

!ENTRY org.eclipse.core.resources 2 10035 2026-07-10 14:32:27.011
!MESSAGE The workspace exited with unsaved changes in the previous session; refreshing workspace to recover changes.

!ENTRY org.eclipse.jface 2 0 2026-07-10 14:32:28.906
!MESSAGE Keybinding conflicts occurred.  They may interfere with normal accelerator operation.
!SUBENTRY 1 org.eclipse.jface 2 0 2026-07-10 14:32:28.906
!MESSAGE A conflict occurred for CTRL+SHIFT+T:
Binding(CTRL+SHIFT+T,
	ParameterizedCommand(Command(org.eclipse.jdt.ui.navigate.open.type,Open Type,
		Open a type in a Java editor,
		Category(org.eclipse.ui.category.navigate,Navigate,null,true),
		org.eclipse.ui.internal.WorkbenchHandlerServiceHandler@7252bdb,
		,,true),null),
	org.eclipse.ui.defaultAcceleratorConfiguration,
	org.eclipse.ui.contexts.window,,,system)
Binding(CTRL+SHIFT+T,
	ParameterizedCommand(Command(org.eclipse.lsp4e.symbolinworkspace,Go to Symbol in Workspace,
		,
		Category(org.eclipse.lsp4e.category,Language Servers,null,true),
		org.eclipse.ui.internal.WorkbenchHandlerServiceHandler@25ea068e,
		,,true),null),
	org.eclipse.ui.defaultAcceleratorConfiguration,
	org.eclipse.ui.contexts.window,,,system)

!ENTRY org.eclipse.egit.ui 2 0 2026-07-10 14:32:32.359
!MESSAGE Warning: The environment variable HOME is not set. The following directory will be used to store the Git
user global configuration and to define the default location to store repositories: 'C:\Users\USER'. If this is
not correct please set the HOME environment variable and restart Eclipse. Otherwise Git for Windows and
EGit might behave differently since they see different configuration options.
This warning can be switched off on the Team > Git > Confirmations and Warnings preference page.
!SESSION 2026-07-10 14:43:14.286 -----------------------------------------------
eclipse.buildId=4.20.0.I20210611-1600
java.version=16.0.1
java.vendor=Oracle Corporation
BootLoader constants: OS=win32, ARCH=x86_64, WS=win32, NL=ko_KR
Framework arguments:  -product org.eclipse.epp.package.java.product
Command-line arguments:  -os win32 -ws win32 -arch x86_64 -product org.eclipse.epp.package.java.product

!ENTRY org.eclipse.jface 2 0 2026-07-10 14:43:18.960
!MESSAGE Keybinding conflicts occurred.  They may interfere with normal accelerator operation.
!SUBENTRY 1 org.eclipse.jface 2 0 2026-07-10 14:43:18.960
!MESSAGE A conflict occurred for CTRL+SHIFT+T:
Binding(CTRL+SHIFT+T,
	ParameterizedCommand(Command(org.eclipse.jdt.ui.navigate.open.type,Open Type,
		Open a type in a Java editor,
		Category(org.eclipse.ui.category.navigate,Navigate,null,true),
		org.eclipse.ui.internal.WorkbenchHandlerServiceHandler@2d4a0671,
		,,true),null),
	org.eclipse.ui.defaultAcceleratorConfiguration,
	org.eclipse.ui.contexts.window,,,system)
Binding(CTRL+SHIFT+T,
	ParameterizedCommand(Command(org.eclipse.lsp4e.symbolinworkspace,Go to Symbol in Workspace,
		,
		Category(org.eclipse.lsp4e.category,Language Servers,null,true),
		org.eclipse.ui.internal.WorkbenchHandlerServiceHandler@1ab9c735,
		,,true),null),
	org.eclipse.ui.defaultAcceleratorConfiguration,
	org.eclipse.ui.contexts.window,,,system)

!ENTRY org.eclipse.egit.ui 2 0 2026-07-10 14:43:22.109
!MESSAGE Warning: The environment variable HOME is not set. The following directory will be used to store the Git
user global configuration and to define the default location to store repositories: 'C:\Users\USER'. If this is
not correct please set the HOME environment variable and restart Eclipse. Otherwise Git for Windows and
EGit might behave differently since they see different configuration options.
This warning can be switched off on the Team > Git > Confirmations and Warnings preference page.
!SESSION 2026-07-10 14:45:13.433 -----------------------------------------------
eclipse.buildId=4.20.0.I20210611-1600
java.version=16.0.1
java.vendor=Oracle Corporation
BootLoader constants: OS=win32, ARCH=x86_64, WS=win32, NL=ko_KR
Framework arguments:  -product org.eclipse.epp.package.java.product
Command-line arguments:  -os win32 -ws win32 -arch x86_64 -product org.eclipse.epp.package.java.product

!ENTRY org.eclipse.jface 2 0 2026-07-10 14:45:21.122
!MESSAGE Keybinding conflicts occurred.  They may interfere with normal accelerator operation.
!SUBENTRY 1 org.eclipse.jface 2 0 2026-07-10 14:45:21.122
!MESSAGE A conflict occurred for CTRL+SHIFT+T:
Binding(CTRL+SHIFT+T,
	ParameterizedCommand(Command(org.eclipse.jdt.ui.navigate.open.type,Open Type,
		Open a type in a Java editor,
		Category(org.eclipse.ui.category.navigate,Navigate,null,true),
		org.eclipse.ui.internal.WorkbenchHandlerServiceHandler@65b2ee36,
		,,true),null),
	org.eclipse.ui.defaultAcceleratorConfiguration,
	org.eclipse.ui.contexts.window,,,system)
Binding(CTRL+SHIFT+T,
	ParameterizedCommand(Command(org.eclipse.lsp4e.symbolinworkspace,Go to Symbol in Workspace,
		,
		Category(org.eclipse.lsp4e.category,Language Servers,null,true),
		org.eclipse.ui.internal.WorkbenchHandlerServiceHandler@28e91f6d,
		,,true),null),
	org.eclipse.ui.defaultAcceleratorConfiguration,
	org.eclipse.ui.contexts.window,,,system)

!ENTRY org.eclipse.egit.ui 2 0 2026-07-10 14:45:24.196
!MESSAGE Warning: The environment variable HOME is not set. The following directory will be used to store the Git
user global configuration and to define the default location to store repositories: 'C:\Users\USER'. If this is
not correct please set the HOME environment variable and restart Eclipse. Otherwise Git for Windows and
EGit might behave differently since they see different configuration options.
This warning can be switched off on the Team > Git > Confirmations and Warnings preference page.
!SESSION 2026-07-10 18:06:24.990 -----------------------------------------------
eclipse.buildId=4.20.0.I20210611-1600
java.version=16.0.1
java.vendor=Oracle Corporation
BootLoader constants: OS=win32, ARCH=x86_64, WS=win32, NL=ko_KR
Framework arguments:  -product org.eclipse.epp.package.java.product
Command-line arguments:  -os win32 -ws win32 -arch x86_64 -product org.eclipse.epp.package.java.product

!ENTRY org.eclipse.jface 2 0 2026-07-10 18:06:29.951
!MESSAGE Keybinding conflicts occurred.  They may interfere with normal accelerator operation.
!SUBENTRY 1 org.eclipse.jface 2 0 2026-07-10 18:06:29.951
!MESSAGE A conflict occurred for CTRL+SHIFT+T:
Binding(CTRL+SHIFT+T,
	ParameterizedCommand(Command(org.eclipse.jdt.ui.navigate.open.type,Open Type,
		Open a type in a Java editor,
		Category(org.eclipse.ui.category.navigate,Navigate,null,true),
		org.eclipse.ui.internal.WorkbenchHandlerServiceHandler@63d3c9dc,
		,,true),null),
	org.eclipse.ui.defaultAcceleratorConfiguration,
	org.eclipse.ui.contexts.window,,,system)
Binding(CTRL+SHIFT+T,
	ParameterizedCommand(Command(org.eclipse.lsp4e.symbolinworkspace,Go to Symbol in Workspace,
		,
		Category(org.eclipse.lsp4e.category,Language Servers,null,true),
		org.eclipse.ui.internal.WorkbenchHandlerServiceHandler@3a1a0bc,
		,,true),null),
	org.eclipse.ui.defaultAcceleratorConfiguration,
	org.eclipse.ui.contexts.window,,,system)

!ENTRY org.eclipse.egit.ui 2 0 2026-07-10 18:06:32.928
!MESSAGE Warning: The environment variable HOME is not set. The following directory will be used to store the Git
user global configuration and to define the default location to store repositories: 'C:\Users\USER'. If this is
not correct please set the HOME environment variable and restart Eclipse. Otherwise Git for Windows and
EGit might behave differently since they see different configuration options.
This warning can be switched off on the Team > Git > Confirmations and Warnings preference page.
!SESSION 2026-07-13 14:29:37.406 -----------------------------------------------
eclipse.buildId=4.20.0.I20210611-1600
java.version=16.0.1
java.vendor=Oracle Corporation
BootLoader constants: OS=win32, ARCH=x86_64, WS=win32, NL=ko_KR
Framework arguments:  -product org.eclipse.epp.package.java.product
Command-line arguments:  -os win32 -ws win32 -arch x86_64 -product org.eclipse.epp.package.java.product

!ENTRY org.eclipse.jface 2 0 2026-07-13 14:29:46.507
!MESSAGE Keybinding conflicts occurred.  They may interfere with normal accelerator operation.
!SUBENTRY 1 org.eclipse.jface 2 0 2026-07-13 14:29:46.507
!MESSAGE A conflict occurred for CTRL+SHIFT+T:
Binding(CTRL+SHIFT+T,
	ParameterizedCommand(Command(org.eclipse.jdt.ui.navigate.open.type,Open Type,
		Open a type in a Java editor,
		Category(org.eclipse.ui.category.navigate,Navigate,null,true),
		org.eclipse.ui.internal.WorkbenchHandlerServiceHandler@3bcedb06,
		,,true),null),
	org.eclipse.ui.defaultAcceleratorConfiguration,
	org.eclipse.ui.contexts.window,,,system)
Binding(CTRL+SHIFT+T,
	ParameterizedCommand(Command(org.eclipse.lsp4e.symbolinworkspace,Go to Symbol in Workspace,
		,
		Category(org.eclipse.lsp4e.category,Language Servers,null,true),
		org.eclipse.ui.internal.WorkbenchHandlerServiceHandler@6f9a3325,
		,,true),null),
	org.eclipse.ui.defaultAcceleratorConfiguration,
	org.eclipse.ui.contexts.window,,,system)

!ENTRY org.eclipse.egit.ui 2 0 2026-07-13 14:29:50.048
!MESSAGE Warning: The environment variable HOME is not set. The following directory will be used to store the Git
user global configuration and to define the default location to store repositories: 'C:\Users\USER'. If this is
not correct please set the HOME environment variable and restart Eclipse. Otherwise Git for Windows and
EGit might behave differently since they see different configuration options.
This warning can be switched off on the Team > Git > Confirmations and Warnings preference page.
!SESSION 2026-07-14 14:35:01.984 -----------------------------------------------
eclipse.buildId=4.20.0.I20210611-1600
java.version=16.0.1
java.vendor=Oracle Corporation
BootLoader constants: OS=win32, ARCH=x86_64, WS=win32, NL=ko_KR
Framework arguments:  -product org.eclipse.epp.package.java.product
Command-line arguments:  -os win32 -ws win32 -arch x86_64 -product org.eclipse.epp.package.java.product

!ENTRY org.eclipse.jface 2 0 2026-07-14 14:35:06.598
!MESSAGE Keybinding conflicts occurred.  They may interfere with normal accelerator operation.
!SUBENTRY 1 org.eclipse.jface 2 0 2026-07-14 14:35:06.598
!MESSAGE A conflict occurred for CTRL+SHIFT+T:
Binding(CTRL+SHIFT+T,
	ParameterizedCommand(Command(org.eclipse.jdt.ui.navigate.open.type,Open Type,
		Open a type in a Java editor,
		Category(org.eclipse.ui.category.navigate,Navigate,null,true),
		org.eclipse.ui.internal.WorkbenchHandlerServiceHandler@56f84c9b,
		,,true),null),
	org.eclipse.ui.defaultAcceleratorConfiguration,
	org.eclipse.ui.contexts.window,,,system)
Binding(CTRL+SHIFT+T,
	ParameterizedCommand(Command(org.eclipse.lsp4e.symbolinworkspace,Go to Symbol in Workspace,
		,
		Category(org.eclipse.lsp4e.category,Language Servers,null,true),
		org.eclipse.ui.internal.WorkbenchHandlerServiceHandler@26679788,
		,,true),null),
	org.eclipse.ui.defaultAcceleratorConfiguration,
	org.eclipse.ui.contexts.window,,,system)

!ENTRY org.eclipse.egit.ui 2 0 2026-07-14 14:35:09.987
!MESSAGE Warning: The environment variable HOME is not set. The following directory will be used to store the Git
user global configuration and to define the default location to store repositories: 'C:\Users\USER'. If this is
not correct please set the HOME environment variable and restart Eclipse. Otherwise Git for Windows and
EGit might behave differently since they see different configuration options.
This warning can be switched off on the Team > Git > Confirmations and Warnings preference page.
!SESSION 2026-07-15 14:43:17.616 -----------------------------------------------
eclipse.buildId=4.20.0.I20210611-1600
java.version=16.0.1
java.vendor=Oracle Corporation
BootLoader constants: OS=win32, ARCH=x86_64, WS=win32, NL=ko_KR
Framework arguments:  -product org.eclipse.epp.package.java.product
Command-line arguments:  -os win32 -ws win32 -arch x86_64 -product org.eclipse.epp.package.java.product

!ENTRY org.eclipse.jface 2 0 2026-07-15 14:43:23.753
!MESSAGE Keybinding conflicts occurred.  They may interfere with normal accelerator operation.
!SUBENTRY 1 org.eclipse.jface 2 0 2026-07-15 14:43:23.753
!MESSAGE A conflict occurred for CTRL+SHIFT+T:
Binding(CTRL+SHIFT+T,
	ParameterizedCommand(Command(org.eclipse.jdt.ui.navigate.open.type,Open Type,
		Open a type in a Java editor,
		Category(org.eclipse.ui.category.navigate,Navigate,null,true),
		org.eclipse.ui.internal.WorkbenchHandlerServiceHandler@1b5af65b,
		,,true),null),
	org.eclipse.ui.defaultAcceleratorConfiguration,
	org.eclipse.ui.contexts.window,,,system)
Binding(CTRL+SHIFT+T,
	ParameterizedCommand(Command(org.eclipse.lsp4e.symbolinworkspace,Go to Symbol in Workspace,
		,
		Category(org.eclipse.lsp4e.category,Language Servers,null,true),
		org.eclipse.ui.internal.WorkbenchHandlerServiceHandler@2e0163cb,
		,,true),null),
	org.eclipse.ui.defaultAcceleratorConfiguration,
	org.eclipse.ui.contexts.window,,,system)

!ENTRY org.eclipse.egit.ui 2 0 2026-07-15 14:43:27.215
!MESSAGE Warning: The environment variable HOME is not set. The following directory will be used to store the Git
user global configuration and to define the default location to store repositories: 'C:\Users\USER'. If this is
not correct please set the HOME environment variable and restart Eclipse. Otherwise Git for Windows and
EGit might behave differently since they see different configuration options.
This warning can be switched off on the Team > Git > Confirmations and Warnings preference page.

!ENTRY org.eclipse.jdt.core 4 4 2026-07-15 16:48:46.613
!MESSAGE Exception occurred during compilation unit conversion:
----------------------------------- SOURCE BEGIN -------------------------------------
package exam;
/*
 * 문]
 *  정수 3개를 입력받고, 3개의 숫자 중 
 *  중간크기의 수를 출력하는 프로그램을 구현하시오
 *  
 *  출력결과
 *  첫번쨰 수 : 20 
 *  두번쨰 수 : 100 
 *  세번쨰 수 : 33
 *  중간 값은 33
 *  
 */

import java.util.*;
public class IfEX04 {

	public static void main(String[] args) {
		Scanner sc = new Scanner(System.in);
		int n1, n2, n3;
		
		System.out.println("첫번쨰 수 :");
		n1 = sc.nextInt();
		System.out.println("두번쨰 수 :");
		n2 = sc.nextInt();
		System.out.println("세번쨰 수 :");
		n3 = sc.nextInt();
		
		int median = n1;// 처음 중간값을 n1으로 초기화 함

		if((n1 >= n2 && n1 <= n3 || (n1 >= n3 && n1 <= n2))
				((n1 >= n2 && n1 <= n3) || (n1 >= n3 && n1 <= n2)){// n1이 중간값이 될 수 있는 조건  
			median = n1;
		}else if ((n2) >= 100 || ( n3) <= 100)// n2가 중간값이 될 수 있는 조건
			median = n2;
	    //}else// 그외 중간값은 n3
	    	median = n3;
		//결과
		System.out.println("중간값은" +median);

}}

----------------------------------- SOURCE END -------------------------------------
!STACK 0
java.lang.IllegalArgumentException
	at org.eclipse.jdt.core.dom.InfixExpression.setOperator(InfixExpression.java:383)
	at org.eclipse.jdt.core.dom.ASTConverter.convert(ASTConverter.java:2664)
	at org.eclipse.jdt.core.dom.ASTConverter.convert(ASTConverter.java:2025)
	at org.eclipse.jdt.core.dom.ASTConverter.convertToParenthesizedExpression(ASTConverter.java:3795)
	at org.eclipse.jdt.core.dom.ASTConverter.convert(ASTConverter.java:1943)
	at org.eclipse.jdt.core.dom.ASTConverter.convert(ASTConverter.java:1204)
	at org.eclipse.jdt.core.dom.ASTConverter.convert(ASTConverter.java:1974)
	at org.eclipse.jdt.core.dom.ASTConverter.convert(ASTConverter.java:2213)
	at org.eclipse.jdt.core.dom.ASTConverter.convert(ASTConverter.java:2994)
	at org.eclipse.jdt.core.dom.ASTConverter.convert(ASTConverter.java:751)
	at org.eclipse.jdt.core.dom.ASTConverter.buildBodyDeclarations(ASTConverter.java:208)
	at org.eclipse.jdt.core.dom.ASTConverter.convert(ASTConverter.java:3347)
	at org.eclipse.jdt.core.dom.ASTConverter.convert(ASTConverter.java:1524)
	at org.eclipse.jdt.core.dom.AST.convertCompilationUnit(AST.java:494)
	at org.eclipse.jdt.internal.core.CompilationUnit.buildStructure(CompilationUnit.java:201)
	at org.eclipse.jdt.internal.core.Openable.generateInfos(Openable.java:266)
	at org.eclipse.jdt.internal.core.JavaElement.openWhenClosed(JavaElement.java:597)
	at org.eclipse.jdt.internal.core.CompilationUnit.makeConsistent(CompilationUnit.java:1142)
	at org.eclipse.jdt.internal.core.ReconcileWorkingCopyOperation.makeConsistent(ReconcileWorkingCopyOperation.java:173)
	at org.eclipse.jdt.internal.core.ReconcileWorkingCopyOperation.executeOperation(ReconcileWorkingCopyOperation.java:94)
	at org.eclipse.jdt.internal.core.JavaModelOperation.run(JavaModelOperation.java:740)
	at org.eclipse.jdt.internal.core.JavaModelOperation.runOperation(JavaModelOperation.java:806)
	at org.eclipse.jdt.internal.core.CompilationUnit.reconcile(CompilationUnit.java:1319)
	at org.eclipse.jdt.internal.ui.text.java.JavaReconcilingStrategy.reconcile(JavaReconcilingStrategy.java:131)
	at org.eclipse.jdt.internal.ui.text.java.JavaReconcilingStrategy.access$0(JavaReconcilingStrategy.java:113)
	at org.eclipse.jdt.internal.ui.text.java.JavaReconcilingStrategy$1.run(JavaReconcilingStrategy.java:93)
	at org.eclipse.core.runtime.SafeRunner.run(SafeRunner.java:45)
	at org.eclipse.jdt.internal.ui.text.java.JavaReconcilingStrategy.reconcile(JavaReconcilingStrategy.java:90)
	at org.eclipse.jdt.internal.ui.text.java.JavaReconcilingStrategy.reconcile(JavaReconcilingStrategy.java:157)
	at org.eclipse.jdt.internal.ui.text.CompositeReconcilingStrategy.reconcile(CompositeReconcilingStrategy.java:94)
	at org.eclipse.jdt.internal.ui.text.JavaCompositeReconcilingStrategy.reconcile(JavaCompositeReconcilingStrategy.java:107)
	at org.eclipse.jface.text.reconciler.MonoReconciler.process(MonoReconciler.java:76)
	at org.eclipse.jface.text.reconciler.AbstractReconciler$BackgroundThread.run(AbstractReconciler.java:210)

!ENTRY org.eclipse.jdt.ui 4 2 2026-07-15 16:48:46.615
!MESSAGE Problems occurred when invoking code from plug-in: "org.eclipse.jdt.ui".
!STACK 0
java.lang.IllegalArgumentException
	at org.eclipse.jdt.core.dom.InfixExpression.setOperator(InfixExpression.java:383)
	at org.eclipse.jdt.core.dom.ASTConverter.convert(ASTConverter.java:2664)
	at org.eclipse.jdt.core.dom.ASTConverter.convert(ASTConverter.java:2025)
	at org.eclipse.jdt.core.dom.ASTConverter.convertToParenthesizedExpression(ASTConverter.java:3795)
	at org.eclipse.jdt.core.dom.ASTConverter.convert(ASTConverter.java:1943)
	at org.eclipse.jdt.core.dom.ASTConverter.convert(ASTConverter.java:1204)
	at org.eclipse.jdt.core.dom.ASTConverter.convert(ASTConverter.java:1974)
	at org.eclipse.jdt.core.dom.ASTConverter.convert(ASTConverter.java:2213)
	at org.eclipse.jdt.core.dom.ASTConverter.convert(ASTConverter.java:2994)
	at org.eclipse.jdt.core.dom.ASTConverter.convert(ASTConverter.java:751)
	at org.eclipse.jdt.core.dom.ASTConverter.buildBodyDeclarations(ASTConverter.java:208)
	at org.eclipse.jdt.core.dom.ASTConverter.convert(ASTConverter.java:3347)
	at org.eclipse.jdt.core.dom.ASTConverter.convert(ASTConverter.java:1524)
	at org.eclipse.jdt.core.dom.AST.convertCompilationUnit(AST.java:494)
	at org.eclipse.jdt.internal.core.CompilationUnit.buildStructure(CompilationUnit.java:201)
	at org.eclipse.jdt.internal.core.Openable.generateInfos(Openable.java:266)
	at org.eclipse.jdt.internal.core.JavaElement.openWhenClosed(JavaElement.java:597)
	at org.eclipse.jdt.internal.core.CompilationUnit.makeConsistent(CompilationUnit.java:1142)
	at org.eclipse.jdt.internal.core.ReconcileWorkingCopyOperation.makeConsistent(ReconcileWorkingCopyOperation.java:173)
	at org.eclipse.jdt.internal.core.ReconcileWorkingCopyOperation.executeOperation(ReconcileWorkingCopyOperation.java:94)
	at org.eclipse.jdt.internal.core.JavaModelOperation.run(JavaModelOperation.java:740)
	at org.eclipse.jdt.internal.core.JavaModelOperation.runOperation(JavaModelOperation.java:806)
	at org.eclipse.jdt.internal.core.CompilationUnit.reconcile(CompilationUnit.java:1319)
	at org.eclipse.jdt.internal.ui.text.java.JavaReconcilingStrategy.reconcile(JavaReconcilingStrategy.java:131)
	at org.eclipse.jdt.internal.ui.text.java.JavaReconcilingStrategy.access$0(JavaReconcilingStrategy.java:113)
	at org.eclipse.jdt.internal.ui.text.java.JavaReconcilingStrategy$1.run(JavaReconcilingStrategy.java:93)
	at org.eclipse.core.runtime.SafeRunner.run(SafeRunner.java:45)
	at org.eclipse.jdt.internal.ui.text.java.JavaReconcilingStrategy.reconcile(JavaReconcilingStrategy.java:90)
	at org.eclipse.jdt.internal.ui.text.java.JavaReconcilingStrategy.reconcile(JavaReconcilingStrategy.java:157)
	at org.eclipse.jdt.internal.ui.text.CompositeReconcilingStrategy.reconcile(CompositeReconcilingStrategy.java:94)
	at org.eclipse.jdt.internal.ui.text.JavaCompositeReconcilingStrategy.reconcile(JavaCompositeReconcilingStrategy.java:107)
	at org.eclipse.jface.text.reconciler.MonoReconciler.process(MonoReconciler.java:76)
	at org.eclipse.jface.text.reconciler.AbstractReconciler$BackgroundThread.run(AbstractReconciler.java:210)

!ENTRY org.eclipse.jdt.ui 4 0 2026-07-15 16:48:46.615
!MESSAGE Error in JDT Core during reconcile
!STACK 0
java.lang.IllegalArgumentException
	at org.eclipse.jdt.core.dom.InfixExpression.setOperator(InfixExpression.java:383)
	at org.eclipse.jdt.core.dom.ASTConverter.convert(ASTConverter.java:2664)
	at org.eclipse.jdt.core.dom.ASTConverter.convert(ASTConverter.java:2025)
	at org.eclipse.jdt.core.dom.ASTConverter.convertToParenthesizedExpression(ASTConverter.java:3795)
	at org.eclipse.jdt.core.dom.ASTConverter.convert(ASTConverter.java:1943)
	at org.eclipse.jdt.core.dom.ASTConverter.convert(ASTConverter.java:1204)
	at org.eclipse.jdt.core.dom.ASTConverter.convert(ASTConverter.java:1974)
	at org.eclipse.jdt.core.dom.ASTConverter.convert(ASTConverter.java:2213)
	at org.eclipse.jdt.core.dom.ASTConverter.convert(ASTConverter.java:2994)
	at org.eclipse.jdt.core.dom.ASTConverter.convert(ASTConverter.java:751)
	at org.eclipse.jdt.core.dom.ASTConverter.buildBodyDeclarations(ASTConverter.java:208)
	at org.eclipse.jdt.core.dom.ASTConverter.convert(ASTConverter.java:3347)
	at org.eclipse.jdt.core.dom.ASTConverter.convert(ASTConverter.java:1524)
	at org.eclipse.jdt.core.dom.AST.convertCompilationUnit(AST.java:494)
	at org.eclipse.jdt.internal.core.CompilationUnit.buildStructure(CompilationUnit.java:201)
	at org.eclipse.jdt.internal.core.Openable.generateInfos(Openable.java:266)
	at org.eclipse.jdt.internal.core.JavaElement.openWhenClosed(JavaElement.java:597)
	at org.eclipse.jdt.internal.core.CompilationUnit.makeConsistent(CompilationUnit.java:1142)
	at org.eclipse.jdt.internal.core.ReconcileWorkingCopyOperation.makeConsistent(ReconcileWorkingCopyOperation.java:173)
	at org.eclipse.jdt.internal.core.ReconcileWorkingCopyOperation.executeOperation(ReconcileWorkingCopyOperation.java:94)
	at org.eclipse.jdt.internal.core.JavaModelOperation.run(JavaModelOperation.java:740)
	at org.eclipse.jdt.internal.core.JavaModelOperation.runOperation(JavaModelOperation.java:806)
	at org.eclipse.jdt.internal.core.CompilationUnit.reconcile(CompilationUnit.java:1319)
	at org.eclipse.jdt.internal.ui.text.java.JavaReconcilingStrategy.reconcile(JavaReconcilingStrategy.java:131)
	at org.eclipse.jdt.internal.ui.text.java.JavaReconcilingStrategy.access$0(JavaReconcilingStrategy.java:113)
	at org.eclipse.jdt.internal.ui.text.java.JavaReconcilingStrategy$1.run(JavaReconcilingStrategy.java:93)
	at org.eclipse.core.runtime.SafeRunner.run(SafeRunner.java:45)
	at org.eclipse.jdt.internal.ui.text.java.JavaReconcilingStrategy.reconcile(JavaReconcilingStrategy.java:90)
	at org.eclipse.jdt.internal.ui.text.java.JavaReconcilingStrategy.reconcile(JavaReconcilingStrategy.java:157)
	at org.eclipse.jdt.internal.ui.text.CompositeReconcilingStrategy.reconcile(CompositeReconcilingStrategy.java:94)
	at org.eclipse.jdt.internal.ui.text.JavaCompositeReconcilingStrategy.reconcile(JavaCompositeReconcilingStrategy.java:107)
	at org.eclipse.jface.text.reconciler.MonoReconciler.process(MonoReconciler.java:76)
	at org.eclipse.jface.text.reconciler.AbstractReconciler$BackgroundThread.run(AbstractReconciler.java:210)

!ENTRY org.eclipse.jdt.core 4 4 2026-07-15 16:48:47.239
!MESSAGE Exception occurred during compilation unit conversion:
----------------------------------- SOURCE BEGIN -------------------------------------
package exam;
/*
 * 문]
 *  정수 3개를 입력받고, 3개의 숫자 중 
 *  중간크기의 수를 출력하는 프로그램을 구현하시오
 *  
 *  출력결과
 *  첫번쨰 수 : 20 
 *  두번쨰 수 : 100 
 *  세번쨰 수 : 33
 *  중간 값은 33
 *  
 */

import java.util.*;
public class IfEX04 {

	public static void main(String[] args) {
		Scanner sc = new Scanner(System.in);
		int n1, n2, n3;
		
		System.out.println("첫번쨰 수 :");
		n1 = sc.nextInt();
		System.out.println("두번쨰 수 :");
		n2 = sc.nextInt();
		System.out.println("세번쨰 수 :");
		n3 = sc.nextInt();
		
		int median = n1;// 처음 중간값을 n1으로 초기화 함

		if((n1 >= n2 && n1 <= n3 || (n1 >= n3 && n1 <= n2))
				((n1 >= n2 && n1 <= n3) || (n1 >= n3 && n1 <= n2)){// n1이 중간값이 될 수 있는 조건  
			median = n1;
		}else if ((n2) >= 100 || ( n3) <= 100)// n2가 중간값이 될 수 있는 조건
			median = n2;
	    //}else// 그외 중간값은 n3
	    	median = n3;
		//결과
		System.out.println("중간값은" +median);

}}

----------------------------------- SOURCE END -------------------------------------
!STACK 0
java.lang.IllegalArgumentException
	at org.eclipse.jdt.core.dom.InfixExpression.setOperator(InfixExpression.java:383)
	at org.eclipse.jdt.core.dom.ASTConverter.convert(ASTConverter.java:2664)
	at org.eclipse.jdt.core.dom.ASTConverter.convert(ASTConverter.java:2025)
	at org.eclipse.jdt.core.dom.ASTConverter.convertToParenthesizedExpression(ASTConverter.java:3795)
	at org.eclipse.jdt.core.dom.ASTConverter.convert(ASTConverter.java:1943)
	at org.eclipse.jdt.core.dom.ASTConverter.convert(ASTConverter.java:1204)
	at org.eclipse.jdt.core.dom.ASTConverter.convert(ASTConverter.java:1974)
	at org.eclipse.jdt.core.dom.ASTConverter.convert(ASTConverter.java:2213)
	at org.eclipse.jdt.core.dom.ASTConverter.convert(ASTConverter.java:2994)
	at org.eclipse.jdt.core.dom.ASTConverter.convert(ASTConverter.java:751)
	at org.eclipse.jdt.core.dom.ASTConverter.buildBodyDeclarations(ASTConverter.java:208)
	at org.eclipse.jdt.core.dom.ASTConverter.convert(ASTConverter.java:3347)
	at org.eclipse.jdt.core.dom.ASTConverter.convert(ASTConverter.java:1524)
	at org.eclipse.jdt.core.dom.CompilationUnitResolver.convert(CompilationUnitResolver.java:323)
	at org.eclipse.jdt.core.dom.ASTParser.internalCreateAST(ASTParser.java:1231)
	at org.eclipse.jdt.core.dom.ASTParser.createAST(ASTParser.java:820)
	at org.eclipse.jdt.core.manipulation.CoreASTProvider$1.run(CoreASTProvider.java:272)
	at org.eclipse.core.runtime.SafeRunner.run(SafeRunner.java:45)
	at org.eclipse.jdt.core.manipulation.CoreASTProvider.createAST(CoreASTProvider.java:264)
	at org.eclipse.jdt.core.manipulation.CoreASTProvider.getAST(CoreASTProvider.java:197)
	at org.eclipse.jdt.core.manipulation.SharedASTProviderCore.getAST(SharedASTProviderCore.java:138)
	at org.eclipse.jdt.internal.ui.viewsupport.SelectionListenerWithASTManager$PartListenerGroup.calculateASTandInform(SelectionListenerWithASTManager.java:166)
	at org.eclipse.jdt.internal.ui.viewsupport.SelectionListenerWithASTManager$PartListenerGroup$1.run(SelectionListenerWithASTManager.java:151)
	at org.eclipse.core.internal.jobs.Worker.run(Worker.java:63)

!ENTRY org.eclipse.jdt.core.manipulation 4 2 2026-07-15 16:48:47.240
!MESSAGE Problems occurred when invoking code from plug-in: "org.eclipse.jdt.core.manipulation".
!STACK 0
java.lang.IllegalArgumentException
	at org.eclipse.jdt.core.dom.InfixExpression.setOperator(InfixExpression.java:383)
	at org.eclipse.jdt.core.dom.ASTConverter.convert(ASTConverter.java:2664)
	at org.eclipse.jdt.core.dom.ASTConverter.convert(ASTConverter.java:2025)
	at org.eclipse.jdt.core.dom.ASTConverter.convertToParenthesizedExpression(ASTConverter.java:3795)
	at org.eclipse.jdt.core.dom.ASTConverter.convert(ASTConverter.java:1943)
	at org.eclipse.jdt.core.dom.ASTConverter.convert(ASTConverter.java:1204)
	at org.eclipse.jdt.core.dom.ASTConverter.convert(ASTConverter.java:1974)
	at org.eclipse.jdt.core.dom.ASTConverter.convert(ASTConverter.java:2213)
	at org.eclipse.jdt.core.dom.ASTConverter.convert(ASTConverter.java:2994)
	at org.eclipse.jdt.core.dom.ASTConverter.convert(ASTConverter.java:751)
	at org.eclipse.jdt.core.dom.ASTConverter.buildBodyDeclarations(ASTConverter.java:208)
	at org.eclipse.jdt.core.dom.ASTConverter.convert(ASTConverter.java:3347)
	at org.eclipse.jdt.core.dom.ASTConverter.convert(ASTConverter.java:1524)
	at org.eclipse.jdt.core.dom.CompilationUnitResolver.convert(CompilationUnitResolver.java:323)
	at org.eclipse.jdt.core.dom.ASTParser.internalCreateAST(ASTParser.java:1231)
	at org.eclipse.jdt.core.dom.ASTParser.createAST(ASTParser.java:820)
	at org.eclipse.jdt.core.manipulation.CoreASTProvider$1.run(CoreASTProvider.java:272)
	at org.eclipse.core.runtime.SafeRunner.run(SafeRunner.java:45)
	at org.eclipse.jdt.core.manipulation.CoreASTProvider.createAST(CoreASTProvider.java:264)
	at org.eclipse.jdt.core.manipulation.CoreASTProvider.getAST(CoreASTProvider.java:197)
	at org.eclipse.jdt.core.manipulation.SharedASTProviderCore.getAST(SharedASTProviderCore.java:138)
	at org.eclipse.jdt.internal.ui.viewsupport.SelectionListenerWithASTManager$PartListenerGroup.calculateASTandInform(SelectionListenerWithASTManager.java:166)
	at org.eclipse.jdt.internal.ui.viewsupport.SelectionListenerWithASTManager$PartListenerGroup$1.run(SelectionListenerWithASTManager.java:151)
	at org.eclipse.core.internal.jobs.Worker.run(Worker.java:63)

!ENTRY org.eclipse.jdt.core.manipulation 4 0 2026-07-15 16:48:47.240
!MESSAGE Error in JDT Core during AST creation
!STACK 0
java.lang.IllegalArgumentException
	at org.eclipse.jdt.core.dom.InfixExpression.setOperator(InfixExpression.java:383)
	at org.eclipse.jdt.core.dom.ASTConverter.convert(ASTConverter.java:2664)
	at org.eclipse.jdt.core.dom.ASTConverter.convert(ASTConverter.java:2025)
	at org.eclipse.jdt.core.dom.ASTConverter.convertToParenthesizedExpression(ASTConverter.java:3795)
	at org.eclipse.jdt.core.dom.ASTConverter.convert(ASTConverter.java:1943)
	at org.eclipse.jdt.core.dom.ASTConverter.convert(ASTConverter.java:1204)
	at org.eclipse.jdt.core.dom.ASTConverter.convert(ASTConverter.java:1974)
	at org.eclipse.jdt.core.dom.ASTConverter.convert(ASTConverter.java:2213)
	at org.eclipse.jdt.core.dom.ASTConverter.convert(ASTConverter.java:2994)
	at org.eclipse.jdt.core.dom.ASTConverter.convert(ASTConverter.java:751)
	at org.eclipse.jdt.core.dom.ASTConverter.buildBodyDeclarations(ASTConverter.java:208)
	at org.eclipse.jdt.core.dom.ASTConverter.convert(ASTConverter.java:3347)
	at org.eclipse.jdt.core.dom.ASTConverter.convert(ASTConverter.java:1524)
	at org.eclipse.jdt.core.dom.CompilationUnitResolver.convert(CompilationUnitResolver.java:323)
	at org.eclipse.jdt.core.dom.ASTParser.internalCreateAST(ASTParser.java:1231)
	at org.eclipse.jdt.core.dom.ASTParser.createAST(ASTParser.java:820)
	at org.eclipse.jdt.core.manipulation.CoreASTProvider$1.run(CoreASTProvider.java:272)
	at org.eclipse.core.runtime.SafeRunner.run(SafeRunner.java:45)
	at org.eclipse.jdt.core.manipulation.CoreASTProvider.createAST(CoreASTProvider.java:264)
	at org.eclipse.jdt.core.manipulation.CoreASTProvider.getAST(CoreASTProvider.java:197)
	at org.eclipse.jdt.core.manipulation.SharedASTProviderCore.getAST(SharedASTProviderCore.java:138)
	at org.eclipse.jdt.internal.ui.viewsupport.SelectionListenerWithASTManager$PartListenerGroup.calculateASTandInform(SelectionListenerWithASTManager.java:166)
	at org.eclipse.jdt.internal.ui.viewsupport.SelectionListenerWithASTManager$PartListenerGroup$1.run(SelectionListenerWithASTManager.java:151)
	at org.eclipse.core.internal.jobs.Worker.run(Worker.java:63)

!ENTRY org.eclipse.jdt.core 4 4 2026-07-15 16:48:48.257
!MESSAGE Exception occurred during compilation unit conversion:
----------------------------------- SOURCE BEGIN -------------------------------------
package exam;
/*
 * 문]
 *  정수 3개를 입력받고, 3개의 숫자 중 
 *  중간크기의 수를 출력하는 프로그램을 구현하시오
 *  
 *  출력결과
 *  첫번쨰 수 : 20 
 *  두번쨰 수 : 100 
 *  세번쨰 수 : 33
 *  중간 값은 33
 *  
 */

import java.util.*;
public class IfEX04 {

	public static void main(String[] args) {
		Scanner sc = new Scanner(System.in);
		int n1, n2, n3;
		
		System.out.println("첫번쨰 수 :");
		n1 = sc.nextInt();
		System.out.println("두번쨰 수 :");
		n2 = sc.nextInt();
		System.out.println("세번쨰 수 :");
		n3 = sc.nextInt();
		
		int median = n1;// 처음 중간값을 n1으로 초기화 함

		if((n1 >= n2 && n1 <= n3 || (n1 >= n3 && n1 <= n2))
				((n1 >= n2 && n1 <= n3) || (n1 >= n3 && n1 <= n2)){// n1이 중간값이 될 수 있는 조건  
			median = n1;
		}else if ((n2) >= 100 || ( n3) <= 100)// n2가 중간값이 될 수 있는 조건
			median = n2;
	    //}else// 그외 중간값은 n3
	    	median = n3;
		//결과
		System.out.println("중간값은" +median);

}}

----------------------------------- SOURCE END -------------------------------------
!STACK 0
java.lang.IllegalArgumentException
	at org.eclipse.jdt.core.dom.InfixExpression.setOperator(InfixExpression.java:383)
	at org.eclipse.jdt.core.dom.ASTConverter.convert(ASTConverter.java:2664)
	at org.eclipse.jdt.core.dom.ASTConverter.convert(ASTConverter.java:2025)
	at org.eclipse.jdt.core.dom.ASTConverter.convertToParenthesizedExpression(ASTConverter.java:3795)
	at org.eclipse.jdt.core.dom.ASTConverter.convert(ASTConverter.java:1943)
	at org.eclipse.jdt.core.dom.ASTConverter.convert(ASTConverter.java:1204)
	at org.eclipse.jdt.core.dom.ASTConverter.convert(ASTConverter.java:1974)
	at org.eclipse.jdt.core.dom.ASTConverter.convert(ASTConverter.java:2213)
	at org.eclipse.jdt.core.dom.ASTConverter.convert(ASTConverter.java:2994)
	at org.eclipse.jdt.core.dom.ASTConverter.convert(ASTConverter.java:751)
	at org.eclipse.jdt.core.dom.ASTConverter.buildBodyDeclarations(ASTConverter.java:208)
	at org.eclipse.jdt.core.dom.ASTConverter.convert(ASTConverter.java:3347)
	at org.eclipse.jdt.core.dom.ASTConverter.convert(ASTConverter.java:1524)
	at org.eclipse.jdt.core.dom.CompilationUnitResolver.convert(CompilationUnitResolver.java:323)
	at org.eclipse.jdt.core.dom.ASTParser.internalCreateAST(ASTParser.java:1231)
	at org.eclipse.jdt.core.dom.ASTParser.createAST(ASTParser.java:820)
	at org.eclipse.jdt.core.manipulation.CoreASTProvider$1.run(CoreASTProvider.java:272)
	at org.eclipse.core.runtime.SafeRunner.run(SafeRunner.java:45)
	at org.eclipse.jdt.core.manipulation.CoreASTProvider.createAST(CoreASTProvider.java:264)
	at org.eclipse.jdt.core.manipulation.CoreASTProvider.getAST(CoreASTProvider.java:197)
	at org.eclipse.jdt.core.manipulation.SharedASTProviderCore.getAST(SharedASTProviderCore.java:138)
	at org.eclipse.jdt.internal.ui.text.java.hover.NLSStringHover.internalGetHoverInfo(NLSStringHover.java:139)
	at org.eclipse.jdt.internal.ui.text.java.hover.NLSStringHover.getHoverInfo2(NLSStringHover.java:118)
	at org.eclipse.jdt.internal.ui.text.java.hover.BestMatchHover.getHoverInfo2(BestMatchHover.java:163)
	at org.eclipse.jdt.internal.ui.text.java.hover.BestMatchHover.getHoverInfo2(BestMatchHover.java:130)
	at org.eclipse.jdt.internal.ui.text.java.hover.JavaEditorTextHoverProxy.getHoverInfo2(JavaEditorTextHoverProxy.java:89)
	at org.eclipse.jface.text.TextViewerHoverManager$1.run(TextViewerHoverManager.java:155)

!ENTRY org.eclipse.jdt.core.manipulation 4 2 2026-07-15 16:48:48.258
!MESSAGE Problems occurred when invoking code from plug-in: "org.eclipse.jdt.core.manipulation".
!STACK 0
java.lang.IllegalArgumentException
	at org.eclipse.jdt.core.dom.InfixExpression.setOperator(InfixExpression.java:383)
	at org.eclipse.jdt.core.dom.ASTConverter.convert(ASTConverter.java:2664)
	at org.eclipse.jdt.core.dom.ASTConverter.convert(ASTConverter.java:2025)
	at org.eclipse.jdt.core.dom.ASTConverter.convertToParenthesizedExpression(ASTConverter.java:3795)
	at org.eclipse.jdt.core.dom.ASTConverter.convert(ASTConverter.java:1943)
	at org.eclipse.jdt.core.dom.ASTConverter.convert(ASTConverter.java:1204)
	at org.eclipse.jdt.core.dom.ASTConverter.convert(ASTConverter.java:1974)
	at org.eclipse.jdt.core.dom.ASTConverter.convert(ASTConverter.java:2213)
	at org.eclipse.jdt.core.dom.ASTConverter.convert(ASTConverter.java:2994)
	at org.eclipse.jdt.core.dom.ASTConverter.convert(ASTConverter.java:751)
	at org.eclipse.jdt.core.dom.ASTConverter.buildBodyDeclarations(ASTConverter.java:208)
	at org.eclipse.jdt.core.dom.ASTConverter.convert(ASTConverter.java:3347)
	at org.eclipse.jdt.core.dom.ASTConverter.convert(ASTConverter.java:1524)
	at org.eclipse.jdt.core.dom.CompilationUnitResolver.convert(CompilationUnitResolver.java:323)
	at org.eclipse.jdt.core.dom.ASTParser.internalCreateAST(ASTParser.java:1231)
	at org.eclipse.jdt.core.dom.ASTParser.createAST(ASTParser.java:820)
	at org.eclipse.jdt.core.manipulation.CoreASTProvider$1.run(CoreASTProvider.java:272)
	at org.eclipse.core.runtime.SafeRunner.run(SafeRunner.java:45)
	at org.eclipse.jdt.core.manipulation.CoreASTProvider.createAST(CoreASTProvider.java:264)
	at org.eclipse.jdt.core.manipulation.CoreASTProvider.getAST(CoreASTProvider.java:197)
	at org.eclipse.jdt.core.manipulation.SharedASTProviderCore.getAST(SharedASTProviderCore.java:138)
	at org.eclipse.jdt.internal.ui.text.java.hover.NLSStringHover.internalGetHoverInfo(NLSStringHover.java:139)
	at org.eclipse.jdt.internal.ui.text.java.hover.NLSStringHover.getHoverInfo2(NLSStringHover.java:118)
	at org.eclipse.jdt.internal.ui.text.java.hover.BestMatchHover.getHoverInfo2(BestMatchHover.java:163)
	at org.eclipse.jdt.internal.ui.text.java.hover.BestMatchHover.getHoverInfo2(BestMatchHover.java:130)
	at org.eclipse.jdt.internal.ui.text.java.hover.JavaEditorTextHoverProxy.getHoverInfo2(JavaEditorTextHoverProxy.java:89)
	at org.eclipse.jface.text.TextViewerHoverManager$1.run(TextViewerHoverManager.java:155)

!ENTRY org.eclipse.jdt.core.manipulation 4 0 2026-07-15 16:48:48.258
!MESSAGE Error in JDT Core during AST creation
!STACK 0
java.lang.IllegalArgumentException
	at org.eclipse.jdt.core.dom.InfixExpression.setOperator(InfixExpression.java:383)
	at org.eclipse.jdt.core.dom.ASTConverter.convert(ASTConverter.java:2664)
	at org.eclipse.jdt.core.dom.ASTConverter.convert(ASTConverter.java:2025)
	at org.eclipse.jdt.core.dom.ASTConverter.convertToParenthesizedExpression(ASTConverter.java:3795)
	at org.eclipse.jdt.core.dom.ASTConverter.convert(ASTConverter.java:1943)
	at org.eclipse.jdt.core.dom.ASTConverter.convert(ASTConverter.java:1204)
	at org.eclipse.jdt.core.dom.ASTConverter.convert(ASTConverter.java:1974)
	at org.eclipse.jdt.core.dom.ASTConverter.convert(ASTConverter.java:2213)
	at org.eclipse.jdt.core.dom.ASTConverter.convert(ASTConverter.java:2994)
	at org.eclipse.jdt.core.dom.ASTConverter.convert(ASTConverter.java:751)
	at org.eclipse.jdt.core.dom.ASTConverter.buildBodyDeclarations(ASTConverter.java:208)
	at org.eclipse.jdt.core.dom.ASTConverter.convert(ASTConverter.java:3347)
	at org.eclipse.jdt.core.dom.ASTConverter.convert(ASTConverter.java:1524)
	at org.eclipse.jdt.core.dom.CompilationUnitResolver.convert(CompilationUnitResolver.java:323)
	at org.eclipse.jdt.core.dom.ASTParser.internalCreateAST(ASTParser.java:1231)
	at org.eclipse.jdt.core.dom.ASTParser.createAST(ASTParser.java:820)
	at org.eclipse.jdt.core.manipulation.CoreASTProvider$1.run(CoreASTProvider.java:272)
	at org.eclipse.core.runtime.SafeRunner.run(SafeRunner.java:45)
	at org.eclipse.jdt.core.manipulation.CoreASTProvider.createAST(CoreASTProvider.java:264)
	at org.eclipse.jdt.core.manipulation.CoreASTProvider.getAST(CoreASTProvider.java:197)
	at org.eclipse.jdt.core.manipulation.SharedASTProviderCore.getAST(SharedASTProviderCore.java:138)
	at org.eclipse.jdt.internal.ui.text.java.hover.NLSStringHover.internalGetHoverInfo(NLSStringHover.java:139)
	at org.eclipse.jdt.internal.ui.text.java.hover.NLSStringHover.getHoverInfo2(NLSStringHover.java:118)
	at org.eclipse.jdt.internal.ui.text.java.hover.BestMatchHover.getHoverInfo2(BestMatchHover.java:163)
	at org.eclipse.jdt.internal.ui.text.java.hover.BestMatchHover.getHoverInfo2(BestMatchHover.java:130)
	at org.eclipse.jdt.internal.ui.text.java.hover.JavaEditorTextHoverProxy.getHoverInfo2(JavaEditorTextHoverProxy.java:89)
	at org.eclipse.jface.text.TextViewerHoverManager$1.run(TextViewerHoverManager.java:155)

!ENTRY org.eclipse.jdt.core 4 4 2026-07-15 16:48:49.121
!MESSAGE Exception occurred during compilation unit conversion:
----------------------------------- SOURCE BEGIN -------------------------------------
package exam;
/*
 * 문]
 *  정수 3개를 입력받고, 3개의 숫자 중 
 *  중간크기의 수를 출력하는 프로그램을 구현하시오
 *  
 *  출력결과
 *  첫번쨰 수 : 20 
 *  두번쨰 수 : 100 
 *  세번쨰 수 : 33
 *  중간 값은 33
 *  
 */

import java.util.*;
public class IfEX04 {

	public static void main(String[] args) {
		Scanner sc = new Scanner(System.in);
		int n1, n2, n3;
		
		System.out.println("첫번쨰 수 :");
		n1 = sc.nextInt();
		System.out.println("두번쨰 수 :");
		n2 = sc.nextInt();
		System.out.println("세번쨰 수 :");
		n3 = sc.nextInt();
		
		int median = n1;// 처음 중간값을 n1으로 초기화 함

		if((n1 >= n2 && n1 <= n3 || (n1 >= n3 && n1 <= n2))
		((n1 >= n2 && n1 <= n3) || (n1 >= n3 && n1 <= n2)){// n1이 중간값이 될 수 있는 조건  
			median = n1;
		}else if ((n2) >= 100 || ( n3) <= 100)// n2가 중간값이 될 수 있는 조건
			median = n2;
	    //}else// 그외 중간값은 n3
	    	median = n3;
		//결과
		System.out.println("중간값은" +median);

}}

----------------------------------- SOURCE END -------------------------------------
!STACK 0
java.lang.IllegalArgumentException
	at org.eclipse.jdt.core.dom.InfixExpression.setOperator(InfixExpression.java:383)
	at org.eclipse.jdt.core.dom.ASTConverter.convert(ASTConverter.java:2664)
	at org.eclipse.jdt.core.dom.ASTConverter.convert(ASTConverter.java:2025)
	at org.eclipse.jdt.core.dom.ASTConverter.convertToParenthesizedExpression(ASTConverter.java:3795)
	at org.eclipse.jdt.core.dom.ASTConverter.convert(ASTConverter.java:1943)
	at org.eclipse.jdt.core.dom.ASTConverter.convert(ASTConverter.java:1204)
	at org.eclipse.jdt.core.dom.ASTConverter.convert(ASTConverter.java:1974)
	at org.eclipse.jdt.core.dom.ASTConverter.convert(ASTConverter.java:2213)
	at org.eclipse.jdt.core.dom.ASTConverter.convert(ASTConverter.java:2994)
	at org.eclipse.jdt.core.dom.ASTConverter.convert(ASTConverter.java:751)
	at org.eclipse.jdt.core.dom.ASTConverter.buildBodyDeclarations(ASTConverter.java:208)
	at org.eclipse.jdt.core.dom.ASTConverter.convert(ASTConverter.java:3347)
	at org.eclipse.jdt.core.dom.ASTConverter.convert(ASTConverter.java:1524)
	at org.eclipse.jdt.core.dom.AST.convertCompilationUnit(AST.java:494)
	at org.eclipse.jdt.internal.core.CompilationUnit.buildStructure(CompilationUnit.java:201)
	at org.eclipse.jdt.internal.core.Openable.generateInfos(Openable.java:266)
	at org.eclipse.jdt.internal.core.JavaElement.openWhenClosed(JavaElement.java:597)
	at org.eclipse.jdt.internal.core.CompilationUnit.makeConsistent(CompilationUnit.java:1142)
	at org.eclipse.jdt.internal.core.ReconcileWorkingCopyOperation.makeConsistent(ReconcileWorkingCopyOperation.java:173)
	at org.eclipse.jdt.internal.core.ReconcileWorkingCopyOperation.executeOperation(ReconcileWorkingCopyOperation.java:94)
	at org.eclipse.jdt.internal.core.JavaModelOperation.run(JavaModelOperation.java:740)
	at org.eclipse.jdt.internal.core.JavaModelOperation.runOperation(JavaModelOperation.java:806)
	at org.eclipse.jdt.internal.core.CompilationUnit.reconcile(CompilationUnit.java:1319)
	at org.eclipse.jdt.internal.ui.text.java.JavaReconcilingStrategy.reconcile(JavaReconcilingStrategy.java:131)
	at org.eclipse.jdt.internal.ui.text.java.JavaReconcilingStrategy.access$0(JavaReconcilingStrategy.java:113)
	at org.eclipse.jdt.internal.ui.text.java.JavaReconcilingStrategy$1.run(JavaReconcilingStrategy.java:93)
	at org.eclipse.core.runtime.SafeRunner.run(SafeRunner.java:45)
	at org.eclipse.jdt.internal.ui.text.java.JavaReconcilingStrategy.reconcile(JavaReconcilingStrategy.java:90)
	at org.eclipse.jdt.internal.ui.text.java.JavaReconcilingStrategy.reconcile(JavaReconcilingStrategy.java:157)
	at org.eclipse.jdt.internal.ui.text.CompositeReconcilingStrategy.reconcile(CompositeReconcilingStrategy.java:94)
	at org.eclipse.jdt.internal.ui.text.JavaCompositeReconcilingStrategy.reconcile(JavaCompositeReconcilingStrategy.java:107)
	at org.eclipse.jface.text.reconciler.MonoReconciler.process(MonoReconciler.java:76)
	at org.eclipse.jface.text.reconciler.AbstractReconciler$BackgroundThread.run(AbstractReconciler.java:210)

!ENTRY org.eclipse.jdt.ui 4 2 2026-07-15 16:48:49.121
!MESSAGE Problems occurred when invoking code from plug-in: "org.eclipse.jdt.ui".
!STACK 0
java.lang.IllegalArgumentException
	at org.eclipse.jdt.core.dom.InfixExpression.setOperator(InfixExpression.java:383)
	at org.eclipse.jdt.core.dom.ASTConverter.convert(ASTConverter.java:2664)
	at org.eclipse.jdt.core.dom.ASTConverter.convert(ASTConverter.java:2025)
	at org.eclipse.jdt.core.dom.ASTConverter.convertToParenthesizedExpression(ASTConverter.java:3795)
	at org.eclipse.jdt.core.dom.ASTConverter.convert(ASTConverter.java:1943)
	at org.eclipse.jdt.core.dom.ASTConverter.convert(ASTConverter.java:1204)
	at org.eclipse.jdt.core.dom.ASTConverter.convert(ASTConverter.java:1974)
	at org.eclipse.jdt.core.dom.ASTConverter.convert(ASTConverter.java:2213)
	at org.eclipse.jdt.core.dom.ASTConverter.convert(ASTConverter.java:2994)
	at org.eclipse.jdt.core.dom.ASTConverter.convert(ASTConverter.java:751)
	at org.eclipse.jdt.core.dom.ASTConverter.buildBodyDeclarations(ASTConverter.java:208)
	at org.eclipse.jdt.core.dom.ASTConverter.convert(ASTConverter.java:3347)
	at org.eclipse.jdt.core.dom.ASTConverter.convert(ASTConverter.java:1524)
	at org.eclipse.jdt.core.dom.AST.convertCompilationUnit(AST.java:494)
	at org.eclipse.jdt.internal.core.CompilationUnit.buildStructure(CompilationUnit.java:201)
	at org.eclipse.jdt.internal.core.Openable.generateInfos(Openable.java:266)
	at org.eclipse.jdt.internal.core.JavaElement.openWhenClosed(JavaElement.java:597)
	at org.eclipse.jdt.internal.core.CompilationUnit.makeConsistent(CompilationUnit.java:1142)
	at org.eclipse.jdt.internal.core.ReconcileWorkingCopyOperation.makeConsistent(ReconcileWorkingCopyOperation.java:173)
	at org.eclipse.jdt.internal.core.ReconcileWorkingCopyOperation.executeOperation(ReconcileWorkingCopyOperation.java:94)
	at org.eclipse.jdt.internal.core.JavaModelOperation.run(JavaModelOperation.java:740)
	at org.eclipse.jdt.internal.core.JavaModelOperation.runOperation(JavaModelOperation.java:806)
	at org.eclipse.jdt.internal.core.CompilationUnit.reconcile(CompilationUnit.java:1319)
	at org.eclipse.jdt.internal.ui.text.java.JavaReconcilingStrategy.reconcile(JavaReconcilingStrategy.java:131)
	at org.eclipse.jdt.internal.ui.text.java.JavaReconcilingStrategy.access$0(JavaReconcilingStrategy.java:113)
	at org.eclipse.jdt.internal.ui.text.java.JavaReconcilingStrategy$1.run(JavaReconcilingStrategy.java:93)
	at org.eclipse.core.runtime.SafeRunner.run(SafeRunner.java:45)
	at org.eclipse.jdt.internal.ui.text.java.JavaReconcilingStrategy.reconcile(JavaReconcilingStrategy.java:90)
	at org.eclipse.jdt.internal.ui.text.java.JavaReconcilingStrategy.reconcile(JavaReconcilingStrategy.java:157)
	at org.eclipse.jdt.internal.ui.text.CompositeReconcilingStrategy.reconcile(CompositeReconcilingStrategy.java:94)
	at org.eclipse.jdt.internal.ui.text.JavaCompositeReconcilingStrategy.reconcile(JavaCompositeReconcilingStrategy.java:107)
	at org.eclipse.jface.text.reconciler.MonoReconciler.process(MonoReconciler.java:76)
	at org.eclipse.jface.text.reconciler.AbstractReconciler$BackgroundThread.run(AbstractReconciler.java:210)

!ENTRY org.eclipse.jdt.ui 4 0 2026-07-15 16:48:49.122
!MESSAGE Error in JDT Core during reconcile
!STACK 0
java.lang.IllegalArgumentException
	at org.eclipse.jdt.core.dom.InfixExpression.setOperator(InfixExpression.java:383)
	at org.eclipse.jdt.core.dom.ASTConverter.convert(ASTConverter.java:2664)
	at org.eclipse.jdt.core.dom.ASTConverter.convert(ASTConverter.java:2025)
	at org.eclipse.jdt.core.dom.ASTConverter.convertToParenthesizedExpression(ASTConverter.java:3795)
	at org.eclipse.jdt.core.dom.ASTConverter.convert(ASTConverter.java:1943)
	at org.eclipse.jdt.core.dom.ASTConverter.convert(ASTConverter.java:1204)
	at org.eclipse.jdt.core.dom.ASTConverter.convert(ASTConverter.java:1974)
	at org.eclipse.jdt.core.dom.ASTConverter.convert(ASTConverter.java:2213)
	at org.eclipse.jdt.core.dom.ASTConverter.convert(ASTConverter.java:2994)
	at org.eclipse.jdt.core.dom.ASTConverter.convert(ASTConverter.java:751)
	at org.eclipse.jdt.core.dom.ASTConverter.buildBodyDeclarations(ASTConverter.java:208)
	at org.eclipse.jdt.core.dom.ASTConverter.convert(ASTConverter.java:3347)
	at org.eclipse.jdt.core.dom.ASTConverter.convert(ASTConverter.java:1524)
	at org.eclipse.jdt.core.dom.AST.convertCompilationUnit(AST.java:494)
	at org.eclipse.jdt.internal.core.CompilationUnit.buildStructure(CompilationUnit.java:201)
	at org.eclipse.jdt.internal.core.Openable.generateInfos(Openable.java:266)
	at org.eclipse.jdt.internal.core.JavaElement.openWhenClosed(JavaElement.java:597)
	at org.eclipse.jdt.internal.core.CompilationUnit.makeConsistent(CompilationUnit.java:1142)
	at org.eclipse.jdt.internal.core.ReconcileWorkingCopyOperation.makeConsistent(ReconcileWorkingCopyOperation.java:173)
	at org.eclipse.jdt.internal.core.ReconcileWorkingCopyOperation.executeOperation(ReconcileWorkingCopyOperation.java:94)
	at org.eclipse.jdt.internal.core.JavaModelOperation.run(JavaModelOperation.java:740)
	at org.eclipse.jdt.internal.core.JavaModelOperation.runOperation(JavaModelOperation.java:806)
	at org.eclipse.jdt.internal.core.CompilationUnit.reconcile(CompilationUnit.java:1319)
	at org.eclipse.jdt.internal.ui.text.java.JavaReconcilingStrategy.reconcile(JavaReconcilingStrategy.java:131)
	at org.eclipse.jdt.internal.ui.text.java.JavaReconcilingStrategy.access$0(JavaReconcilingStrategy.java:113)
	at org.eclipse.jdt.internal.ui.text.java.JavaReconcilingStrategy$1.run(JavaReconcilingStrategy.java:93)
	at org.eclipse.core.runtime.SafeRunner.run(SafeRunner.java:45)
	at org.eclipse.jdt.internal.ui.text.java.JavaReconcilingStrategy.reconcile(JavaReconcilingStrategy.java:90)
	at org.eclipse.jdt.internal.ui.text.java.JavaReconcilingStrategy.reconcile(JavaReconcilingStrategy.java:157)
	at org.eclipse.jdt.internal.ui.text.CompositeReconcilingStrategy.reconcile(CompositeReconcilingStrategy.java:94)
	at org.eclipse.jdt.internal.ui.text.JavaCompositeReconcilingStrategy.reconcile(JavaCompositeReconcilingStrategy.java:107)
	at org.eclipse.jface.text.reconciler.MonoReconciler.process(MonoReconciler.java:76)
	at org.eclipse.jface.text.reconciler.AbstractReconciler$BackgroundThread.run(AbstractReconciler.java:210)

!ENTRY org.eclipse.jdt.core 4 4 2026-07-15 16:48:49.125
!MESSAGE Exception occurred during compilation unit conversion:
----------------------------------- SOURCE BEGIN -------------------------------------
package exam;
/*
 * 문]
 *  정수 3개를 입력받고, 3개의 숫자 중 
 *  중간크기의 수를 출력하는 프로그램을 구현하시오
 *  
 *  출력결과
 *  첫번쨰 수 : 20 
 *  두번쨰 수 : 100 
 *  세번쨰 수 : 33
 *  중간 값은 33
 *  
 */

import java.util.*;
public class IfEX04 {

	public static void main(String[] args) {
		Scanner sc = new Scanner(System.in);
		int n1, n2, n3;
		
		System.out.println("첫번쨰 수 :");
		n1 = sc.nextInt();
		System.out.println("두번쨰 수 :");
		n2 = sc.nextInt();
		System.out.println("세번쨰 수 :");
		n3 = sc.nextInt();
		
		int median = n1;// 처음 중간값을 n1으로 초기화 함

		if((n1 >= n2 && n1 <= n3 || (n1 >= n3 && n1 <= n2))
		((n1 >= n2 && n1 <= n3) || (n1 >= n3 && n1 <= n2)){// n1이 중간값이 될 수 있는 조건  
			median = n1;
		}else if ((n2) >= 100 || ( n3) <= 100)// n2가 중간값이 될 수 있는 조건
			median = n2;
	    //}else// 그외 중간값은 n3
	    	median = n3;
		//결과
		System.out.println("중간값은" +median);

}}

----------------------------------- SOURCE END -------------------------------------
!STACK 0
java.lang.IllegalArgumentException
	at org.eclipse.jdt.core.dom.InfixExpression.setOperator(InfixExpression.java:383)
	at org.eclipse.jdt.core.dom.ASTConverter.convert(ASTConverter.java:2664)
	at org.eclipse.jdt.core.dom.ASTConverter.convert(ASTConverter.java:2025)
	at org.eclipse.jdt.core.dom.ASTConverter.convertToParenthesizedExpression(ASTConverter.java:3795)
	at org.eclipse.jdt.core.dom.ASTConverter.convert(ASTConverter.java:1943)
	at org.eclipse.jdt.core.dom.ASTConverter.convert(ASTConverter.java:1204)
	at org.eclipse.jdt.core.dom.ASTConverter.convert(ASTConverter.java:1974)
	at org.eclipse.jdt.core.dom.ASTConverter.convert(ASTConverter.java:2213)
	at org.eclipse.jdt.core.dom.ASTConverter.convert(ASTConverter.java:2994)
	at org.eclipse.jdt.core.dom.ASTConverter.convert(ASTConverter.java:751)
	at org.eclipse.jdt.core.dom.ASTConverter.buildBodyDeclarations(ASTConverter.java:208)
	at org.eclipse.jdt.core.dom.ASTConverter.convert(ASTConverter.java:3347)
	at org.eclipse.jdt.core.dom.ASTConverter.convert(ASTConverter.java:1524)
	at org.eclipse.jdt.core.dom.CompilationUnitResolver.convert(CompilationUnitResolver.java:323)
	at org.eclipse.jdt.core.dom.ASTParser.internalCreateAST(ASTParser.java:1231)
	at org.eclipse.jdt.core.dom.ASTParser.createAST(ASTParser.java:820)
	at org.eclipse.jdt.core.manipulation.CoreASTProvider$1.run(CoreASTProvider.java:272)
	at org.eclipse.core.runtime.SafeRunner.run(SafeRunner.java:45)
	at org.eclipse.jdt.core.manipulation.CoreASTProvider.createAST(CoreASTProvider.java:264)
	at org.eclipse.jdt.core.manipulation.CoreASTProvider.getAST(CoreASTProvider.java:197)
	at org.eclipse.jdt.core.manipulation.CoreASTProvider.getAST(CoreASTProvider.java:187)
	at org.eclipse.jdt.core.manipulation.SharedASTProviderCore.getAST(SharedASTProviderCore.java:138)
	at org.eclipse.jdt.internal.ui.viewsupport.SelectionListenerWithASTManager$PartListenerGroup.calculateASTandInform(SelectionListenerWithASTManager.java:166)
	at org.eclipse.jdt.internal.ui.viewsupport.SelectionListenerWithASTManager$PartListenerGroup$1.run(SelectionListenerWithASTManager.java:151)
	at org.eclipse.core.internal.jobs.Worker.run(Worker.java:63)

!ENTRY org.eclipse.jdt.core.manipulation 4 2 2026-07-15 16:48:49.126
!MESSAGE Problems occurred when invoking code from plug-in: "org.eclipse.jdt.core.manipulation".
!STACK 0
java.lang.IllegalArgumentException
	at org.eclipse.jdt.core.dom.InfixExpression.setOperator(InfixExpression.java:383)
	at org.eclipse.jdt.core.dom.ASTConverter.convert(ASTConverter.java:2664)
	at org.eclipse.jdt.core.dom.ASTConverter.convert(ASTConverter.java:2025)
	at org.eclipse.jdt.core.dom.ASTConverter.convertToParenthesizedExpression(ASTConverter.java:3795)
	at org.eclipse.jdt.core.dom.ASTConverter.convert(ASTConverter.java:1943)
	at org.eclipse.jdt.core.dom.ASTConverter.convert(ASTConverter.java:1204)
	at org.eclipse.jdt.core.dom.ASTConverter.convert(ASTConverter.java:1974)
	at org.eclipse.jdt.core.dom.ASTConverter.convert(ASTConverter.java:2213)
	at org.eclipse.jdt.core.dom.ASTConverter.convert(ASTConverter.java:2994)
	at org.eclipse.jdt.core.dom.ASTConverter.convert(ASTConverter.java:751)
	at org.eclipse.jdt.core.dom.ASTConverter.buildBodyDeclarations(ASTConverter.java:208)
	at org.eclipse.jdt.core.dom.ASTConverter.convert(ASTConverter.java:3347)
	at org.eclipse.jdt.core.dom.ASTConverter.convert(ASTConverter.java:1524)
	at org.eclipse.jdt.core.dom.CompilationUnitResolver.convert(CompilationUnitResolver.java:323)
	at org.eclipse.jdt.core.dom.ASTParser.internalCreateAST(ASTParser.java:1231)
	at org.eclipse.jdt.core.dom.ASTParser.createAST(ASTParser.java:820)
	at org.eclipse.jdt.core.manipulation.CoreASTProvider$1.run(CoreASTProvider.java:272)
	at org.eclipse.core.runtime.SafeRunner.run(SafeRunner.java:45)
	at org.eclipse.jdt.core.manipulation.CoreASTProvider.createAST(CoreASTProvider.java:264)
	at org.eclipse.jdt.core.manipulation.CoreASTProvider.getAST(CoreASTProvider.java:197)
	at org.eclipse.jdt.core.manipulation.CoreASTProvider.getAST(CoreASTProvider.java:187)
	at org.eclipse.jdt.core.manipulation.SharedASTProviderCore.getAST(SharedASTProviderCore.java:138)
	at org.eclipse.jdt.internal.ui.viewsupport.SelectionListenerWithASTManager$PartListenerGroup.calculateASTandInform(SelectionListenerWithASTManager.java:166)
	at org.eclipse.jdt.internal.ui.viewsupport.SelectionListenerWithASTManager$PartListenerGroup$1.run(SelectionListenerWithASTManager.java:151)
	at org.eclipse.core.internal.jobs.Worker.run(Worker.java:63)

!ENTRY org.eclipse.jdt.core.manipulation 4 0 2026-07-15 16:48:49.126
!MESSAGE Error in JDT Core during AST creation
!STACK 0
java.lang.IllegalArgumentException
	at org.eclipse.jdt.core.dom.InfixExpression.setOperator(InfixExpression.java:383)
	at org.eclipse.jdt.core.dom.ASTConverter.convert(ASTConverter.java:2664)
	at org.eclipse.jdt.core.dom.ASTConverter.convert(ASTConverter.java:2025)
	at org.eclipse.jdt.core.dom.ASTConverter.convertToParenthesizedExpression(ASTConverter.java:3795)
	at org.eclipse.jdt.core.dom.ASTConverter.convert(ASTConverter.java:1943)
	at org.eclipse.jdt.core.dom.ASTConverter.convert(ASTConverter.java:1204)
	at org.eclipse.jdt.core.dom.ASTConverter.convert(ASTConverter.java:1974)
	at org.eclipse.jdt.core.dom.ASTConverter.convert(ASTConverter.java:2213)
	at org.eclipse.jdt.core.dom.ASTConverter.convert(ASTConverter.java:2994)
	at org.eclipse.jdt.core.dom.ASTConverter.convert(ASTConverter.java:751)
	at org.eclipse.jdt.core.dom.ASTConverter.buildBodyDeclarations(ASTConverter.java:208)
	at org.eclipse.jdt.core.dom.ASTConverter.convert(ASTConverter.java:3347)
	at org.eclipse.jdt.core.dom.ASTConverter.convert(ASTConverter.java:1524)
	at org.eclipse.jdt.core.dom.CompilationUnitResolver.convert(CompilationUnitResolver.java:323)
	at org.eclipse.jdt.core.dom.ASTParser.internalCreateAST(ASTParser.java:1231)
	at org.eclipse.jdt.core.dom.ASTParser.createAST(ASTParser.java:820)
	at org.eclipse.jdt.core.manipulation.CoreASTProvider$1.run(CoreASTProvider.java:272)
	at org.eclipse.core.runtime.SafeRunner.run(SafeRunner.java:45)
	at org.eclipse.jdt.core.manipulation.CoreASTProvider.createAST(CoreASTProvider.java:264)
	at org.eclipse.jdt.core.manipulation.CoreASTProvider.getAST(CoreASTProvider.java:197)
	at org.eclipse.jdt.core.manipulation.CoreASTProvider.getAST(CoreASTProvider.java:187)
	at org.eclipse.jdt.core.manipulation.SharedASTProviderCore.getAST(SharedASTProviderCore.java:138)
	at org.eclipse.jdt.internal.ui.viewsupport.SelectionListenerWithASTManager$PartListenerGroup.calculateASTandInform(SelectionListenerWithASTManager.java:166)
	at org.eclipse.jdt.internal.ui.viewsupport.SelectionListenerWithASTManager$PartListenerGroup$1.run(SelectionListenerWithASTManager.java:151)
	at org.eclipse.core.internal.jobs.Worker.run(Worker.java:63)

!ENTRY org.eclipse.jdt.core 4 4 2026-07-15 16:48:49.750
!MESSAGE Exception occurred during compilation unit conversion:
----------------------------------- SOURCE BEGIN -------------------------------------
package exam;
/*
 * 문]
 *  정수 3개를 입력받고, 3개의 숫자 중 
 *  중간크기의 수를 출력하는 프로그램을 구현하시오
 *  
 *  출력결과
 *  첫번쨰 수 : 20 
 *  두번쨰 수 : 100 
 *  세번쨰 수 : 33
 *  중간 값은 33
 *  
 */

import java.util.*;
public class IfEX04 {

	public static void main(String[] args) {
		Scanner sc = new Scanner(System.in);
		int n1, n2, n3;
		
		System.out.println("첫번쨰 수 :");
		n1 = sc.nextInt();
		System.out.println("두번쨰 수 :");
		n2 = sc.nextInt();
		System.out.println("세번쨰 수 :");
		n3 = sc.nextInt();
		
		int median = n1;// 처음 중간값을 n1으로 초기화 함

		if((n1 >= n2 && n1 <= n3 || (n1 >= n3 && n1 <= n2))
		((n1 >= n2 && n1 <= n3) || (n1 >= n3 && n1 <= n2)){// n1이 중간값이 될 수 있는 조건  
			median = n1;
		}else if ((n2) >= 100 || ( n3) <= 100)// n2가 중간값이 될 수 있는 조건
			median = n2;
	    //}else// 그외 중간값은 n3
	    	median = n3;
		//결과
		System.out.println("중간값은" +median);

}}

----------------------------------- SOURCE END -------------------------------------
!STACK 0
java.lang.IllegalArgumentException
	at org.eclipse.jdt.core.dom.InfixExpression.setOperator(InfixExpression.java:383)
	at org.eclipse.jdt.core.dom.ASTConverter.convert(ASTConverter.java:2664)
	at org.eclipse.jdt.core.dom.ASTConverter.convert(ASTConverter.java:2025)
	at org.eclipse.jdt.core.dom.ASTConverter.convertToParenthesizedExpression(ASTConverter.java:3795)
	at org.eclipse.jdt.core.dom.ASTConverter.convert(ASTConverter.java:1943)
	at org.eclipse.jdt.core.dom.ASTConverter.convert(ASTConverter.java:1204)
	at org.eclipse.jdt.core.dom.ASTConverter.convert(ASTConverter.java:1974)
	at org.eclipse.jdt.core.dom.ASTConverter.convert(ASTConverter.java:2213)
	at org.eclipse.jdt.core.dom.ASTConverter.convert(ASTConverter.java:2994)
	at org.eclipse.jdt.core.dom.ASTConverter.convert(ASTConverter.java:751)
	at org.eclipse.jdt.core.dom.ASTConverter.buildBodyDeclarations(ASTConverter.java:208)
	at org.eclipse.jdt.core.dom.ASTConverter.convert(ASTConverter.java:3347)
	at org.eclipse.jdt.core.dom.ASTConverter.convert(ASTConverter.java:1524)
	at org.eclipse.jdt.core.dom.CompilationUnitResolver.convert(CompilationUnitResolver.java:323)
	at org.eclipse.jdt.core.dom.ASTParser.internalCreateAST(ASTParser.java:1231)
	at org.eclipse.jdt.core.dom.ASTParser.createAST(ASTParser.java:820)
	at org.eclipse.jdt.core.manipulation.CoreASTProvider$1.run(CoreASTProvider.java:272)
	at org.eclipse.core.runtime.SafeRunner.run(SafeRunner.java:45)
	at org.eclipse.jdt.core.manipulation.CoreASTProvider.createAST(CoreASTProvider.java:264)
	at org.eclipse.jdt.core.manipulation.CoreASTProvider.getAST(CoreASTProvider.java:197)
	at org.eclipse.jdt.core.manipulation.SharedASTProviderCore.getAST(SharedASTProviderCore.java:138)
	at org.eclipse.jdt.internal.ui.viewsupport.SelectionListenerWithASTManager$PartListenerGroup.calculateASTandInform(SelectionListenerWithASTManager.java:166)
	at org.eclipse.jdt.internal.ui.viewsupport.SelectionListenerWithASTManager$PartListenerGroup$1.run(SelectionListenerWithASTManager.java:151)
	at org.eclipse.core.internal.jobs.Worker.run(Worker.java:63)

!ENTRY org.eclipse.jdt.core.manipulation 4 2 2026-07-15 16:48:49.751
!MESSAGE Problems occurred when invoking code from plug-in: "org.eclipse.jdt.core.manipulation".
!STACK 0
java.lang.IllegalArgumentException
	at org.eclipse.jdt.core.dom.InfixExpression.setOperator(InfixExpression.java:383)
	at org.eclipse.jdt.core.dom.ASTConverter.convert(ASTConverter.java:2664)
	at org.eclipse.jdt.core.dom.ASTConverter.convert(ASTConverter.java:2025)
	at org.eclipse.jdt.core.dom.ASTConverter.convertToParenthesizedExpression(ASTConverter.java:3795)
	at org.eclipse.jdt.core.dom.ASTConverter.convert(ASTConverter.java:1943)
	at org.eclipse.jdt.core.dom.ASTConverter.convert(ASTConverter.java:1204)
	at org.eclipse.jdt.core.dom.ASTConverter.convert(ASTConverter.java:1974)
	at org.eclipse.jdt.core.dom.ASTConverter.convert(ASTConverter.java:2213)
	at org.eclipse.jdt.core.dom.ASTConverter.convert(ASTConverter.java:2994)
	at org.eclipse.jdt.core.dom.ASTConverter.convert(ASTConverter.java:751)
	at org.eclipse.jdt.core.dom.ASTConverter.buildBodyDeclarations(ASTConverter.java:208)
	at org.eclipse.jdt.core.dom.ASTConverter.convert(ASTConverter.java:3347)
	at org.eclipse.jdt.core.dom.ASTConverter.convert(ASTConverter.java:1524)
	at org.eclipse.jdt.core.dom.CompilationUnitResolver.convert(CompilationUnitResolver.java:323)
	at org.eclipse.jdt.core.dom.ASTParser.internalCreateAST(ASTParser.java:1231)
	at org.eclipse.jdt.core.dom.ASTParser.createAST(ASTParser.java:820)
	at org.eclipse.jdt.core.manipulation.CoreASTProvider$1.run(CoreASTProvider.java:272)
	at org.eclipse.core.runtime.SafeRunner.run(SafeRunner.java:45)
	at org.eclipse.jdt.core.manipulation.CoreASTProvider.createAST(CoreASTProvider.java:264)
	at org.eclipse.jdt.core.manipulation.CoreASTProvider.getAST(CoreASTProvider.java:197)
	at org.eclipse.jdt.core.manipulation.SharedASTProviderCore.getAST(SharedASTProviderCore.java:138)
	at org.eclipse.jdt.internal.ui.viewsupport.SelectionListenerWithASTManager$PartListenerGroup.calculateASTandInform(SelectionListenerWithASTManager.java:166)
	at org.eclipse.jdt.internal.ui.viewsupport.SelectionListenerWithASTManager$PartListenerGroup$1.run(SelectionListenerWithASTManager.java:151)
	at org.eclipse.core.internal.jobs.Worker.run(Worker.java:63)

!ENTRY org.eclipse.jdt.core.manipulation 4 0 2026-07-15 16:48:49.751
!MESSAGE Error in JDT Core during AST creation
!STACK 0
java.lang.IllegalArgumentException
	at org.eclipse.jdt.core.dom.InfixExpression.setOperator(InfixExpression.java:383)
	at org.eclipse.jdt.core.dom.ASTConverter.convert(ASTConverter.java:2664)
	at org.eclipse.jdt.core.dom.ASTConverter.convert(ASTConverter.java:2025)
	at org.eclipse.jdt.core.dom.ASTConverter.convertToParenthesizedExpression(ASTConverter.java:3795)
	at org.eclipse.jdt.core.dom.ASTConverter.convert(ASTConverter.java:1943)
	at org.eclipse.jdt.core.dom.ASTConverter.convert(ASTConverter.java:1204)
	at org.eclipse.jdt.core.dom.ASTConverter.convert(ASTConverter.java:1974)
	at org.eclipse.jdt.core.dom.ASTConverter.convert(ASTConverter.java:2213)
	at org.eclipse.jdt.core.dom.ASTConverter.convert(ASTConverter.java:2994)
	at org.eclipse.jdt.core.dom.ASTConverter.convert(ASTConverter.java:751)
	at org.eclipse.jdt.core.dom.ASTConverter.buildBodyDeclarations(ASTConverter.java:208)
	at org.eclipse.jdt.core.dom.ASTConverter.convert(ASTConverter.java:3347)
	at org.eclipse.jdt.core.dom.ASTConverter.convert(ASTConverter.java:1524)
	at org.eclipse.jdt.core.dom.CompilationUnitResolver.convert(CompilationUnitResolver.java:323)
	at org.eclipse.jdt.core.dom.ASTParser.internalCreateAST(ASTParser.java:1231)
	at org.eclipse.jdt.core.dom.ASTParser.createAST(ASTParser.java:820)
	at org.eclipse.jdt.core.manipulation.CoreASTProvider$1.run(CoreASTProvider.java:272)
	at org.eclipse.core.runtime.SafeRunner.run(SafeRunner.java:45)
	at org.eclipse.jdt.core.manipulation.CoreASTProvider.createAST(CoreASTProvider.java:264)
	at org.eclipse.jdt.core.manipulation.CoreASTProvider.getAST(CoreASTProvider.java:197)
	at org.eclipse.jdt.core.manipulation.SharedASTProviderCore.getAST(SharedASTProviderCore.java:138)
	at org.eclipse.jdt.internal.ui.viewsupport.SelectionListenerWithASTManager$PartListenerGroup.calculateASTandInform(SelectionListenerWithASTManager.java:166)
	at org.eclipse.jdt.internal.ui.viewsupport.SelectionListenerWithASTManager$PartListenerGroup$1.run(SelectionListenerWithASTManager.java:151)
	at org.eclipse.core.internal.jobs.Worker.run(Worker.java:63)

!ENTRY org.eclipse.jdt.core 4 4 2026-07-15 16:49:05.108
!MESSAGE Exception occurred during compilation unit conversion:
----------------------------------- SOURCE BEGIN -------------------------------------
package exam;
/*
 * 문]
 *  정수 3개를 입력받고, 3개의 숫자 중 
 *  중간크기의 수를 출력하는 프로그램을 구현하시오
 *  
 *  출력결과
 *  첫번쨰 수 : 20 
 *  두번쨰 수 : 100 
 *  세번쨰 수 : 33
 *  중간 값은 33
 *  
 */

import java.util.*;
public class IfEX04 {

	public static void main(String[] args) {
		Scanner sc = new Scanner(System.in);
		int n1, n2, n3;
		
		System.out.println("첫번쨰 수 :");
		n1 = sc.nextInt();
		System.out.println("두번쨰 수 :");
		n2 = sc.nextInt();
		System.out.println("세번쨰 수 :");
		n3 = sc.nextInt();
		
		int median = n1;// 처음 중간값을 n1으로 초기화 함

		if((n1 >= n2 && n1 <= n3 || (n1 >= n3 && n1 <= n2))
		((n1 >= n2 && n1 <= n3) || (n1 >= n3 && n1 <= n2)){// n1이 중간값이 될 수 있는 조건  
			median = n1;
		}else if ((n2) >= 100 || ( n3) <= 100)// n2가 중간값이 될 수 있는 조건
			median = n2;
	    //}else// 그외 중간값은 n3
	    	median = n3;
		//결과
		System.out.println("중간값은" +median);

}}

----------------------------------- SOURCE END -------------------------------------
!STACK 0
java.lang.IllegalArgumentException
	at org.eclipse.jdt.core.dom.InfixExpression.setOperator(InfixExpression.java:383)
	at org.eclipse.jdt.core.dom.ASTConverter.convert(ASTConverter.java:2664)
	at org.eclipse.jdt.core.dom.ASTConverter.convert(ASTConverter.java:2025)
	at org.eclipse.jdt.core.dom.ASTConverter.convertToParenthesizedExpression(ASTConverter.java:3795)
	at org.eclipse.jdt.core.dom.ASTConverter.convert(ASTConverter.java:1943)
	at org.eclipse.jdt.core.dom.ASTConverter.convert(ASTConverter.java:1204)
	at org.eclipse.jdt.core.dom.ASTConverter.convert(ASTConverter.java:1974)
	at org.eclipse.jdt.core.dom.ASTConverter.convert(ASTConverter.java:2213)
	at org.eclipse.jdt.core.dom.ASTConverter.convert(ASTConverter.java:2994)
	at org.eclipse.jdt.core.dom.ASTConverter.convert(ASTConverter.java:751)
	at org.eclipse.jdt.core.dom.ASTConverter.buildBodyDeclarations(ASTConverter.java:208)
	at org.eclipse.jdt.core.dom.ASTConverter.convert(ASTConverter.java:3347)
	at org.eclipse.jdt.core.dom.ASTConverter.convert(ASTConverter.java:1524)
	at org.eclipse.jdt.core.dom.CompilationUnitResolver.convert(CompilationUnitResolver.java:323)
	at org.eclipse.jdt.core.dom.ASTParser.internalCreateAST(ASTParser.java:1231)
	at org.eclipse.jdt.core.dom.ASTParser.createAST(ASTParser.java:820)
	at org.eclipse.jdt.core.manipulation.CoreASTProvider$1.run(CoreASTProvider.java:272)
	at org.eclipse.core.runtime.SafeRunner.run(SafeRunner.java:45)
	at org.eclipse.jdt.core.manipulation.CoreASTProvider.createAST(CoreASTProvider.java:264)
	at org.eclipse.jdt.core.manipulation.CoreASTProvider.getAST(CoreASTProvider.java:197)
	at org.eclipse.jdt.core.manipulation.SharedASTProviderCore.getAST(SharedASTProviderCore.java:138)
	at org.eclipse.jdt.internal.ui.viewsupport.SelectionListenerWithASTManager$PartListenerGroup.calculateASTandInform(SelectionListenerWithASTManager.java:166)
	at org.eclipse.jdt.internal.ui.viewsupport.SelectionListenerWithASTManager$PartListenerGroup$1.run(SelectionListenerWithASTManager.java:151)
	at org.eclipse.core.internal.jobs.Worker.run(Worker.java:63)

!ENTRY org.eclipse.jdt.core.manipulation 4 2 2026-07-15 16:49:05.109
!MESSAGE Problems occurred when invoking code from plug-in: "org.eclipse.jdt.core.manipulation".
!STACK 0
java.lang.IllegalArgumentException
	at org.eclipse.jdt.core.dom.InfixExpression.setOperator(InfixExpression.java:383)
	at org.eclipse.jdt.core.dom.ASTConverter.convert(ASTConverter.java:2664)
	at org.eclipse.jdt.core.dom.ASTConverter.convert(ASTConverter.java:2025)
	at org.eclipse.jdt.core.dom.ASTConverter.convertToParenthesizedExpression(ASTConverter.java:3795)
	at org.eclipse.jdt.core.dom.ASTConverter.convert(ASTConverter.java:1943)
	at org.eclipse.jdt.core.dom.ASTConverter.convert(ASTConverter.java:1204)
	at org.eclipse.jdt.core.dom.ASTConverter.convert(ASTConverter.java:1974)
	at org.eclipse.jdt.core.dom.ASTConverter.convert(ASTConverter.java:2213)
	at org.eclipse.jdt.core.dom.ASTConverter.convert(ASTConverter.java:2994)
	at org.eclipse.jdt.core.dom.ASTConverter.convert(ASTConverter.java:751)
	at org.eclipse.jdt.core.dom.ASTConverter.buildBodyDeclarations(ASTConverter.java:208)
	at org.eclipse.jdt.core.dom.ASTConverter.convert(ASTConverter.java:3347)
	at org.eclipse.jdt.core.dom.ASTConverter.convert(ASTConverter.java:1524)
	at org.eclipse.jdt.core.dom.CompilationUnitResolver.convert(CompilationUnitResolver.java:323)
	at org.eclipse.jdt.core.dom.ASTParser.internalCreateAST(ASTParser.java:1231)
	at org.eclipse.jdt.core.dom.ASTParser.createAST(ASTParser.java:820)
	at org.eclipse.jdt.core.manipulation.CoreASTProvider$1.run(CoreASTProvider.java:272)
	at org.eclipse.core.runtime.SafeRunner.run(SafeRunner.java:45)
	at org.eclipse.jdt.core.manipulation.CoreASTProvider.createAST(CoreASTProvider.java:264)
	at org.eclipse.jdt.core.manipulation.CoreASTProvider.getAST(CoreASTProvider.java:197)
	at org.eclipse.jdt.core.manipulation.SharedASTProviderCore.getAST(SharedASTProviderCore.java:138)
	at org.eclipse.jdt.internal.ui.viewsupport.SelectionListenerWithASTManager$PartListenerGroup.calculateASTandInform(SelectionListenerWithASTManager.java:166)
	at org.eclipse.jdt.internal.ui.viewsupport.SelectionListenerWithASTManager$PartListenerGroup$1.run(SelectionListenerWithASTManager.java:151)
	at org.eclipse.core.internal.jobs.Worker.run(Worker.java:63)

!ENTRY org.eclipse.jdt.core.manipulation 4 0 2026-07-15 16:49:05.109
!MESSAGE Error in JDT Core during AST creation
!STACK 0
java.lang.IllegalArgumentException
	at org.eclipse.jdt.core.dom.InfixExpression.setOperator(InfixExpression.java:383)
	at org.eclipse.jdt.core.dom.ASTConverter.convert(ASTConverter.java:2664)
	at org.eclipse.jdt.core.dom.ASTConverter.convert(ASTConverter.java:2025)
	at org.eclipse.jdt.core.dom.ASTConverter.convertToParenthesizedExpression(ASTConverter.java:3795)
	at org.eclipse.jdt.core.dom.ASTConverter.convert(ASTConverter.java:1943)
	at org.eclipse.jdt.core.dom.ASTConverter.convert(ASTConverter.java:1204)
	at org.eclipse.jdt.core.dom.ASTConverter.convert(ASTConverter.java:1974)
	at org.eclipse.jdt.core.dom.ASTConverter.convert(ASTConverter.java:2213)
	at org.eclipse.jdt.core.dom.ASTConverter.convert(ASTConverter.java:2994)
	at org.eclipse.jdt.core.dom.ASTConverter.convert(ASTConverter.java:751)
	at org.eclipse.jdt.core.dom.ASTConverter.buildBodyDeclarations(ASTConverter.java:208)
	at org.eclipse.jdt.core.dom.ASTConverter.convert(ASTConverter.java:3347)
	at org.eclipse.jdt.core.dom.ASTConverter.convert(ASTConverter.java:1524)
	at org.eclipse.jdt.core.dom.CompilationUnitResolver.convert(CompilationUnitResolver.java:323)
	at org.eclipse.jdt.core.dom.ASTParser.internalCreateAST(ASTParser.java:1231)
	at org.eclipse.jdt.core.dom.ASTParser.createAST(ASTParser.java:820)
	at org.eclipse.jdt.core.manipulation.CoreASTProvider$1.run(CoreASTProvider.java:272)
	at org.eclipse.core.runtime.SafeRunner.run(SafeRunner.java:45)
	at org.eclipse.jdt.core.manipulation.CoreASTProvider.createAST(CoreASTProvider.java:264)
	at org.eclipse.jdt.core.manipulation.CoreASTProvider.getAST(CoreASTProvider.java:197)
	at org.eclipse.jdt.core.manipulation.SharedASTProviderCore.getAST(SharedASTProviderCore.java:138)
	at org.eclipse.jdt.internal.ui.viewsupport.SelectionListenerWithASTManager$PartListenerGroup.calculateASTandInform(SelectionListenerWithASTManager.java:166)
	at org.eclipse.jdt.internal.ui.viewsupport.SelectionListenerWithASTManager$PartListenerGroup$1.run(SelectionListenerWithASTManager.java:151)
	at org.eclipse.core.internal.jobs.Worker.run(Worker.java:63)

!ENTRY org.eclipse.jdt.core 4 4 2026-07-15 16:49:06.192
!MESSAGE Exception occurred during compilation unit conversion:
----------------------------------- SOURCE BEGIN -------------------------------------
package exam;
/*
 * 문]
 *  정수 3개를 입력받고, 3개의 숫자 중 
 *  중간크기의 수를 출력하는 프로그램을 구현하시오
 *  
 *  출력결과
 *  첫번쨰 수 : 20 
 *  두번쨰 수 : 100 
 *  세번쨰 수 : 33
 *  중간 값은 33
 *  
 */

import java.util.*;
public class IfEX04 {

	public static void main(String[] args) {
		Scanner sc = new Scanner(System.in);
		int n1, n2, n3;
		
		System.out.println("첫번쨰 수 :");
		n1 = sc.nextInt();
		System.out.println("두번쨰 수 :");
		n2 = sc.nextInt();
		System.out.println("세번쨰 수 :");
		n3 = sc.nextInt();
		
		int median = n1;// 처음 중간값을 n1으로 초기화 함

		if((n1 >= n2 && n1 <= n3 || (n1 >= n3 && n1 <= n2))
		((n1 >= n2 && n1 <= n3) || (n1 >= n3 && n1 <= n2)){// n1이 중간값이 될 수 있는 조건  
			median = n1;
		}else if ((n2 >= n1 && n2 <= n3) || (n2 >= n3 && n2 <= n1))// n2가 중간값이 될 수 있는 조건
			median = n2;
	    //}else// 그외 중간값은 n3
	    	median = n3;
		//결과
		System.out.println("중간값은" +median);

}}

----------------------------------- SOURCE END -------------------------------------
!STACK 0
java.lang.IllegalArgumentException
	at org.eclipse.jdt.core.dom.InfixExpression.setOperator(InfixExpression.java:383)
	at org.eclipse.jdt.core.dom.ASTConverter.convert(ASTConverter.java:2664)
	at org.eclipse.jdt.core.dom.ASTConverter.convert(ASTConverter.java:2025)
	at org.eclipse.jdt.core.dom.ASTConverter.convertToParenthesizedExpression(ASTConverter.java:3795)
	at org.eclipse.jdt.core.dom.ASTConverter.convert(ASTConverter.java:1943)
	at org.eclipse.jdt.core.dom.ASTConverter.convert(ASTConverter.java:1204)
	at org.eclipse.jdt.core.dom.ASTConverter.convert(ASTConverter.java:1974)
	at org.eclipse.jdt.core.dom.ASTConverter.convert(ASTConverter.java:2213)
	at org.eclipse.jdt.core.dom.ASTConverter.convert(ASTConverter.java:2994)
	at org.eclipse.jdt.core.dom.ASTConverter.convert(ASTConverter.java:751)
	at org.eclipse.jdt.core.dom.ASTConverter.buildBodyDeclarations(ASTConverter.java:208)
	at org.eclipse.jdt.core.dom.ASTConverter.convert(ASTConverter.java:3347)
	at org.eclipse.jdt.core.dom.ASTConverter.convert(ASTConverter.java:1524)
	at org.eclipse.jdt.core.dom.AST.convertCompilationUnit(AST.java:494)
	at org.eclipse.jdt.internal.core.CompilationUnit.buildStructure(CompilationUnit.java:201)
	at org.eclipse.jdt.internal.core.Openable.generateInfos(Openable.java:266)
	at org.eclipse.jdt.internal.core.JavaElement.openWhenClosed(JavaElement.java:597)
	at org.eclipse.jdt.internal.core.CompilationUnit.makeConsistent(CompilationUnit.java:1142)
	at org.eclipse.jdt.internal.core.ReconcileWorkingCopyOperation.makeConsistent(ReconcileWorkingCopyOperation.java:173)
	at org.eclipse.jdt.internal.core.ReconcileWorkingCopyOperation.executeOperation(ReconcileWorkingCopyOperation.java:94)
	at org.eclipse.jdt.internal.core.JavaModelOperation.run(JavaModelOperation.java:740)
	at org.eclipse.jdt.internal.core.JavaModelOperation.runOperation(JavaModelOperation.java:806)
	at org.eclipse.jdt.internal.core.CompilationUnit.reconcile(CompilationUnit.java:1319)
	at org.eclipse.jdt.internal.ui.text.java.JavaReconcilingStrategy.reconcile(JavaReconcilingStrategy.java:131)
	at org.eclipse.jdt.internal.ui.text.java.JavaReconcilingStrategy.access$0(JavaReconcilingStrategy.java:113)
	at org.eclipse.jdt.internal.ui.text.java.JavaReconcilingStrategy$1.run(JavaReconcilingStrategy.java:93)
	at org.eclipse.core.runtime.SafeRunner.run(SafeRunner.java:45)
	at org.eclipse.jdt.internal.ui.text.java.JavaReconcilingStrategy.reconcile(JavaReconcilingStrategy.java:90)
	at org.eclipse.jdt.internal.ui.text.java.JavaReconcilingStrategy.reconcile(JavaReconcilingStrategy.java:157)
	at org.eclipse.jdt.internal.ui.text.CompositeReconcilingStrategy.reconcile(CompositeReconcilingStrategy.java:94)
	at org.eclipse.jdt.internal.ui.text.JavaCompositeReconcilingStrategy.reconcile(JavaCompositeReconcilingStrategy.java:107)
	at org.eclipse.jface.text.reconciler.MonoReconciler.process(MonoReconciler.java:76)
	at org.eclipse.jface.text.reconciler.AbstractReconciler$BackgroundThread.run(AbstractReconciler.java:210)

!ENTRY org.eclipse.jdt.ui 4 2 2026-07-15 16:49:06.193
!MESSAGE Problems occurred when invoking code from plug-in: "org.eclipse.jdt.ui".
!STACK 0
java.lang.IllegalArgumentException
	at org.eclipse.jdt.core.dom.InfixExpression.setOperator(InfixExpression.java:383)
	at org.eclipse.jdt.core.dom.ASTConverter.convert(ASTConverter.java:2664)
	at org.eclipse.jdt.core.dom.ASTConverter.convert(ASTConverter.java:2025)
	at org.eclipse.jdt.core.dom.ASTConverter.convertToParenthesizedExpression(ASTConverter.java:3795)
	at org.eclipse.jdt.core.dom.ASTConverter.convert(ASTConverter.java:1943)
	at org.eclipse.jdt.core.dom.ASTConverter.convert(ASTConverter.java:1204)
	at org.eclipse.jdt.core.dom.ASTConverter.convert(ASTConverter.java:1974)
	at org.eclipse.jdt.core.dom.ASTConverter.convert(ASTConverter.java:2213)
	at org.eclipse.jdt.core.dom.ASTConverter.convert(ASTConverter.java:2994)
	at org.eclipse.jdt.core.dom.ASTConverter.convert(ASTConverter.java:751)
	at org.eclipse.jdt.core.dom.ASTConverter.buildBodyDeclarations(ASTConverter.java:208)
	at org.eclipse.jdt.core.dom.ASTConverter.convert(ASTConverter.java:3347)
	at org.eclipse.jdt.core.dom.ASTConverter.convert(ASTConverter.java:1524)
	at org.eclipse.jdt.core.dom.AST.convertCompilationUnit(AST.java:494)
	at org.eclipse.jdt.internal.core.CompilationUnit.buildStructure(CompilationUnit.java:201)
	at org.eclipse.jdt.internal.core.Openable.generateInfos(Openable.java:266)
	at org.eclipse.jdt.internal.core.JavaElement.openWhenClosed(JavaElement.java:597)
	at org.eclipse.jdt.internal.core.CompilationUnit.makeConsistent(CompilationUnit.java:1142)
	at org.eclipse.jdt.internal.core.ReconcileWorkingCopyOperation.makeConsistent(ReconcileWorkingCopyOperation.java:173)
	at org.eclipse.jdt.internal.core.ReconcileWorkingCopyOperation.executeOperation(ReconcileWorkingCopyOperation.java:94)
	at org.eclipse.jdt.internal.core.JavaModelOperation.run(JavaModelOperation.java:740)
	at org.eclipse.jdt.internal.core.JavaModelOperation.runOperation(JavaModelOperation.java:806)
	at org.eclipse.jdt.internal.core.CompilationUnit.reconcile(CompilationUnit.java:1319)
	at org.eclipse.jdt.internal.ui.text.java.JavaReconcilingStrategy.reconcile(JavaReconcilingStrategy.java:131)
	at org.eclipse.jdt.internal.ui.text.java.JavaReconcilingStrategy.access$0(JavaReconcilingStrategy.java:113)
	at org.eclipse.jdt.internal.ui.text.java.JavaReconcilingStrategy$1.run(JavaReconcilingStrategy.java:93)
	at org.eclipse.core.runtime.SafeRunner.run(SafeRunner.java:45)
	at org.eclipse.jdt.internal.ui.text.java.JavaReconcilingStrategy.reconcile(JavaReconcilingStrategy.java:90)
	at org.eclipse.jdt.internal.ui.text.java.JavaReconcilingStrategy.reconcile(JavaReconcilingStrategy.java:157)
	at org.eclipse.jdt.internal.ui.text.CompositeReconcilingStrategy.reconcile(CompositeReconcilingStrategy.java:94)
	at org.eclipse.jdt.internal.ui.text.JavaCompositeReconcilingStrategy.reconcile(JavaCompositeReconcilingStrategy.java:107)
	at org.eclipse.jface.text.reconciler.MonoReconciler.process(MonoReconciler.java:76)
	at org.eclipse.jface.text.reconciler.AbstractReconciler$BackgroundThread.run(AbstractReconciler.java:210)

!ENTRY org.eclipse.jdt.ui 4 0 2026-07-15 16:49:06.193
!MESSAGE Error in JDT Core during reconcile
!STACK 0
java.lang.IllegalArgumentException
	at org.eclipse.jdt.core.dom.InfixExpression.setOperator(InfixExpression.java:383)
	at org.eclipse.jdt.core.dom.ASTConverter.convert(ASTConverter.java:2664)
	at org.eclipse.jdt.core.dom.ASTConverter.convert(ASTConverter.java:2025)
	at org.eclipse.jdt.core.dom.ASTConverter.convertToParenthesizedExpression(ASTConverter.java:3795)
	at org.eclipse.jdt.core.dom.ASTConverter.convert(ASTConverter.java:1943)
	at org.eclipse.jdt.core.dom.ASTConverter.convert(ASTConverter.java:1204)
	at org.eclipse.jdt.core.dom.ASTConverter.convert(ASTConverter.java:1974)
	at org.eclipse.jdt.core.dom.ASTConverter.convert(ASTConverter.java:2213)
	at org.eclipse.jdt.core.dom.ASTConverter.convert(ASTConverter.java:2994)
	at org.eclipse.jdt.core.dom.ASTConverter.convert(ASTConverter.java:751)
	at org.eclipse.jdt.core.dom.ASTConverter.buildBodyDeclarations(ASTConverter.java:208)
	at org.eclipse.jdt.core.dom.ASTConverter.convert(ASTConverter.java:3347)
	at org.eclipse.jdt.core.dom.ASTConverter.convert(ASTConverter.java:1524)
	at org.eclipse.jdt.core.dom.AST.convertCompilationUnit(AST.java:494)
	at org.eclipse.jdt.internal.core.CompilationUnit.buildStructure(CompilationUnit.java:201)
	at org.eclipse.jdt.internal.core.Openable.generateInfos(Openable.java:266)
	at org.eclipse.jdt.internal.core.JavaElement.openWhenClosed(JavaElement.java:597)
	at org.eclipse.jdt.internal.core.CompilationUnit.makeConsistent(CompilationUnit.java:1142)
	at org.eclipse.jdt.internal.core.ReconcileWorkingCopyOperation.makeConsistent(ReconcileWorkingCopyOperation.java:173)
	at org.eclipse.jdt.internal.core.ReconcileWorkingCopyOperation.executeOperation(ReconcileWorkingCopyOperation.java:94)
	at org.eclipse.jdt.internal.core.JavaModelOperation.run(JavaModelOperation.java:740)
	at org.eclipse.jdt.internal.core.JavaModelOperation.runOperation(JavaModelOperation.java:806)
	at org.eclipse.jdt.internal.core.CompilationUnit.reconcile(CompilationUnit.java:1319)
	at org.eclipse.jdt.internal.ui.text.java.JavaReconcilingStrategy.reconcile(JavaReconcilingStrategy.java:131)
	at org.eclipse.jdt.internal.ui.text.java.JavaReconcilingStrategy.access$0(JavaReconcilingStrategy.java:113)
	at org.eclipse.jdt.internal.ui.text.java.JavaReconcilingStrategy$1.run(JavaReconcilingStrategy.java:93)
	at org.eclipse.core.runtime.SafeRunner.run(SafeRunner.java:45)
	at org.eclipse.jdt.internal.ui.text.java.JavaReconcilingStrategy.reconcile(JavaReconcilingStrategy.java:90)
	at org.eclipse.jdt.internal.ui.text.java.JavaReconcilingStrategy.reconcile(JavaReconcilingStrategy.java:157)
	at org.eclipse.jdt.internal.ui.text.CompositeReconcilingStrategy.reconcile(CompositeReconcilingStrategy.java:94)
	at org.eclipse.jdt.internal.ui.text.JavaCompositeReconcilingStrategy.reconcile(JavaCompositeReconcilingStrategy.java:107)
	at org.eclipse.jface.text.reconciler.MonoReconciler.process(MonoReconciler.java:76)
	at org.eclipse.jface.text.reconciler.AbstractReconciler$BackgroundThread.run(AbstractReconciler.java:210)

!ENTRY org.eclipse.jdt.core 4 4 2026-07-15 16:49:06.630
!MESSAGE Exception occurred during compilation unit conversion:
----------------------------------- SOURCE BEGIN -------------------------------------
package exam;
/*
 * 문]
 *  정수 3개를 입력받고, 3개의 숫자 중 
 *  중간크기의 수를 출력하는 프로그램을 구현하시오
 *  
 *  출력결과
 *  첫번쨰 수 : 20 
 *  두번쨰 수 : 100 
 *  세번쨰 수 : 33
 *  중간 값은 33
 *  
 */

import java.util.*;
public class IfEX04 {

	public static void main(String[] args) {
		Scanner sc = new Scanner(System.in);
		int n1, n2, n3;
		
		System.out.println("첫번쨰 수 :");
		n1 = sc.nextInt();
		System.out.println("두번쨰 수 :");
		n2 = sc.nextInt();
		System.out.println("세번쨰 수 :");
		n3 = sc.nextInt();
		
		int median = n1;// 처음 중간값을 n1으로 초기화 함

		if((n1 >= n2 && n1 <= n3 || (n1 >= n3 && n1 <= n2))
		((n1 >= n2 && n1 <= n3) || (n1 >= n3 && n1 <= n2)){// n1이 중간값이 될 수 있는 조건  
			median = n1;
		}else if ((n2 >= n1 && n2 <= n3) || (n2 >= n3 && n2 <= n1))// n2가 중간값이 될 수 있는 조건
			median = n2;
	    //}else// 그외 중간값은 n3
	    	median = n3;
		//결과
		System.out.println("중간값은" +median);

}}

----------------------------------- SOURCE END -------------------------------------
!STACK 0
java.lang.IllegalArgumentException
	at org.eclipse.jdt.core.dom.InfixExpression.setOperator(InfixExpression.java:383)
	at org.eclipse.jdt.core.dom.ASTConverter.convert(ASTConverter.java:2664)
	at org.eclipse.jdt.core.dom.ASTConverter.convert(ASTConverter.java:2025)
	at org.eclipse.jdt.core.dom.ASTConverter.convertToParenthesizedExpression(ASTConverter.java:3795)
	at org.eclipse.jdt.core.dom.ASTConverter.convert(ASTConverter.java:1943)
	at org.eclipse.jdt.core.dom.ASTConverter.convert(ASTConverter.java:1204)
	at org.eclipse.jdt.core.dom.ASTConverter.convert(ASTConverter.java:1974)
	at org.eclipse.jdt.core.dom.ASTConverter.convert(ASTConverter.java:2213)
	at org.eclipse.jdt.core.dom.ASTConverter.convert(ASTConverter.java:2994)
	at org.eclipse.jdt.core.dom.ASTConverter.convert(ASTConverter.java:751)
	at org.eclipse.jdt.core.dom.ASTConverter.buildBodyDeclarations(ASTConverter.java:208)
	at org.eclipse.jdt.core.dom.ASTConverter.convert(ASTConverter.java:3347)
	at org.eclipse.jdt.core.dom.ASTConverter.convert(ASTConverter.java:1524)
	at org.eclipse.jdt.core.dom.CompilationUnitResolver.convert(CompilationUnitResolver.java:323)
	at org.eclipse.jdt.core.dom.ASTParser.internalCreateAST(ASTParser.java:1231)
	at org.eclipse.jdt.core.dom.ASTParser.createAST(ASTParser.java:820)
	at org.eclipse.jdt.core.manipulation.CoreASTProvider$1.run(CoreASTProvider.java:272)
	at org.eclipse.core.runtime.SafeRunner.run(SafeRunner.java:45)
	at org.eclipse.jdt.core.manipulation.CoreASTProvider.createAST(CoreASTProvider.java:264)
	at org.eclipse.jdt.core.manipulation.CoreASTProvider.getAST(CoreASTProvider.java:197)
	at org.eclipse.jdt.core.manipulation.SharedASTProviderCore.getAST(SharedASTProviderCore.java:138)
	at org.eclipse.jdt.internal.ui.viewsupport.SelectionListenerWithASTManager$PartListenerGroup.calculateASTandInform(SelectionListenerWithASTManager.java:166)
	at org.eclipse.jdt.internal.ui.viewsupport.SelectionListenerWithASTManager$PartListenerGroup$1.run(SelectionListenerWithASTManager.java:151)
	at org.eclipse.core.internal.jobs.Worker.run(Worker.java:63)

!ENTRY org.eclipse.jdt.core.manipulation 4 2 2026-07-15 16:49:06.631
!MESSAGE Problems occurred when invoking code from plug-in: "org.eclipse.jdt.core.manipulation".
!STACK 0
java.lang.IllegalArgumentException
	at org.eclipse.jdt.core.dom.InfixExpression.setOperator(InfixExpression.java:383)
	at org.eclipse.jdt.core.dom.ASTConverter.convert(ASTConverter.java:2664)
	at org.eclipse.jdt.core.dom.ASTConverter.convert(ASTConverter.java:2025)
	at org.eclipse.jdt.core.dom.ASTConverter.convertToParenthesizedExpression(ASTConverter.java:3795)
	at org.eclipse.jdt.core.dom.ASTConverter.convert(ASTConverter.java:1943)
	at org.eclipse.jdt.core.dom.ASTConverter.convert(ASTConverter.java:1204)
	at org.eclipse.jdt.core.dom.ASTConverter.convert(ASTConverter.java:1974)
	at org.eclipse.jdt.core.dom.ASTConverter.convert(ASTConverter.java:2213)
	at org.eclipse.jdt.core.dom.ASTConverter.convert(ASTConverter.java:2994)
	at org.eclipse.jdt.core.dom.ASTConverter.convert(ASTConverter.java:751)
	at org.eclipse.jdt.core.dom.ASTConverter.buildBodyDeclarations(ASTConverter.java:208)
	at org.eclipse.jdt.core.dom.ASTConverter.convert(ASTConverter.java:3347)
	at org.eclipse.jdt.core.dom.ASTConverter.convert(ASTConverter.java:1524)
	at org.eclipse.jdt.core.dom.CompilationUnitResolver.convert(CompilationUnitResolver.java:323)
	at org.eclipse.jdt.core.dom.ASTParser.internalCreateAST(ASTParser.java:1231)
	at org.eclipse.jdt.core.dom.ASTParser.createAST(ASTParser.java:820)
	at org.eclipse.jdt.core.manipulation.CoreASTProvider$1.run(CoreASTProvider.java:272)
	at org.eclipse.core.runtime.SafeRunner.run(SafeRunner.java:45)
	at org.eclipse.jdt.core.manipulation.CoreASTProvider.createAST(CoreASTProvider.java:264)
	at org.eclipse.jdt.core.manipulation.CoreASTProvider.getAST(CoreASTProvider.java:197)
	at org.eclipse.jdt.core.manipulation.SharedASTProviderCore.getAST(SharedASTProviderCore.java:138)
	at org.eclipse.jdt.internal.ui.viewsupport.SelectionListenerWithASTManager$PartListenerGroup.calculateASTandInform(SelectionListenerWithASTManager.java:166)
	at org.eclipse.jdt.internal.ui.viewsupport.SelectionListenerWithASTManager$PartListenerGroup$1.run(SelectionListenerWithASTManager.java:151)
	at org.eclipse.core.internal.jobs.Worker.run(Worker.java:63)

!ENTRY org.eclipse.jdt.core.manipulation 4 0 2026-07-15 16:49:06.631
!MESSAGE Error in JDT Core during AST creation
!STACK 0
java.lang.IllegalArgumentException
	at org.eclipse.jdt.core.dom.InfixExpression.setOperator(InfixExpression.java:383)
	at org.eclipse.jdt.core.dom.ASTConverter.convert(ASTConverter.java:2664)
	at org.eclipse.jdt.core.dom.ASTConverter.convert(ASTConverter.java:2025)
	at org.eclipse.jdt.core.dom.ASTConverter.convertToParenthesizedExpression(ASTConverter.java:3795)
	at org.eclipse.jdt.core.dom.ASTConverter.convert(ASTConverter.java:1943)
	at org.eclipse.jdt.core.dom.ASTConverter.convert(ASTConverter.java:1204)
	at org.eclipse.jdt.core.dom.ASTConverter.convert(ASTConverter.java:1974)
	at org.eclipse.jdt.core.dom.ASTConverter.convert(ASTConverter.java:2213)
	at org.eclipse.jdt.core.dom.ASTConverter.convert(ASTConverter.java:2994)
	at org.eclipse.jdt.core.dom.ASTConverter.convert(ASTConverter.java:751)
	at org.eclipse.jdt.core.dom.ASTConverter.buildBodyDeclarations(ASTConverter.java:208)
	at org.eclipse.jdt.core.dom.ASTConverter.convert(ASTConverter.java:3347)
	at org.eclipse.jdt.core.dom.ASTConverter.convert(ASTConverter.java:1524)
	at org.eclipse.jdt.core.dom.CompilationUnitResolver.convert(CompilationUnitResolver.java:323)
	at org.eclipse.jdt.core.dom.ASTParser.internalCreateAST(ASTParser.java:1231)
	at org.eclipse.jdt.core.dom.ASTParser.createAST(ASTParser.java:820)
	at org.eclipse.jdt.core.manipulation.CoreASTProvider$1.run(CoreASTProvider.java:272)
	at org.eclipse.core.runtime.SafeRunner.run(SafeRunner.java:45)
	at org.eclipse.jdt.core.manipulation.CoreASTProvider.createAST(CoreASTProvider.java:264)
	at org.eclipse.jdt.core.manipulation.CoreASTProvider.getAST(CoreASTProvider.java:197)
	at org.eclipse.jdt.core.manipulation.SharedASTProviderCore.getAST(SharedASTProviderCore.java:138)
	at org.eclipse.jdt.internal.ui.viewsupport.SelectionListenerWithASTManager$PartListenerGroup.calculateASTandInform(SelectionListenerWithASTManager.java:166)
	at org.eclipse.jdt.internal.ui.viewsupport.SelectionListenerWithASTManager$PartListenerGroup$1.run(SelectionListenerWithASTManager.java:151)
	at org.eclipse.core.internal.jobs.Worker.run(Worker.java:63)

!ENTRY org.eclipse.jdt.core 4 4 2026-07-15 16:49:07.537
!MESSAGE Exception occurred during compilation unit conversion:
----------------------------------- SOURCE BEGIN -------------------------------------
package exam;
/*
 * 문]
 *  정수 3개를 입력받고, 3개의 숫자 중 
 *  중간크기의 수를 출력하는 프로그램을 구현하시오
 *  
 *  출력결과
 *  첫번쨰 수 : 20 
 *  두번쨰 수 : 100 
 *  세번쨰 수 : 33
 *  중간 값은 33
 *  
 */

import java.util.*;
public class IfEX04 {

	public static void main(String[] args) {
		Scanner sc = new Scanner(System.in);
		int n1, n2, n3;
		
		System.out.println("첫번쨰 수 :");
		n1 = sc.nextInt();
		System.out.println("두번쨰 수 :");
		n2 = sc.nextInt();
		System.out.println("세번쨰 수 :");
		n3 = sc.nextInt();
		
		int median = n1;// 처음 중간값을 n1으로 초기화 함

		if((n1 >= n2 && n1 <= n3 || (n1 >= n3 && n1 <= n2))
		((n1 >= n2 && n1 <= n3) || (n1 >= n3 && n1 <= n2)){// n1이 중간값이 될 수 있는 조건  
			median = n1;
		}else if ((n2 >= n1 && n2 <= n3) || (n2 >= n3 && n2 <= n1))// n2가 중간값이 될 수 있는 조건
			median = n2;
	    //}else// 그외 중간값은 n3
	    	median = n3;
		//결과
		System.out.println("중간값은" +median);

}}

----------------------------------- SOURCE END -------------------------------------
!STACK 0
java.lang.IllegalArgumentException
	at org.eclipse.jdt.core.dom.InfixExpression.setOperator(InfixExpression.java:383)
	at org.eclipse.jdt.core.dom.ASTConverter.convert(ASTConverter.java:2664)
	at org.eclipse.jdt.core.dom.ASTConverter.convert(ASTConverter.java:2025)
	at org.eclipse.jdt.core.dom.ASTConverter.convertToParenthesizedExpression(ASTConverter.java:3795)
	at org.eclipse.jdt.core.dom.ASTConverter.convert(ASTConverter.java:1943)
	at org.eclipse.jdt.core.dom.ASTConverter.convert(ASTConverter.java:1204)
	at org.eclipse.jdt.core.dom.ASTConverter.convert(ASTConverter.java:1974)
	at org.eclipse.jdt.core.dom.ASTConverter.convert(ASTConverter.java:2213)
	at org.eclipse.jdt.core.dom.ASTConverter.convert(ASTConverter.java:2994)
	at org.eclipse.jdt.core.dom.ASTConverter.convert(ASTConverter.java:751)
	at org.eclipse.jdt.core.dom.ASTConverter.buildBodyDeclarations(ASTConverter.java:208)
	at org.eclipse.jdt.core.dom.ASTConverter.convert(ASTConverter.java:3347)
	at org.eclipse.jdt.core.dom.ASTConverter.convert(ASTConverter.java:1524)
	at org.eclipse.jdt.core.dom.CompilationUnitResolver.convert(CompilationUnitResolver.java:323)
	at org.eclipse.jdt.core.dom.ASTParser.internalCreateAST(ASTParser.java:1231)
	at org.eclipse.jdt.core.dom.ASTParser.createAST(ASTParser.java:820)
	at org.eclipse.jdt.core.manipulation.CoreASTProvider$1.run(CoreASTProvider.java:272)
	at org.eclipse.core.runtime.SafeRunner.run(SafeRunner.java:45)
	at org.eclipse.jdt.core.manipulation.CoreASTProvider.createAST(CoreASTProvider.java:264)
	at org.eclipse.jdt.core.manipulation.CoreASTProvider.getAST(CoreASTProvider.java:197)
	at org.eclipse.jdt.core.manipulation.SharedASTProviderCore.getAST(SharedASTProviderCore.java:138)
	at org.eclipse.jdt.internal.ui.viewsupport.SelectionListenerWithASTManager$PartListenerGroup.calculateASTandInform(SelectionListenerWithASTManager.java:166)
	at org.eclipse.jdt.internal.ui.viewsupport.SelectionListenerWithASTManager$PartListenerGroup$1.run(SelectionListenerWithASTManager.java:151)
	at org.eclipse.core.internal.jobs.Worker.run(Worker.java:63)

!ENTRY org.eclipse.jdt.core.manipulation 4 2 2026-07-15 16:49:07.537
!MESSAGE Problems occurred when invoking code from plug-in: "org.eclipse.jdt.core.manipulation".
!STACK 0
java.lang.IllegalArgumentException
	at org.eclipse.jdt.core.dom.InfixExpression.setOperator(InfixExpression.java:383)
	at org.eclipse.jdt.core.dom.ASTConverter.convert(ASTConverter.java:2664)
	at org.eclipse.jdt.core.dom.ASTConverter.convert(ASTConverter.java:2025)
	at org.eclipse.jdt.core.dom.ASTConverter.convertToParenthesizedExpression(ASTConverter.java:3795)
	at org.eclipse.jdt.core.dom.ASTConverter.convert(ASTConverter.java:1943)
	at org.eclipse.jdt.core.dom.ASTConverter.convert(ASTConverter.java:1204)
	at org.eclipse.jdt.core.dom.ASTConverter.convert(ASTConverter.java:1974)
	at org.eclipse.jdt.core.dom.ASTConverter.convert(ASTConverter.java:2213)
	at org.eclipse.jdt.core.dom.ASTConverter.convert(ASTConverter.java:2994)
	at org.eclipse.jdt.core.dom.ASTConverter.convert(ASTConverter.java:751)
	at org.eclipse.jdt.core.dom.ASTConverter.buildBodyDeclarations(ASTConverter.java:208)
	at org.eclipse.jdt.core.dom.ASTConverter.convert(ASTConverter.java:3347)
	at org.eclipse.jdt.core.dom.ASTConverter.convert(ASTConverter.java:1524)
	at org.eclipse.jdt.core.dom.CompilationUnitResolver.convert(CompilationUnitResolver.java:323)
	at org.eclipse.jdt.core.dom.ASTParser.internalCreateAST(ASTParser.java:1231)
	at org.eclipse.jdt.core.dom.ASTParser.createAST(ASTParser.java:820)
	at org.eclipse.jdt.core.manipulation.CoreASTProvider$1.run(CoreASTProvider.java:272)
	at org.eclipse.core.runtime.SafeRunner.run(SafeRunner.java:45)
	at org.eclipse.jdt.core.manipulation.CoreASTProvider.createAST(CoreASTProvider.java:264)
	at org.eclipse.jdt.core.manipulation.CoreASTProvider.getAST(CoreASTProvider.java:197)
	at org.eclipse.jdt.core.manipulation.SharedASTProviderCore.getAST(SharedASTProviderCore.java:138)
	at org.eclipse.jdt.internal.ui.viewsupport.SelectionListenerWithASTManager$PartListenerGroup.calculateASTandInform(SelectionListenerWithASTManager.java:166)
	at org.eclipse.jdt.internal.ui.viewsupport.SelectionListenerWithASTManager$PartListenerGroup$1.run(SelectionListenerWithASTManager.java:151)
	at org.eclipse.core.internal.jobs.Worker.run(Worker.java:63)

!ENTRY org.eclipse.jdt.core.manipulation 4 0 2026-07-15 16:49:07.538
!MESSAGE Error in JDT Core during AST creation
!STACK 0
java.lang.IllegalArgumentException
	at org.eclipse.jdt.core.dom.InfixExpression.setOperator(InfixExpression.java:383)
	at org.eclipse.jdt.core.dom.ASTConverter.convert(ASTConverter.java:2664)
	at org.eclipse.jdt.core.dom.ASTConverter.convert(ASTConverter.java:2025)
	at org.eclipse.jdt.core.dom.ASTConverter.convertToParenthesizedExpression(ASTConverter.java:3795)
	at org.eclipse.jdt.core.dom.ASTConverter.convert(ASTConverter.java:1943)
	at org.eclipse.jdt.core.dom.ASTConverter.convert(ASTConverter.java:1204)
	at org.eclipse.jdt.core.dom.ASTConverter.convert(ASTConverter.java:1974)
	at org.eclipse.jdt.core.dom.ASTConverter.convert(ASTConverter.java:2213)
	at org.eclipse.jdt.core.dom.ASTConverter.convert(ASTConverter.java:2994)
	at org.eclipse.jdt.core.dom.ASTConverter.convert(ASTConverter.java:751)
	at org.eclipse.jdt.core.dom.ASTConverter.buildBodyDeclarations(ASTConverter.java:208)
	at org.eclipse.jdt.core.dom.ASTConverter.convert(ASTConverter.java:3347)
	at org.eclipse.jdt.core.dom.ASTConverter.convert(ASTConverter.java:1524)
	at org.eclipse.jdt.core.dom.CompilationUnitResolver.convert(CompilationUnitResolver.java:323)
	at org.eclipse.jdt.core.dom.ASTParser.internalCreateAST(ASTParser.java:1231)
	at org.eclipse.jdt.core.dom.ASTParser.createAST(ASTParser.java:820)
	at org.eclipse.jdt.core.manipulation.CoreASTProvider$1.run(CoreASTProvider.java:272)
	at org.eclipse.core.runtime.SafeRunner.run(SafeRunner.java:45)
	at org.eclipse.jdt.core.manipulation.CoreASTProvider.createAST(CoreASTProvider.java:264)
	at org.eclipse.jdt.core.manipulation.CoreASTProvider.getAST(CoreASTProvider.java:197)
	at org.eclipse.jdt.core.manipulation.SharedASTProviderCore.getAST(SharedASTProviderCore.java:138)
	at org.eclipse.jdt.internal.ui.viewsupport.SelectionListenerWithASTManager$PartListenerGroup.calculateASTandInform(SelectionListenerWithASTManager.java:166)
	at org.eclipse.jdt.internal.ui.viewsupport.SelectionListenerWithASTManager$PartListenerGroup$1.run(SelectionListenerWithASTManager.java:151)
	at org.eclipse.core.internal.jobs.Worker.run(Worker.java:63)

!ENTRY org.eclipse.jdt.core 4 4 2026-07-15 16:49:24.713
!MESSAGE Exception occurred during compilation unit conversion:
----------------------------------- SOURCE BEGIN -------------------------------------
package exam;
/*
 * 문]
 *  정수 3개를 입력받고, 3개의 숫자 중 
 *  중간크기의 수를 출력하는 프로그램을 구현하시오
 *  
 *  출력결과
 *  첫번쨰 수 : 20 
 *  두번쨰 수 : 100 
 *  세번쨰 수 : 33
 *  중간 값은 33
 *  
 */

import java.util.*;
public class IfEX04 {

	public static void main(String[] args) {
		Scanner sc = new Scanner(System.in);
		int n1, n2, n3;
		
		System.out.println("첫번쨰 수 :");
		n1 = sc.nextInt();
		System.out.println("두번쨰 수 :");
		n2 = sc.nextInt();
		System.out.println("세번쨰 수 :");
		n3 = sc.nextInt();
		
		int median = n1;// 처음 중간값을 n1으로 초기화 함

		if((n1 >= n2 && n1 <= n3 || (n1 >= n3 && n1 <= n2))
		   ((n1 >= n2 && n1 <= n3) || (n1 >= n3 && n1 <= n2)){// n1이 중간값이 될 수 있는 조건  
			median = n1;
		}else if ((n2 >= n1 && n2 <= n3) || (n2 >= n3 && n2 <= n1))// n2가 중간값이 될 수 있는 조건
			median = n2;
	    //}else// 그외 중간값은 n3
	    	median = n3;
		//결과
		System.out.println("중간값은" +median);

}}

----------------------------------- SOURCE END -------------------------------------
!STACK 0
java.lang.IllegalArgumentException
	at org.eclipse.jdt.core.dom.InfixExpression.setOperator(InfixExpression.java:383)
	at org.eclipse.jdt.core.dom.ASTConverter.convert(ASTConverter.java:2664)
	at org.eclipse.jdt.core.dom.ASTConverter.convert(ASTConverter.java:2025)
	at org.eclipse.jdt.core.dom.ASTConverter.convertToParenthesizedExpression(ASTConverter.java:3795)
	at org.eclipse.jdt.core.dom.ASTConverter.convert(ASTConverter.java:1943)
	at org.eclipse.jdt.core.dom.ASTConverter.convert(ASTConverter.java:1204)
	at org.eclipse.jdt.core.dom.ASTConverter.convert(ASTConverter.java:1974)
	at org.eclipse.jdt.core.dom.ASTConverter.convert(ASTConverter.java:2213)
	at org.eclipse.jdt.core.dom.ASTConverter.convert(ASTConverter.java:2994)
	at org.eclipse.jdt.core.dom.ASTConverter.convert(ASTConverter.java:751)
	at org.eclipse.jdt.core.dom.ASTConverter.buildBodyDeclarations(ASTConverter.java:208)
	at org.eclipse.jdt.core.dom.ASTConverter.convert(ASTConverter.java:3347)
	at org.eclipse.jdt.core.dom.ASTConverter.convert(ASTConverter.java:1524)
	at org.eclipse.jdt.core.dom.AST.convertCompilationUnit(AST.java:494)
	at org.eclipse.jdt.internal.core.CompilationUnit.buildStructure(CompilationUnit.java:201)
	at org.eclipse.jdt.internal.core.Openable.generateInfos(Openable.java:266)
	at org.eclipse.jdt.internal.core.JavaElement.openWhenClosed(JavaElement.java:597)
	at org.eclipse.jdt.internal.core.CompilationUnit.makeConsistent(CompilationUnit.java:1142)
	at org.eclipse.jdt.internal.core.ReconcileWorkingCopyOperation.makeConsistent(ReconcileWorkingCopyOperation.java:173)
	at org.eclipse.jdt.internal.core.ReconcileWorkingCopyOperation.executeOperation(ReconcileWorkingCopyOperation.java:94)
	at org.eclipse.jdt.internal.core.JavaModelOperation.run(JavaModelOperation.java:740)
	at org.eclipse.jdt.internal.core.JavaModelOperation.runOperation(JavaModelOperation.java:806)
	at org.eclipse.jdt.internal.core.CompilationUnit.reconcile(CompilationUnit.java:1319)
	at org.eclipse.jdt.internal.ui.text.java.JavaReconcilingStrategy.reconcile(JavaReconcilingStrategy.java:131)
	at org.eclipse.jdt.internal.ui.text.java.JavaReconcilingStrategy.access$0(JavaReconcilingStrategy.java:113)
	at org.eclipse.jdt.internal.ui.text.java.JavaReconcilingStrategy$1.run(JavaReconcilingStrategy.java:93)
	at org.eclipse.core.runtime.SafeRunner.run(SafeRunner.java:45)
	at org.eclipse.jdt.internal.ui.text.java.JavaReconcilingStrategy.reconcile(JavaReconcilingStrategy.java:90)
	at org.eclipse.jdt.internal.ui.text.java.JavaReconcilingStrategy.reconcile(JavaReconcilingStrategy.java:157)
	at org.eclipse.jdt.internal.ui.text.CompositeReconcilingStrategy.reconcile(CompositeReconcilingStrategy.java:94)
	at org.eclipse.jdt.internal.ui.text.JavaCompositeReconcilingStrategy.reconcile(JavaCompositeReconcilingStrategy.java:107)
	at org.eclipse.jface.text.reconciler.MonoReconciler.process(MonoReconciler.java:76)
	at org.eclipse.jface.text.reconciler.AbstractReconciler$BackgroundThread.run(AbstractReconciler.java:210)

!ENTRY org.eclipse.jdt.ui 4 2 2026-07-15 16:49:24.713
!MESSAGE Problems occurred when invoking code from plug-in: "org.eclipse.jdt.ui".
!STACK 0
java.lang.IllegalArgumentException
	at org.eclipse.jdt.core.dom.InfixExpression.setOperator(InfixExpression.java:383)
	at org.eclipse.jdt.core.dom.ASTConverter.convert(ASTConverter.java:2664)
	at org.eclipse.jdt.core.dom.ASTConverter.convert(ASTConverter.java:2025)
	at org.eclipse.jdt.core.dom.ASTConverter.convertToParenthesizedExpression(ASTConverter.java:3795)
	at org.eclipse.jdt.core.dom.ASTConverter.convert(ASTConverter.java:1943)
	at org.eclipse.jdt.core.dom.ASTConverter.convert(ASTConverter.java:1204)
	at org.eclipse.jdt.core.dom.ASTConverter.convert(ASTConverter.java:1974)
	at org.eclipse.jdt.core.dom.ASTConverter.convert(ASTConverter.java:2213)
	at org.eclipse.jdt.core.dom.ASTConverter.convert(ASTConverter.java:2994)
	at org.eclipse.jdt.core.dom.ASTConverter.convert(ASTConverter.java:751)
	at org.eclipse.jdt.core.dom.ASTConverter.buildBodyDeclarations(ASTConverter.java:208)
	at org.eclipse.jdt.core.dom.ASTConverter.convert(ASTConverter.java:3347)
	at org.eclipse.jdt.core.dom.ASTConverter.convert(ASTConverter.java:1524)
	at org.eclipse.jdt.core.dom.AST.convertCompilationUnit(AST.java:494)
	at org.eclipse.jdt.internal.core.CompilationUnit.buildStructure(CompilationUnit.java:201)
	at org.eclipse.jdt.internal.core.Openable.generateInfos(Openable.java:266)
	at org.eclipse.jdt.internal.core.JavaElement.openWhenClosed(JavaElement.java:597)
	at org.eclipse.jdt.internal.core.CompilationUnit.makeConsistent(CompilationUnit.java:1142)
	at org.eclipse.jdt.internal.core.ReconcileWorkingCopyOperation.makeConsistent(ReconcileWorkingCopyOperation.java:173)
	at org.eclipse.jdt.internal.core.ReconcileWorkingCopyOperation.executeOperation(ReconcileWorkingCopyOperation.java:94)
	at org.eclipse.jdt.internal.core.JavaModelOperation.run(JavaModelOperation.java:740)
	at org.eclipse.jdt.internal.core.JavaModelOperation.runOperation(JavaModelOperation.java:806)
	at org.eclipse.jdt.internal.core.CompilationUnit.reconcile(CompilationUnit.java:1319)
	at org.eclipse.jdt.internal.ui.text.java.JavaReconcilingStrategy.reconcile(JavaReconcilingStrategy.java:131)
	at org.eclipse.jdt.internal.ui.text.java.JavaReconcilingStrategy.access$0(JavaReconcilingStrategy.java:113)
	at org.eclipse.jdt.internal.ui.text.java.JavaReconcilingStrategy$1.run(JavaReconcilingStrategy.java:93)
	at org.eclipse.core.runtime.SafeRunner.run(SafeRunner.java:45)
	at org.eclipse.jdt.internal.ui.text.java.JavaReconcilingStrategy.reconcile(JavaReconcilingStrategy.java:90)
	at org.eclipse.jdt.internal.ui.text.java.JavaReconcilingStrategy.reconcile(JavaReconcilingStrategy.java:157)
	at org.eclipse.jdt.internal.ui.text.CompositeReconcilingStrategy.reconcile(CompositeReconcilingStrategy.java:94)
	at org.eclipse.jdt.internal.ui.text.JavaCompositeReconcilingStrategy.reconcile(JavaCompositeReconcilingStrategy.java:107)
	at org.eclipse.jface.text.reconciler.MonoReconciler.process(MonoReconciler.java:76)
	at org.eclipse.jface.text.reconciler.AbstractReconciler$BackgroundThread.run(AbstractReconciler.java:210)

!ENTRY org.eclipse.jdt.ui 4 0 2026-07-15 16:49:24.714
!MESSAGE Error in JDT Core during reconcile
!STACK 0
java.lang.IllegalArgumentException
	at org.eclipse.jdt.core.dom.InfixExpression.setOperator(InfixExpression.java:383)
	at org.eclipse.jdt.core.dom.ASTConverter.convert(ASTConverter.java:2664)
	at org.eclipse.jdt.core.dom.ASTConverter.convert(ASTConverter.java:2025)
	at org.eclipse.jdt.core.dom.ASTConverter.convertToParenthesizedExpression(ASTConverter.java:3795)
	at org.eclipse.jdt.core.dom.ASTConverter.convert(ASTConverter.java:1943)
	at org.eclipse.jdt.core.dom.ASTConverter.convert(ASTConverter.java:1204)
	at org.eclipse.jdt.core.dom.ASTConverter.convert(ASTConverter.java:1974)
	at org.eclipse.jdt.core.dom.ASTConverter.convert(ASTConverter.java:2213)
	at org.eclipse.jdt.core.dom.ASTConverter.convert(ASTConverter.java:2994)
	at org.eclipse.jdt.core.dom.ASTConverter.convert(ASTConverter.java:751)
	at org.eclipse.jdt.core.dom.ASTConverter.buildBodyDeclarations(ASTConverter.java:208)
	at org.eclipse.jdt.core.dom.ASTConverter.convert(ASTConverter.java:3347)
	at org.eclipse.jdt.core.dom.ASTConverter.convert(ASTConverter.java:1524)
	at org.eclipse.jdt.core.dom.AST.convertCompilationUnit(AST.java:494)
	at org.eclipse.jdt.internal.core.CompilationUnit.buildStructure(CompilationUnit.java:201)
	at org.eclipse.jdt.internal.core.Openable.generateInfos(Openable.java:266)
	at org.eclipse.jdt.internal.core.JavaElement.openWhenClosed(JavaElement.java:597)
	at org.eclipse.jdt.internal.core.CompilationUnit.makeConsistent(CompilationUnit.java:1142)
	at org.eclipse.jdt.internal.core.ReconcileWorkingCopyOperation.makeConsistent(ReconcileWorkingCopyOperation.java:173)
	at org.eclipse.jdt.internal.core.ReconcileWorkingCopyOperation.executeOperation(ReconcileWorkingCopyOperation.java:94)
	at org.eclipse.jdt.internal.core.JavaModelOperation.run(JavaModelOperation.java:740)
	at org.eclipse.jdt.internal.core.JavaModelOperation.runOperation(JavaModelOperation.java:806)
	at org.eclipse.jdt.internal.core.CompilationUnit.reconcile(CompilationUnit.java:1319)
	at org.eclipse.jdt.internal.ui.text.java.JavaReconcilingStrategy.reconcile(JavaReconcilingStrategy.java:131)
	at org.eclipse.jdt.internal.ui.text.java.JavaReconcilingStrategy.access$0(JavaReconcilingStrategy.java:113)
	at org.eclipse.jdt.internal.ui.text.java.JavaReconcilingStrategy$1.run(JavaReconcilingStrategy.java:93)
	at org.eclipse.core.runtime.SafeRunner.run(SafeRunner.java:45)
	at org.eclipse.jdt.internal.ui.text.java.JavaReconcilingStrategy.reconcile(JavaReconcilingStrategy.java:90)
	at org.eclipse.jdt.internal.ui.text.java.JavaReconcilingStrategy.reconcile(JavaReconcilingStrategy.java:157)
	at org.eclipse.jdt.internal.ui.text.CompositeReconcilingStrategy.reconcile(CompositeReconcilingStrategy.java:94)
	at org.eclipse.jdt.internal.ui.text.JavaCompositeReconcilingStrategy.reconcile(JavaCompositeReconcilingStrategy.java:107)
	at org.eclipse.jface.text.reconciler.MonoReconciler.process(MonoReconciler.java:76)
	at org.eclipse.jface.text.reconciler.AbstractReconciler$BackgroundThread.run(AbstractReconciler.java:210)

!ENTRY org.eclipse.jdt.core 4 4 2026-07-15 16:49:24.717
!MESSAGE Exception occurred during compilation unit conversion:
----------------------------------- SOURCE BEGIN -------------------------------------
package exam;
/*
 * 문]
 *  정수 3개를 입력받고, 3개의 숫자 중 
 *  중간크기의 수를 출력하는 프로그램을 구현하시오
 *  
 *  출력결과
 *  첫번쨰 수 : 20 
 *  두번쨰 수 : 100 
 *  세번쨰 수 : 33
 *  중간 값은 33
 *  
 */

import java.util.*;
public class IfEX04 {

	public static void main(String[] args) {
		Scanner sc = new Scanner(System.in);
		int n1, n2, n3;
		
		System.out.println("첫번쨰 수 :");
		n1 = sc.nextInt();
		System.out.println("두번쨰 수 :");
		n2 = sc.nextInt();
		System.out.println("세번쨰 수 :");
		n3 = sc.nextInt();
		
		int median = n1;// 처음 중간값을 n1으로 초기화 함

		if((n1 >= n2 && n1 <= n3 || (n1 >= n3 && n1 <= n2))
		   ((n1 >= n2 && n1 <= n3) || (n1 >= n3 && n1 <= n2)){// n1이 중간값이 될 수 있는 조건  
			median = n1;
		}else if ((n2 >= n1 && n2 <= n3) || (n2 >= n3 && n2 <= n1))// n2가 중간값이 될 수 있는 조건
			median = n2;
	    //}else// 그외 중간값은 n3
	    	median = n3;
		//결과
		System.out.println("중간값은" +median);

}}

----------------------------------- SOURCE END -------------------------------------
!STACK 0
java.lang.IllegalArgumentException
	at org.eclipse.jdt.core.dom.InfixExpression.setOperator(InfixExpression.java:383)
	at org.eclipse.jdt.core.dom.ASTConverter.convert(ASTConverter.java:2664)
	at org.eclipse.jdt.core.dom.ASTConverter.convert(ASTConverter.java:2025)
	at org.eclipse.jdt.core.dom.ASTConverter.convertToParenthesizedExpression(ASTConverter.java:3795)
	at org.eclipse.jdt.core.dom.ASTConverter.convert(ASTConverter.java:1943)
	at org.eclipse.jdt.core.dom.ASTConverter.convert(ASTConverter.java:1204)
	at org.eclipse.jdt.core.dom.ASTConverter.convert(ASTConverter.java:1974)
	at org.eclipse.jdt.core.dom.ASTConverter.convert(ASTConverter.java:2213)
	at org.eclipse.jdt.core.dom.ASTConverter.convert(ASTConverter.java:2994)
	at org.eclipse.jdt.core.dom.ASTConverter.convert(ASTConverter.java:751)
	at org.eclipse.jdt.core.dom.ASTConverter.buildBodyDeclarations(ASTConverter.java:208)
	at org.eclipse.jdt.core.dom.ASTConverter.convert(ASTConverter.java:3347)
	at org.eclipse.jdt.core.dom.ASTConverter.convert(ASTConverter.java:1524)
	at org.eclipse.jdt.core.dom.CompilationUnitResolver.convert(CompilationUnitResolver.java:323)
	at org.eclipse.jdt.core.dom.ASTParser.internalCreateAST(ASTParser.java:1231)
	at org.eclipse.jdt.core.dom.ASTParser.createAST(ASTParser.java:820)
	at org.eclipse.jdt.core.manipulation.CoreASTProvider$1.run(CoreASTProvider.java:272)
	at org.eclipse.core.runtime.SafeRunner.run(SafeRunner.java:45)
	at org.eclipse.jdt.core.manipulation.CoreASTProvider.createAST(CoreASTProvider.java:264)
	at org.eclipse.jdt.core.manipulation.CoreASTProvider.getAST(CoreASTProvider.java:197)
	at org.eclipse.jdt.core.manipulation.CoreASTProvider.getAST(CoreASTProvider.java:187)
	at org.eclipse.jdt.core.manipulation.SharedASTProviderCore.getAST(SharedASTProviderCore.java:138)
	at org.eclipse.jdt.internal.ui.text.java.hover.NLSStringHover.internalGetHoverInfo(NLSStringHover.java:139)
	at org.eclipse.jdt.internal.ui.text.java.hover.NLSStringHover.getHoverInfo2(NLSStringHover.java:118)
	at org.eclipse.jdt.internal.ui.text.java.hover.BestMatchHover.getHoverInfo2(BestMatchHover.java:163)
	at org.eclipse.jdt.internal.ui.text.java.hover.BestMatchHover.getHoverInfo2(BestMatchHover.java:130)
	at org.eclipse.jdt.internal.ui.text.java.hover.JavaEditorTextHoverProxy.getHoverInfo2(JavaEditorTextHoverProxy.java:89)
	at org.eclipse.jface.text.TextViewerHoverManager$1.run(TextViewerHoverManager.java:155)

!ENTRY org.eclipse.jdt.core.manipulation 4 2 2026-07-15 16:49:24.717
!MESSAGE Problems occurred when invoking code from plug-in: "org.eclipse.jdt.core.manipulation".
!STACK 0
java.lang.IllegalArgumentException
	at org.eclipse.jdt.core.dom.InfixExpression.setOperator(InfixExpression.java:383)
	at org.eclipse.jdt.core.dom.ASTConverter.convert(ASTConverter.java:2664)
	at org.eclipse.jdt.core.dom.ASTConverter.convert(ASTConverter.java:2025)
	at org.eclipse.jdt.core.dom.ASTConverter.convertToParenthesizedExpression(ASTConverter.java:3795)
	at org.eclipse.jdt.core.dom.ASTConverter.convert(ASTConverter.java:1943)
	at org.eclipse.jdt.core.dom.ASTConverter.convert(ASTConverter.java:1204)
	at org.eclipse.jdt.core.dom.ASTConverter.convert(ASTConverter.java:1974)
	at org.eclipse.jdt.core.dom.ASTConverter.convert(ASTConverter.java:2213)
	at org.eclipse.jdt.core.dom.ASTConverter.convert(ASTConverter.java:2994)
	at org.eclipse.jdt.core.dom.ASTConverter.convert(ASTConverter.java:751)
	at org.eclipse.jdt.core.dom.ASTConverter.buildBodyDeclarations(ASTConverter.java:208)
	at org.eclipse.jdt.core.dom.ASTConverter.convert(ASTConverter.java:3347)
	at org.eclipse.jdt.core.dom.ASTConverter.convert(ASTConverter.java:1524)
	at org.eclipse.jdt.core.dom.CompilationUnitResolver.convert(CompilationUnitResolver.java:323)
	at org.eclipse.jdt.core.dom.ASTParser.internalCreateAST(ASTParser.java:1231)
	at org.eclipse.jdt.core.dom.ASTParser.createAST(ASTParser.java:820)
	at org.eclipse.jdt.core.manipulation.CoreASTProvider$1.run(CoreASTProvider.java:272)
	at org.eclipse.core.runtime.SafeRunner.run(SafeRunner.java:45)
	at org.eclipse.jdt.core.manipulation.CoreASTProvider.createAST(CoreASTProvider.java:264)
	at org.eclipse.jdt.core.manipulation.CoreASTProvider.getAST(CoreASTProvider.java:197)
	at org.eclipse.jdt.core.manipulation.CoreASTProvider.getAST(CoreASTProvider.java:187)
	at org.eclipse.jdt.core.manipulation.SharedASTProviderCore.getAST(SharedASTProviderCore.java:138)
	at org.eclipse.jdt.internal.ui.text.java.hover.NLSStringHover.internalGetHoverInfo(NLSStringHover.java:139)
	at org.eclipse.jdt.internal.ui.text.java.hover.NLSStringHover.getHoverInfo2(NLSStringHover.java:118)
	at org.eclipse.jdt.internal.ui.text.java.hover.BestMatchHover.getHoverInfo2(BestMatchHover.java:163)
	at org.eclipse.jdt.internal.ui.text.java.hover.BestMatchHover.getHoverInfo2(BestMatchHover.java:130)
	at org.eclipse.jdt.internal.ui.text.java.hover.JavaEditorTextHoverProxy.getHoverInfo2(JavaEditorTextHoverProxy.java:89)
	at org.eclipse.jface.text.TextViewerHoverManager$1.run(TextViewerHoverManager.java:155)

!ENTRY org.eclipse.jdt.core.manipulation 4 0 2026-07-15 16:49:24.718
!MESSAGE Error in JDT Core during AST creation
!STACK 0
java.lang.IllegalArgumentException
	at org.eclipse.jdt.core.dom.InfixExpression.setOperator(InfixExpression.java:383)
	at org.eclipse.jdt.core.dom.ASTConverter.convert(ASTConverter.java:2664)
	at org.eclipse.jdt.core.dom.ASTConverter.convert(ASTConverter.java:2025)
	at org.eclipse.jdt.core.dom.ASTConverter.convertToParenthesizedExpression(ASTConverter.java:3795)
	at org.eclipse.jdt.core.dom.ASTConverter.convert(ASTConverter.java:1943)
	at org.eclipse.jdt.core.dom.ASTConverter.convert(ASTConverter.java:1204)
	at org.eclipse.jdt.core.dom.ASTConverter.convert(ASTConverter.java:1974)
	at org.eclipse.jdt.core.dom.ASTConverter.convert(ASTConverter.java:2213)
	at org.eclipse.jdt.core.dom.ASTConverter.convert(ASTConverter.java:2994)
	at org.eclipse.jdt.core.dom.ASTConverter.convert(ASTConverter.java:751)
	at org.eclipse.jdt.core.dom.ASTConverter.buildBodyDeclarations(ASTConverter.java:208)
	at org.eclipse.jdt.core.dom.ASTConverter.convert(ASTConverter.java:3347)
	at org.eclipse.jdt.core.dom.ASTConverter.convert(ASTConverter.java:1524)
	at org.eclipse.jdt.core.dom.CompilationUnitResolver.convert(CompilationUnitResolver.java:323)
	at org.eclipse.jdt.core.dom.ASTParser.internalCreateAST(ASTParser.java:1231)
	at org.eclipse.jdt.core.dom.ASTParser.createAST(ASTParser.java:820)
	at org.eclipse.jdt.core.manipulation.CoreASTProvider$1.run(CoreASTProvider.java:272)
	at org.eclipse.core.runtime.SafeRunner.run(SafeRunner.java:45)
	at org.eclipse.jdt.core.manipulation.CoreASTProvider.createAST(CoreASTProvider.java:264)
	at org.eclipse.jdt.core.manipulation.CoreASTProvider.getAST(CoreASTProvider.java:197)
	at org.eclipse.jdt.core.manipulation.CoreASTProvider.getAST(CoreASTProvider.java:187)
	at org.eclipse.jdt.core.manipulation.SharedASTProviderCore.getAST(SharedASTProviderCore.java:138)
	at org.eclipse.jdt.internal.ui.text.java.hover.NLSStringHover.internalGetHoverInfo(NLSStringHover.java:139)
	at org.eclipse.jdt.internal.ui.text.java.hover.NLSStringHover.getHoverInfo2(NLSStringHover.java:118)
	at org.eclipse.jdt.internal.ui.text.java.hover.BestMatchHover.getHoverInfo2(BestMatchHover.java:163)
	at org.eclipse.jdt.internal.ui.text.java.hover.BestMatchHover.getHoverInfo2(BestMatchHover.java:130)
	at org.eclipse.jdt.internal.ui.text.java.hover.JavaEditorTextHoverProxy.getHoverInfo2(JavaEditorTextHoverProxy.java:89)
	at org.eclipse.jface.text.TextViewerHoverManager$1.run(TextViewerHoverManager.java:155)

!ENTRY org.eclipse.jdt.core 4 4 2026-07-15 16:49:24.720
!MESSAGE Exception occurred during compilation unit conversion:
----------------------------------- SOURCE BEGIN -------------------------------------
package exam;
/*
 * 문]
 *  정수 3개를 입력받고, 3개의 숫자 중 
 *  중간크기의 수를 출력하는 프로그램을 구현하시오
 *  
 *  출력결과
 *  첫번쨰 수 : 20 
 *  두번쨰 수 : 100 
 *  세번쨰 수 : 33
 *  중간 값은 33
 *  
 */

import java.util.*;
public class IfEX04 {

	public static void main(String[] args) {
		Scanner sc = new Scanner(System.in);
		int n1, n2, n3;
		
		System.out.println("첫번쨰 수 :");
		n1 = sc.nextInt();
		System.out.println("두번쨰 수 :");
		n2 = sc.nextInt();
		System.out.println("세번쨰 수 :");
		n3 = sc.nextInt();
		
		int median = n1;// 처음 중간값을 n1으로 초기화 함

		if((n1 >= n2 && n1 <= n3 || (n1 >= n3 && n1 <= n2))
		   ((n1 >= n2 && n1 <= n3) || (n1 >= n3 && n1 <= n2)){// n1이 중간값이 될 수 있는 조건  
			median = n1;
		}else if ((n2 >= n1 && n2 <= n3) || (n2 >= n3 && n2 <= n1))// n2가 중간값이 될 수 있는 조건
			median = n2;
	    //}else// 그외 중간값은 n3
	    	median = n3;
		//결과
		System.out.println("중간값은" +median);

}}

----------------------------------- SOURCE END -------------------------------------
!STACK 0
java.lang.IllegalArgumentException
	at org.eclipse.jdt.core.dom.InfixExpression.setOperator(InfixExpression.java:383)
	at org.eclipse.jdt.core.dom.ASTConverter.convert(ASTConverter.java:2664)
	at org.eclipse.jdt.core.dom.ASTConverter.convert(ASTConverter.java:2025)
	at org.eclipse.jdt.core.dom.ASTConverter.convertToParenthesizedExpression(ASTConverter.java:3795)
	at org.eclipse.jdt.core.dom.ASTConverter.convert(ASTConverter.java:1943)
	at org.eclipse.jdt.core.dom.ASTConverter.convert(ASTConverter.java:1204)
	at org.eclipse.jdt.core.dom.ASTConverter.convert(ASTConverter.java:1974)
	at org.eclipse.jdt.core.dom.ASTConverter.convert(ASTConverter.java:2213)
	at org.eclipse.jdt.core.dom.ASTConverter.convert(ASTConverter.java:2994)
	at org.eclipse.jdt.core.dom.ASTConverter.convert(ASTConverter.java:751)
	at org.eclipse.jdt.core.dom.ASTConverter.buildBodyDeclarations(ASTConverter.java:208)
	at org.eclipse.jdt.core.dom.ASTConverter.convert(ASTConverter.java:3347)
	at org.eclipse.jdt.core.dom.ASTConverter.convert(ASTConverter.java:1524)
	at org.eclipse.jdt.core.dom.CompilationUnitResolver.convert(CompilationUnitResolver.java:323)
	at org.eclipse.jdt.core.dom.ASTParser.internalCreateAST(ASTParser.java:1231)
	at org.eclipse.jdt.core.dom.ASTParser.createAST(ASTParser.java:820)
	at org.eclipse.jdt.core.manipulation.CoreASTProvider$1.run(CoreASTProvider.java:272)
	at org.eclipse.core.runtime.SafeRunner.run(SafeRunner.java:45)
	at org.eclipse.jdt.core.manipulation.CoreASTProvider.createAST(CoreASTProvider.java:264)
	at org.eclipse.jdt.core.manipulation.CoreASTProvider.getAST(CoreASTProvider.java:197)
	at org.eclipse.jdt.core.manipulation.SharedASTProviderCore.getAST(SharedASTProviderCore.java:138)
	at org.eclipse.jdt.internal.ui.text.java.hover.JavadocHover.getHoveredASTNode(JavadocHover.java:1003)
	at org.eclipse.jdt.internal.ui.text.java.hover.JavadocHover.getInfoText(JavadocHover.java:799)
	at org.eclipse.jdt.internal.ui.text.java.hover.JavadocHover.getHoverInfo(JavadocHover.java:743)
	at org.eclipse.jdt.internal.ui.text.java.hover.JavadocHover.internalGetHoverInfo(JavadocHover.java:666)
	at org.eclipse.jdt.internal.ui.text.java.hover.JavadocHover.getHoverInfo2(JavadocHover.java:658)
	at org.eclipse.jdt.internal.ui.text.java.hover.BestMatchHover.getHoverInfo2(BestMatchHover.java:163)
	at org.eclipse.jdt.internal.ui.text.java.hover.BestMatchHover.getHoverInfo2(BestMatchHover.java:130)
	at org.eclipse.jdt.internal.ui.text.java.hover.JavaEditorTextHoverProxy.getHoverInfo2(JavaEditorTextHoverProxy.java:89)
	at org.eclipse.jface.text.TextViewerHoverManager$1.run(TextViewerHoverManager.java:155)

!ENTRY org.eclipse.jdt.core.manipulation 4 2 2026-07-15 16:49:24.721
!MESSAGE Problems occurred when invoking code from plug-in: "org.eclipse.jdt.core.manipulation".
!STACK 0
java.lang.IllegalArgumentException
	at org.eclipse.jdt.core.dom.InfixExpression.setOperator(InfixExpression.java:383)
	at org.eclipse.jdt.core.dom.ASTConverter.convert(ASTConverter.java:2664)
	at org.eclipse.jdt.core.dom.ASTConverter.convert(ASTConverter.java:2025)
	at org.eclipse.jdt.core.dom.ASTConverter.convertToParenthesizedExpression(ASTConverter.java:3795)
	at org.eclipse.jdt.core.dom.ASTConverter.convert(ASTConverter.java:1943)
	at org.eclipse.jdt.core.dom.ASTConverter.convert(ASTConverter.java:1204)
	at org.eclipse.jdt.core.dom.ASTConverter.convert(ASTConverter.java:1974)
	at org.eclipse.jdt.core.dom.ASTConverter.convert(ASTConverter.java:2213)
	at org.eclipse.jdt.core.dom.ASTConverter.convert(ASTConverter.java:2994)
	at org.eclipse.jdt.core.dom.ASTConverter.convert(ASTConverter.java:751)
	at org.eclipse.jdt.core.dom.ASTConverter.buildBodyDeclarations(ASTConverter.java:208)
	at org.eclipse.jdt.core.dom.ASTConverter.convert(ASTConverter.java:3347)
	at org.eclipse.jdt.core.dom.ASTConverter.convert(ASTConverter.java:1524)
	at org.eclipse.jdt.core.dom.CompilationUnitResolver.convert(CompilationUnitResolver.java:323)
	at org.eclipse.jdt.core.dom.ASTParser.internalCreateAST(ASTParser.java:1231)
	at org.eclipse.jdt.core.dom.ASTParser.createAST(ASTParser.java:820)
	at org.eclipse.jdt.core.manipulation.CoreASTProvider$1.run(CoreASTProvider.java:272)
	at org.eclipse.core.runtime.SafeRunner.run(SafeRunner.java:45)
	at org.eclipse.jdt.core.manipulation.CoreASTProvider.createAST(CoreASTProvider.java:264)
	at org.eclipse.jdt.core.manipulation.CoreASTProvider.getAST(CoreASTProvider.java:197)
	at org.eclipse.jdt.core.manipulation.SharedASTProviderCore.getAST(SharedASTProviderCore.java:138)
	at org.eclipse.jdt.internal.ui.text.java.hover.JavadocHover.getHoveredASTNode(JavadocHover.java:1003)
	at org.eclipse.jdt.internal.ui.text.java.hover.JavadocHover.getInfoText(JavadocHover.java:799)
	at org.eclipse.jdt.internal.ui.text.java.hover.JavadocHover.getHoverInfo(JavadocHover.java:743)
	at org.eclipse.jdt.internal.ui.text.java.hover.JavadocHover.internalGetHoverInfo(JavadocHover.java:666)
	at org.eclipse.jdt.internal.ui.text.java.hover.JavadocHover.getHoverInfo2(JavadocHover.java:658)
	at org.eclipse.jdt.internal.ui.text.java.hover.BestMatchHover.getHoverInfo2(BestMatchHover.java:163)
	at org.eclipse.jdt.internal.ui.text.java.hover.BestMatchHover.getHoverInfo2(BestMatchHover.java:130)
	at org.eclipse.jdt.internal.ui.text.java.hover.JavaEditorTextHoverProxy.getHoverInfo2(JavaEditorTextHoverProxy.java:89)
	at org.eclipse.jface.text.TextViewerHoverManager$1.run(TextViewerHoverManager.java:155)

!ENTRY org.eclipse.jdt.core.manipulation 4 0 2026-07-15 16:49:24.721
!MESSAGE Error in JDT Core during AST creation
!STACK 0
java.lang.IllegalArgumentException
	at org.eclipse.jdt.core.dom.InfixExpression.setOperator(InfixExpression.java:383)
	at org.eclipse.jdt.core.dom.ASTConverter.convert(ASTConverter.java:2664)
	at org.eclipse.jdt.core.dom.ASTConverter.convert(ASTConverter.java:2025)
	at org.eclipse.jdt.core.dom.ASTConverter.convertToParenthesizedExpression(ASTConverter.java:3795)
	at org.eclipse.jdt.core.dom.ASTConverter.convert(ASTConverter.java:1943)
	at org.eclipse.jdt.core.dom.ASTConverter.convert(ASTConverter.java:1204)
	at org.eclipse.jdt.core.dom.ASTConverter.convert(ASTConverter.java:1974)
	at org.eclipse.jdt.core.dom.ASTConverter.convert(ASTConverter.java:2213)
	at org.eclipse.jdt.core.dom.ASTConverter.convert(ASTConverter.java:2994)
	at org.eclipse.jdt.core.dom.ASTConverter.convert(ASTConverter.java:751)
	at org.eclipse.jdt.core.dom.ASTConverter.buildBodyDeclarations(ASTConverter.java:208)
	at org.eclipse.jdt.core.dom.ASTConverter.convert(ASTConverter.java:3347)
	at org.eclipse.jdt.core.dom.ASTConverter.convert(ASTConverter.java:1524)
	at org.eclipse.jdt.core.dom.CompilationUnitResolver.convert(CompilationUnitResolver.java:323)
	at org.eclipse.jdt.core.dom.ASTParser.internalCreateAST(ASTParser.java:1231)
	at org.eclipse.jdt.core.dom.ASTParser.createAST(ASTParser.java:820)
	at org.eclipse.jdt.core.manipulation.CoreASTProvider$1.run(CoreASTProvider.java:272)
	at org.eclipse.core.runtime.SafeRunner.run(SafeRunner.java:45)
	at org.eclipse.jdt.core.manipulation.CoreASTProvider.createAST(CoreASTProvider.java:264)
	at org.eclipse.jdt.core.manipulation.CoreASTProvider.getAST(CoreASTProvider.java:197)
	at org.eclipse.jdt.core.manipulation.SharedASTProviderCore.getAST(SharedASTProviderCore.java:138)
	at org.eclipse.jdt.internal.ui.text.java.hover.JavadocHover.getHoveredASTNode(JavadocHover.java:1003)
	at org.eclipse.jdt.internal.ui.text.java.hover.JavadocHover.getInfoText(JavadocHover.java:799)
	at org.eclipse.jdt.internal.ui.text.java.hover.JavadocHover.getHoverInfo(JavadocHover.java:743)
	at org.eclipse.jdt.internal.ui.text.java.hover.JavadocHover.internalGetHoverInfo(JavadocHover.java:666)
	at org.eclipse.jdt.internal.ui.text.java.hover.JavadocHover.getHoverInfo2(JavadocHover.java:658)
	at org.eclipse.jdt.internal.ui.text.java.hover.BestMatchHover.getHoverInfo2(BestMatchHover.java:163)
	at org.eclipse.jdt.internal.ui.text.java.hover.BestMatchHover.getHoverInfo2(BestMatchHover.java:130)
	at org.eclipse.jdt.internal.ui.text.java.hover.JavaEditorTextHoverProxy.getHoverInfo2(JavaEditorTextHoverProxy.java:89)
	at org.eclipse.jface.text.TextViewerHoverManager$1.run(TextViewerHoverManager.java:155)

!ENTRY org.eclipse.jdt.core 4 4 2026-07-15 16:49:24.932
!MESSAGE Exception occurred during compilation unit conversion:
----------------------------------- SOURCE BEGIN -------------------------------------
package exam;
/*
 * 문]
 *  정수 3개를 입력받고, 3개의 숫자 중 
 *  중간크기의 수를 출력하는 프로그램을 구현하시오
 *  
 *  출력결과
 *  첫번쨰 수 : 20 
 *  두번쨰 수 : 100 
 *  세번쨰 수 : 33
 *  중간 값은 33
 *  
 */

import java.util.*;
public class IfEX04 {

	public static void main(String[] args) {
		Scanner sc = new Scanner(System.in);
		int n1, n2, n3;
		
		System.out.println("첫번쨰 수 :");
		n1 = sc.nextInt();
		System.out.println("두번쨰 수 :");
		n2 = sc.nextInt();
		System.out.println("세번쨰 수 :");
		n3 = sc.nextInt();
		
		int median = n1;// 처음 중간값을 n1으로 초기화 함

		if((n1 >= n2 && n1 <= n3 || (n1 >= n3 && n1 <= n2))
		   ((n1 >= n2 && n1 <= n3) || (n1 >= n3 && n1 <= n2)){// n1이 중간값이 될 수 있는 조건  
			median = n1;
		}else if ((n2 >= n1 && n2 <= n3) || (n2 >= n3 && n2 <= n1))// n2가 중간값이 될 수 있는 조건
			median = n2;
	    //}else// 그외 중간값은 n3
	    	median = n3;
		//결과
		System.out.println("중간값은" +median);

}}

----------------------------------- SOURCE END -------------------------------------
!STACK 0
java.lang.IllegalArgumentException
	at org.eclipse.jdt.core.dom.InfixExpression.setOperator(InfixExpression.java:383)
	at org.eclipse.jdt.core.dom.ASTConverter.convert(ASTConverter.java:2664)
	at org.eclipse.jdt.core.dom.ASTConverter.convert(ASTConverter.java:2025)
	at org.eclipse.jdt.core.dom.ASTConverter.convertToParenthesizedExpression(ASTConverter.java:3795)
	at org.eclipse.jdt.core.dom.ASTConverter.convert(ASTConverter.java:1943)
	at org.eclipse.jdt.core.dom.ASTConverter.convert(ASTConverter.java:1204)
	at org.eclipse.jdt.core.dom.ASTConverter.convert(ASTConverter.java:1974)
	at org.eclipse.jdt.core.dom.ASTConverter.convert(ASTConverter.java:2213)
	at org.eclipse.jdt.core.dom.ASTConverter.convert(ASTConverter.java:2994)
	at org.eclipse.jdt.core.dom.ASTConverter.convert(ASTConverter.java:751)
	at org.eclipse.jdt.core.dom.ASTConverter.buildBodyDeclarations(ASTConverter.java:208)
	at org.eclipse.jdt.core.dom.ASTConverter.convert(ASTConverter.java:3347)
	at org.eclipse.jdt.core.dom.ASTConverter.convert(ASTConverter.java:1524)
	at org.eclipse.jdt.core.dom.CompilationUnitResolver.convert(CompilationUnitResolver.java:323)
	at org.eclipse.jdt.core.dom.ASTParser.internalCreateAST(ASTParser.java:1231)
	at org.eclipse.jdt.core.dom.ASTParser.createAST(ASTParser.java:820)
	at org.eclipse.jdt.core.manipulation.CoreASTProvider$1.run(CoreASTProvider.java:272)
	at org.eclipse.core.runtime.SafeRunner.run(SafeRunner.java:45)
	at org.eclipse.jdt.core.manipulation.CoreASTProvider.createAST(CoreASTProvider.java:264)
	at org.eclipse.jdt.core.manipulation.CoreASTProvider.getAST(CoreASTProvider.java:197)
	at org.eclipse.jdt.core.manipulation.SharedASTProviderCore.getAST(SharedASTProviderCore.java:138)
	at org.eclipse.jdt.internal.ui.viewsupport.SelectionListenerWithASTManager$PartListenerGroup.calculateASTandInform(SelectionListenerWithASTManager.java:166)
	at org.eclipse.jdt.internal.ui.viewsupport.SelectionListenerWithASTManager$PartListenerGroup$1.run(SelectionListenerWithASTManager.java:151)
	at org.eclipse.core.internal.jobs.Worker.run(Worker.java:63)

!ENTRY org.eclipse.jdt.core.manipulation 4 2 2026-07-15 16:49:24.933
!MESSAGE Problems occurred when invoking code from plug-in: "org.eclipse.jdt.core.manipulation".
!STACK 0
java.lang.IllegalArgumentException
	at org.eclipse.jdt.core.dom.InfixExpression.setOperator(InfixExpression.java:383)
	at org.eclipse.jdt.core.dom.ASTConverter.convert(ASTConverter.java:2664)
	at org.eclipse.jdt.core.dom.ASTConverter.convert(ASTConverter.java:2025)
	at org.eclipse.jdt.core.dom.ASTConverter.convertToParenthesizedExpression(ASTConverter.java:3795)
	at org.eclipse.jdt.core.dom.ASTConverter.convert(ASTConverter.java:1943)
	at org.eclipse.jdt.core.dom.ASTConverter.convert(ASTConverter.java:1204)
	at org.eclipse.jdt.core.dom.ASTConverter.convert(ASTConverter.java:1974)
	at org.eclipse.jdt.core.dom.ASTConverter.convert(ASTConverter.java:2213)
	at org.eclipse.jdt.core.dom.ASTConverter.convert(ASTConverter.java:2994)
	at org.eclipse.jdt.core.dom.ASTConverter.convert(ASTConverter.java:751)
	at org.eclipse.jdt.core.dom.ASTConverter.buildBodyDeclarations(ASTConverter.java:208)
	at org.eclipse.jdt.core.dom.ASTConverter.convert(ASTConverter.java:3347)
	at org.eclipse.jdt.core.dom.ASTConverter.convert(ASTConverter.java:1524)
	at org.eclipse.jdt.core.dom.CompilationUnitResolver.convert(CompilationUnitResolver.java:323)
	at org.eclipse.jdt.core.dom.ASTParser.internalCreateAST(ASTParser.java:1231)
	at org.eclipse.jdt.core.dom.ASTParser.createAST(ASTParser.java:820)
	at org.eclipse.jdt.core.manipulation.CoreASTProvider$1.run(CoreASTProvider.java:272)
	at org.eclipse.core.runtime.SafeRunner.run(SafeRunner.java:45)
	at org.eclipse.jdt.core.manipulation.CoreASTProvider.createAST(CoreASTProvider.java:264)
	at org.eclipse.jdt.core.manipulation.CoreASTProvider.getAST(CoreASTProvider.java:197)
	at org.eclipse.jdt.core.manipulation.SharedASTProviderCore.getAST(SharedASTProviderCore.java:138)
	at org.eclipse.jdt.internal.ui.viewsupport.SelectionListenerWithASTManager$PartListenerGroup.calculateASTandInform(SelectionListenerWithASTManager.java:166)
	at org.eclipse.jdt.internal.ui.viewsupport.SelectionListenerWithASTManager$PartListenerGroup$1.run(SelectionListenerWithASTManager.java:151)
	at org.eclipse.core.internal.jobs.Worker.run(Worker.java:63)

!ENTRY org.eclipse.jdt.core.manipulation 4 0 2026-07-15 16:49:24.933
!MESSAGE Error in JDT Core during AST creation
!STACK 0
java.lang.IllegalArgumentException
	at org.eclipse.jdt.core.dom.InfixExpression.setOperator(InfixExpression.java:383)
	at org.eclipse.jdt.core.dom.ASTConverter.convert(ASTConverter.java:2664)
	at org.eclipse.jdt.core.dom.ASTConverter.convert(ASTConverter.java:2025)
	at org.eclipse.jdt.core.dom.ASTConverter.convertToParenthesizedExpression(ASTConverter.java:3795)
	at org.eclipse.jdt.core.dom.ASTConverter.convert(ASTConverter.java:1943)
	at org.eclipse.jdt.core.dom.ASTConverter.convert(ASTConverter.java:1204)
	at org.eclipse.jdt.core.dom.ASTConverter.convert(ASTConverter.java:1974)
	at org.eclipse.jdt.core.dom.ASTConverter.convert(ASTConverter.java:2213)
	at org.eclipse.jdt.core.dom.ASTConverter.convert(ASTConverter.java:2994)
	at org.eclipse.jdt.core.dom.ASTConverter.convert(ASTConverter.java:751)
	at org.eclipse.jdt.core.dom.ASTConverter.buildBodyDeclarations(ASTConverter.java:208)
	at org.eclipse.jdt.core.dom.ASTConverter.convert(ASTConverter.java:3347)
	at org.eclipse.jdt.core.dom.ASTConverter.convert(ASTConverter.java:1524)
	at org.eclipse.jdt.core.dom.CompilationUnitResolver.convert(CompilationUnitResolver.java:323)
	at org.eclipse.jdt.core.dom.ASTParser.internalCreateAST(ASTParser.java:1231)
	at org.eclipse.jdt.core.dom.ASTParser.createAST(ASTParser.java:820)
	at org.eclipse.jdt.core.manipulation.CoreASTProvider$1.run(CoreASTProvider.java:272)
	at org.eclipse.core.runtime.SafeRunner.run(SafeRunner.java:45)
	at org.eclipse.jdt.core.manipulation.CoreASTProvider.createAST(CoreASTProvider.java:264)
	at org.eclipse.jdt.core.manipulation.CoreASTProvider.getAST(CoreASTProvider.java:197)
	at org.eclipse.jdt.core.manipulation.SharedASTProviderCore.getAST(SharedASTProviderCore.java:138)
	at org.eclipse.jdt.internal.ui.viewsupport.SelectionListenerWithASTManager$PartListenerGroup.calculateASTandInform(SelectionListenerWithASTManager.java:166)
	at org.eclipse.jdt.internal.ui.viewsupport.SelectionListenerWithASTManager$PartListenerGroup$1.run(SelectionListenerWithASTManager.java:151)
	at org.eclipse.core.internal.jobs.Worker.run(Worker.java:63)

!ENTRY org.eclipse.jdt.core 4 4 2026-07-15 16:49:25.719
!MESSAGE Exception occurred during compilation unit conversion:
----------------------------------- SOURCE BEGIN -------------------------------------
package exam;
/*
 * 문]
 *  정수 3개를 입력받고, 3개의 숫자 중 
 *  중간크기의 수를 출력하는 프로그램을 구현하시오
 *  
 *  출력결과
 *  첫번쨰 수 : 20 
 *  두번쨰 수 : 100 
 *  세번쨰 수 : 33
 *  중간 값은 33
 *  
 */

import java.util.*;
public class IfEX04 {

	public static void main(String[] args) {
		Scanner sc = new Scanner(System.in);
		int n1, n2, n3;
		
		System.out.println("첫번쨰 수 :");
		n1 = sc.nextInt();
		System.out.println("두번쨰 수 :");
		n2 = sc.nextInt();
		System.out.println("세번쨰 수 :");
		n3 = sc.nextInt();
		
		int median = n1;// 처음 중간값을 n1으로 초기화 함

		if((n1 >= n2 && n1 <= n3 || (n1 >= n3 && n1 <= n2))
		  ((n1 >= n2 && n1 <= n3) || (n1 >= n3 && n1 <= n2)){// n1이 중간값이 될 수 있는 조건  
			median = n1;
		}else if ((n2 >= n1 && n2 <= n3) || (n2 >= n3 && n2 <= n1))// n2가 중간값이 될 수 있는 조건
			median = n2;
	    //}else// 그외 중간값은 n3
	    	median = n3;
		//결과
		System.out.println("중간값은" +median);

}}

----------------------------------- SOURCE END -------------------------------------
!STACK 0
java.lang.IllegalArgumentException
	at org.eclipse.jdt.core.dom.InfixExpression.setOperator(InfixExpression.java:383)
	at org.eclipse.jdt.core.dom.ASTConverter.convert(ASTConverter.java:2664)
	at org.eclipse.jdt.core.dom.ASTConverter.convert(ASTConverter.java:2025)
	at org.eclipse.jdt.core.dom.ASTConverter.convertToParenthesizedExpression(ASTConverter.java:3795)
	at org.eclipse.jdt.core.dom.ASTConverter.convert(ASTConverter.java:1943)
	at org.eclipse.jdt.core.dom.ASTConverter.convert(ASTConverter.java:1204)
	at org.eclipse.jdt.core.dom.ASTConverter.convert(ASTConverter.java:1974)
	at org.eclipse.jdt.core.dom.ASTConverter.convert(ASTConverter.java:2213)
	at org.eclipse.jdt.core.dom.ASTConverter.convert(ASTConverter.java:2994)
	at org.eclipse.jdt.core.dom.ASTConverter.convert(ASTConverter.java:751)
	at org.eclipse.jdt.core.dom.ASTConverter.buildBodyDeclarations(ASTConverter.java:208)
	at org.eclipse.jdt.core.dom.ASTConverter.convert(ASTConverter.java:3347)
	at org.eclipse.jdt.core.dom.ASTConverter.convert(ASTConverter.java:1524)
	at org.eclipse.jdt.core.dom.AST.convertCompilationUnit(AST.java:494)
	at org.eclipse.jdt.internal.core.CompilationUnit.buildStructure(CompilationUnit.java:201)
	at org.eclipse.jdt.internal.core.Openable.generateInfos(Openable.java:266)
	at org.eclipse.jdt.internal.core.JavaElement.openWhenClosed(JavaElement.java:597)
	at org.eclipse.jdt.internal.core.CompilationUnit.makeConsistent(CompilationUnit.java:1142)
	at org.eclipse.jdt.internal.core.ReconcileWorkingCopyOperation.makeConsistent(ReconcileWorkingCopyOperation.java:173)
	at org.eclipse.jdt.internal.core.ReconcileWorkingCopyOperation.executeOperation(ReconcileWorkingCopyOperation.java:94)
	at org.eclipse.jdt.internal.core.JavaModelOperation.run(JavaModelOperation.java:740)
	at org.eclipse.jdt.internal.core.JavaModelOperation.runOperation(JavaModelOperation.java:806)
	at org.eclipse.jdt.internal.core.CompilationUnit.reconcile(CompilationUnit.java:1319)
	at org.eclipse.jdt.internal.ui.text.java.JavaReconcilingStrategy.reconcile(JavaReconcilingStrategy.java:131)
	at org.eclipse.jdt.internal.ui.text.java.JavaReconcilingStrategy.access$0(JavaReconcilingStrategy.java:113)
	at org.eclipse.jdt.internal.ui.text.java.JavaReconcilingStrategy$1.run(JavaReconcilingStrategy.java:93)
	at org.eclipse.core.runtime.SafeRunner.run(SafeRunner.java:45)
	at org.eclipse.jdt.internal.ui.text.java.JavaReconcilingStrategy.reconcile(JavaReconcilingStrategy.java:90)
	at org.eclipse.jdt.internal.ui.text.java.JavaReconcilingStrategy.reconcile(JavaReconcilingStrategy.java:157)
	at org.eclipse.jdt.internal.ui.text.CompositeReconcilingStrategy.reconcile(CompositeReconcilingStrategy.java:94)
	at org.eclipse.jdt.internal.ui.text.JavaCompositeReconcilingStrategy.reconcile(JavaCompositeReconcilingStrategy.java:107)
	at org.eclipse.jface.text.reconciler.MonoReconciler.process(MonoReconciler.java:76)
	at org.eclipse.jface.text.reconciler.AbstractReconciler$BackgroundThread.run(AbstractReconciler.java:210)

!ENTRY org.eclipse.jdt.ui 4 2 2026-07-15 16:49:25.720
!MESSAGE Problems occurred when invoking code from plug-in: "org.eclipse.jdt.ui".
!STACK 0
java.lang.IllegalArgumentException
	at org.eclipse.jdt.core.dom.InfixExpression.setOperator(InfixExpression.java:383)
	at org.eclipse.jdt.core.dom.ASTConverter.convert(ASTConverter.java:2664)
	at org.eclipse.jdt.core.dom.ASTConverter.convert(ASTConverter.java:2025)
	at org.eclipse.jdt.core.dom.ASTConverter.convertToParenthesizedExpression(ASTConverter.java:3795)
	at org.eclipse.jdt.core.dom.ASTConverter.convert(ASTConverter.java:1943)
	at org.eclipse.jdt.core.dom.ASTConverter.convert(ASTConverter.java:1204)
	at org.eclipse.jdt.core.dom.ASTConverter.convert(ASTConverter.java:1974)
	at org.eclipse.jdt.core.dom.ASTConverter.convert(ASTConverter.java:2213)
	at org.eclipse.jdt.core.dom.ASTConverter.convert(ASTConverter.java:2994)
	at org.eclipse.jdt.core.dom.ASTConverter.convert(ASTConverter.java:751)
	at org.eclipse.jdt.core.dom.ASTConverter.buildBodyDeclarations(ASTConverter.java:208)
	at org.eclipse.jdt.core.dom.ASTConverter.convert(ASTConverter.java:3347)
	at org.eclipse.jdt.core.dom.ASTConverter.convert(ASTConverter.java:1524)
	at org.eclipse.jdt.core.dom.AST.convertCompilationUnit(AST.java:494)
	at org.eclipse.jdt.internal.core.CompilationUnit.buildStructure(CompilationUnit.java:201)
	at org.eclipse.jdt.internal.core.Openable.generateInfos(Openable.java:266)
	at org.eclipse.jdt.internal.core.JavaElement.openWhenClosed(JavaElement.java:597)
	at org.eclipse.jdt.internal.core.CompilationUnit.makeConsistent(CompilationUnit.java:1142)
	at org.eclipse.jdt.internal.core.ReconcileWorkingCopyOperation.makeConsistent(ReconcileWorkingCopyOperation.java:173)
	at org.eclipse.jdt.internal.core.ReconcileWorkingCopyOperation.executeOperation(ReconcileWorkingCopyOperation.java:94)
	at org.eclipse.jdt.internal.core.JavaModelOperation.run(JavaModelOperation.java:740)
	at org.eclipse.jdt.internal.core.JavaModelOperation.runOperation(JavaModelOperation.java:806)
	at org.eclipse.jdt.internal.core.CompilationUnit.reconcile(CompilationUnit.java:1319)
	at org.eclipse.jdt.internal.ui.text.java.JavaReconcilingStrategy.reconcile(JavaReconcilingStrategy.java:131)
	at org.eclipse.jdt.internal.ui.text.java.JavaReconcilingStrategy.access$0(JavaReconcilingStrategy.java:113)
	at org.eclipse.jdt.internal.ui.text.java.JavaReconcilingStrategy$1.run(JavaReconcilingStrategy.java:93)
	at org.eclipse.core.runtime.SafeRunner.run(SafeRunner.java:45)
	at org.eclipse.jdt.internal.ui.text.java.JavaReconcilingStrategy.reconcile(JavaReconcilingStrategy.java:90)
	at org.eclipse.jdt.internal.ui.text.java.JavaReconcilingStrategy.reconcile(JavaReconcilingStrategy.java:157)
	at org.eclipse.jdt.internal.ui.text.CompositeReconcilingStrategy.reconcile(CompositeReconcilingStrategy.java:94)
	at org.eclipse.jdt.internal.ui.text.JavaCompositeReconcilingStrategy.reconcile(JavaCompositeReconcilingStrategy.java:107)
	at org.eclipse.jface.text.reconciler.MonoReconciler.process(MonoReconciler.java:76)
	at org.eclipse.jface.text.reconciler.AbstractReconciler$BackgroundThread.run(AbstractReconciler.java:210)

!ENTRY org.eclipse.jdt.ui 4 0 2026-07-15 16:49:25.721
!MESSAGE Error in JDT Core during reconcile
!STACK 0
java.lang.IllegalArgumentException
	at org.eclipse.jdt.core.dom.InfixExpression.setOperator(InfixExpression.java:383)
	at org.eclipse.jdt.core.dom.ASTConverter.convert(ASTConverter.java:2664)
	at org.eclipse.jdt.core.dom.ASTConverter.convert(ASTConverter.java:2025)
	at org.eclipse.jdt.core.dom.ASTConverter.convertToParenthesizedExpression(ASTConverter.java:3795)
	at org.eclipse.jdt.core.dom.ASTConverter.convert(ASTConverter.java:1943)
	at org.eclipse.jdt.core.dom.ASTConverter.convert(ASTConverter.java:1204)
	at org.eclipse.jdt.core.dom.ASTConverter.convert(ASTConverter.java:1974)
	at org.eclipse.jdt.core.dom.ASTConverter.convert(ASTConverter.java:2213)
	at org.eclipse.jdt.core.dom.ASTConverter.convert(ASTConverter.java:2994)
	at org.eclipse.jdt.core.dom.ASTConverter.convert(ASTConverter.java:751)
	at org.eclipse.jdt.core.dom.ASTConverter.buildBodyDeclarations(ASTConverter.java:208)
	at org.eclipse.jdt.core.dom.ASTConverter.convert(ASTConverter.java:3347)
	at org.eclipse.jdt.core.dom.ASTConverter.convert(ASTConverter.java:1524)
	at org.eclipse.jdt.core.dom.AST.convertCompilationUnit(AST.java:494)
	at org.eclipse.jdt.internal.core.CompilationUnit.buildStructure(CompilationUnit.java:201)
	at org.eclipse.jdt.internal.core.Openable.generateInfos(Openable.java:266)
	at org.eclipse.jdt.internal.core.JavaElement.openWhenClosed(JavaElement.java:597)
	at org.eclipse.jdt.internal.core.CompilationUnit.makeConsistent(CompilationUnit.java:1142)
	at org.eclipse.jdt.internal.core.ReconcileWorkingCopyOperation.makeConsistent(ReconcileWorkingCopyOperation.java:173)
	at org.eclipse.jdt.internal.core.ReconcileWorkingCopyOperation.executeOperation(ReconcileWorkingCopyOperation.java:94)
	at org.eclipse.jdt.internal.core.JavaModelOperation.run(JavaModelOperation.java:740)
	at org.eclipse.jdt.internal.core.JavaModelOperation.runOperation(JavaModelOperation.java:806)
	at org.eclipse.jdt.internal.core.CompilationUnit.reconcile(CompilationUnit.java:1319)
	at org.eclipse.jdt.internal.ui.text.java.JavaReconcilingStrategy.reconcile(JavaReconcilingStrategy.java:131)
	at org.eclipse.jdt.internal.ui.text.java.JavaReconcilingStrategy.access$0(JavaReconcilingStrategy.java:113)
	at org.eclipse.jdt.internal.ui.text.java.JavaReconcilingStrategy$1.run(JavaReconcilingStrategy.java:93)
	at org.eclipse.core.runtime.SafeRunner.run(SafeRunner.java:45)
	at org.eclipse.jdt.internal.ui.text.java.JavaReconcilingStrategy.reconcile(JavaReconcilingStrategy.java:90)
	at org.eclipse.jdt.internal.ui.text.java.JavaReconcilingStrategy.reconcile(JavaReconcilingStrategy.java:157)
	at org.eclipse.jdt.internal.ui.text.CompositeReconcilingStrategy.reconcile(CompositeReconcilingStrategy.java:94)
	at org.eclipse.jdt.internal.ui.text.JavaCompositeReconcilingStrategy.reconcile(JavaCompositeReconcilingStrategy.java:107)
	at org.eclipse.jface.text.reconciler.MonoReconciler.process(MonoReconciler.java:76)
	at org.eclipse.jface.text.reconciler.AbstractReconciler$BackgroundThread.run(AbstractReconciler.java:210)

!ENTRY org.eclipse.jdt.core 4 4 2026-07-15 16:49:26.109
!MESSAGE Exception occurred during compilation unit conversion:
----------------------------------- SOURCE BEGIN -------------------------------------
package exam;
/*
 * 문]
 *  정수 3개를 입력받고, 3개의 숫자 중 
 *  중간크기의 수를 출력하는 프로그램을 구현하시오
 *  
 *  출력결과
 *  첫번쨰 수 : 20 
 *  두번쨰 수 : 100 
 *  세번쨰 수 : 33
 *  중간 값은 33
 *  
 */

import java.util.*;
public class IfEX04 {

	public static void main(String[] args) {
		Scanner sc = new Scanner(System.in);
		int n1, n2, n3;
		
		System.out.println("첫번쨰 수 :");
		n1 = sc.nextInt();
		System.out.println("두번쨰 수 :");
		n2 = sc.nextInt();
		System.out.println("세번쨰 수 :");
		n3 = sc.nextInt();
		
		int median = n1;// 처음 중간값을 n1으로 초기화 함

		if((n1 >= n2 && n1 <= n3 || (n1 >= n3 && n1 <= n2))
		  ((n1 >= n2 && n1 <= n3) || (n1 >= n3 && n1 <= n2)){// n1이 중간값이 될 수 있는 조건  
			median = n1;
		}else if ((n2 >= n1 && n2 <= n3) || (n2 >= n3 && n2 <= n1))// n2가 중간값이 될 수 있는 조건
			median = n2;
	    //}else// 그외 중간값은 n3
	    	median = n3;
		//결과
		System.out.println("중간값은" +median);

}}

----------------------------------- SOURCE END -------------------------------------
!STACK 0
java.lang.IllegalArgumentException
	at org.eclipse.jdt.core.dom.InfixExpression.setOperator(InfixExpression.java:383)
	at org.eclipse.jdt.core.dom.ASTConverter.convert(ASTConverter.java:2664)
	at org.eclipse.jdt.core.dom.ASTConverter.convert(ASTConverter.java:2025)
	at org.eclipse.jdt.core.dom.ASTConverter.convertToParenthesizedExpression(ASTConverter.java:3795)
	at org.eclipse.jdt.core.dom.ASTConverter.convert(ASTConverter.java:1943)
	at org.eclipse.jdt.core.dom.ASTConverter.convert(ASTConverter.java:1204)
	at org.eclipse.jdt.core.dom.ASTConverter.convert(ASTConverter.java:1974)
	at org.eclipse.jdt.core.dom.ASTConverter.convert(ASTConverter.java:2213)
	at org.eclipse.jdt.core.dom.ASTConverter.convert(ASTConverter.java:2994)
	at org.eclipse.jdt.core.dom.ASTConverter.convert(ASTConverter.java:751)
	at org.eclipse.jdt.core.dom.ASTConverter.buildBodyDeclarations(ASTConverter.java:208)
	at org.eclipse.jdt.core.dom.ASTConverter.convert(ASTConverter.java:3347)
	at org.eclipse.jdt.core.dom.ASTConverter.convert(ASTConverter.java:1524)
	at org.eclipse.jdt.core.dom.CompilationUnitResolver.convert(CompilationUnitResolver.java:323)
	at org.eclipse.jdt.core.dom.ASTParser.internalCreateAST(ASTParser.java:1231)
	at org.eclipse.jdt.core.dom.ASTParser.createAST(ASTParser.java:820)
	at org.eclipse.jdt.core.manipulation.CoreASTProvider$1.run(CoreASTProvider.java:272)
	at org.eclipse.core.runtime.SafeRunner.run(SafeRunner.java:45)
	at org.eclipse.jdt.core.manipulation.CoreASTProvider.createAST(CoreASTProvider.java:264)
	at org.eclipse.jdt.core.manipulation.CoreASTProvider.getAST(CoreASTProvider.java:197)
	at org.eclipse.jdt.core.manipulation.SharedASTProviderCore.getAST(SharedASTProviderCore.java:138)
	at org.eclipse.jdt.internal.ui.viewsupport.SelectionListenerWithASTManager$PartListenerGroup.calculateASTandInform(SelectionListenerWithASTManager.java:166)
	at org.eclipse.jdt.internal.ui.viewsupport.SelectionListenerWithASTManager$PartListenerGroup$1.run(SelectionListenerWithASTManager.java:151)
	at org.eclipse.core.internal.jobs.Worker.run(Worker.java:63)

!ENTRY org.eclipse.jdt.core.manipulation 4 2 2026-07-15 16:49:26.110
!MESSAGE Problems occurred when invoking code from plug-in: "org.eclipse.jdt.core.manipulation".
!STACK 0
java.lang.IllegalArgumentException
	at org.eclipse.jdt.core.dom.InfixExpression.setOperator(InfixExpression.java:383)
	at org.eclipse.jdt.core.dom.ASTConverter.convert(ASTConverter.java:2664)
	at org.eclipse.jdt.core.dom.ASTConverter.convert(ASTConverter.java:2025)
	at org.eclipse.jdt.core.dom.ASTConverter.convertToParenthesizedExpression(ASTConverter.java:3795)
	at org.eclipse.jdt.core.dom.ASTConverter.convert(ASTConverter.java:1943)
	at org.eclipse.jdt.core.dom.ASTConverter.convert(ASTConverter.java:1204)
	at org.eclipse.jdt.core.dom.ASTConverter.convert(ASTConverter.java:1974)
	at org.eclipse.jdt.core.dom.ASTConverter.convert(ASTConverter.java:2213)
	at org.eclipse.jdt.core.dom.ASTConverter.convert(ASTConverter.java:2994)
	at org.eclipse.jdt.core.dom.ASTConverter.convert(ASTConverter.java:751)
	at org.eclipse.jdt.core.dom.ASTConverter.buildBodyDeclarations(ASTConverter.java:208)
	at org.eclipse.jdt.core.dom.ASTConverter.convert(ASTConverter.java:3347)
	at org.eclipse.jdt.core.dom.ASTConverter.convert(ASTConverter.java:1524)
	at org.eclipse.jdt.core.dom.CompilationUnitResolver.convert(CompilationUnitResolver.java:323)
	at org.eclipse.jdt.core.dom.ASTParser.internalCreateAST(ASTParser.java:1231)
	at org.eclipse.jdt.core.dom.ASTParser.createAST(ASTParser.java:820)
	at org.eclipse.jdt.core.manipulation.CoreASTProvider$1.run(CoreASTProvider.java:272)
	at org.eclipse.core.runtime.SafeRunner.run(SafeRunner.java:45)
	at org.eclipse.jdt.core.manipulation.CoreASTProvider.createAST(CoreASTProvider.java:264)
	at org.eclipse.jdt.core.manipulation.CoreASTProvider.getAST(CoreASTProvider.java:197)
	at org.eclipse.jdt.core.manipulation.SharedASTProviderCore.getAST(SharedASTProviderCore.java:138)
	at org.eclipse.jdt.internal.ui.viewsupport.SelectionListenerWithASTManager$PartListenerGroup.calculateASTandInform(SelectionListenerWithASTManager.java:166)
	at org.eclipse.jdt.internal.ui.viewsupport.SelectionListenerWithASTManager$PartListenerGroup$1.run(SelectionListenerWithASTManager.java:151)
	at org.eclipse.core.internal.jobs.Worker.run(Worker.java:63)

!ENTRY org.eclipse.jdt.core.manipulation 4 0 2026-07-15 16:49:26.110
!MESSAGE Error in JDT Core during AST creation
!STACK 0
java.lang.IllegalArgumentException
	at org.eclipse.jdt.core.dom.InfixExpression.setOperator(InfixExpression.java:383)
	at org.eclipse.jdt.core.dom.ASTConverter.convert(ASTConverter.java:2664)
	at org.eclipse.jdt.core.dom.ASTConverter.convert(ASTConverter.java:2025)
	at org.eclipse.jdt.core.dom.ASTConverter.convertToParenthesizedExpression(ASTConverter.java:3795)
	at org.eclipse.jdt.core.dom.ASTConverter.convert(ASTConverter.java:1943)
	at org.eclipse.jdt.core.dom.ASTConverter.convert(ASTConverter.java:1204)
	at org.eclipse.jdt.core.dom.ASTConverter.convert(ASTConverter.java:1974)
	at org.eclipse.jdt.core.dom.ASTConverter.convert(ASTConverter.java:2213)
	at org.eclipse.jdt.core.dom.ASTConverter.convert(ASTConverter.java:2994)
	at org.eclipse.jdt.core.dom.ASTConverter.convert(ASTConverter.java:751)
	at org.eclipse.jdt.core.dom.ASTConverter.buildBodyDeclarations(ASTConverter.java:208)
	at org.eclipse.jdt.core.dom.ASTConverter.convert(ASTConverter.java:3347)
	at org.eclipse.jdt.core.dom.ASTConverter.convert(ASTConverter.java:1524)
	at org.eclipse.jdt.core.dom.CompilationUnitResolver.convert(CompilationUnitResolver.java:323)
	at org.eclipse.jdt.core.dom.ASTParser.internalCreateAST(ASTParser.java:1231)
	at org.eclipse.jdt.core.dom.ASTParser.createAST(ASTParser.java:820)
	at org.eclipse.jdt.core.manipulation.CoreASTProvider$1.run(CoreASTProvider.java:272)
	at org.eclipse.core.runtime.SafeRunner.run(SafeRunner.java:45)
	at org.eclipse.jdt.core.manipulation.CoreASTProvider.createAST(CoreASTProvider.java:264)
	at org.eclipse.jdt.core.manipulation.CoreASTProvider.getAST(CoreASTProvider.java:197)
	at org.eclipse.jdt.core.manipulation.SharedASTProviderCore.getAST(SharedASTProviderCore.java:138)
	at org.eclipse.jdt.internal.ui.viewsupport.SelectionListenerWithASTManager$PartListenerGroup.calculateASTandInform(SelectionListenerWithASTManager.java:166)
	at org.eclipse.jdt.internal.ui.viewsupport.SelectionListenerWithASTManager$PartListenerGroup$1.run(SelectionListenerWithASTManager.java:151)
	at org.eclipse.core.internal.jobs.Worker.run(Worker.java:63)

!ENTRY org.eclipse.jdt.core 4 4 2026-07-15 16:49:28.678
!MESSAGE Exception occurred during compilation unit conversion:
----------------------------------- SOURCE BEGIN -------------------------------------
package exam;
/*
 * 문]
 *  정수 3개를 입력받고, 3개의 숫자 중 
 *  중간크기의 수를 출력하는 프로그램을 구현하시오
 *  
 *  출력결과
 *  첫번쨰 수 : 20 
 *  두번쨰 수 : 100 
 *  세번쨰 수 : 33
 *  중간 값은 33
 *  
 */

import java.util.*;
public class IfEX04 {

	public static void main(String[] args) {
		Scanner sc = new Scanner(System.in);
		int n1, n2, n3;
		
		System.out.println("첫번쨰 수 :");
		n1 = sc.nextInt();
		System.out.println("두번쨰 수 :");
		n2 = sc.nextInt();
		System.out.println("세번쨰 수 :");
		n3 = sc.nextInt();
		
		int median = n1;// 처음 중간값을 n1으로 초기화 함

		if((n1 >= n2 && n1 <= n3 || (n1 >= n3 && n1 <= n2))
		  ((n1 >= n2 && n1 <= n3) || (n1 >= n3 && n1 <= n2)){// n1이 중간값이 될 수 있는 조건  
			median = n1;
		}else if ((n2 >= n1 && n2 <= n3) || (n2 >= n3 && n2 <= n1))// n2가 중간값이 될 수 있는 조건
			median = n2;
	    //}else// 그외 중간값은 n3
	    	median = n3;
		//결과
		System.out.println("중간값은" +median);

}}

----------------------------------- SOURCE END -------------------------------------
!STACK 0
java.lang.IllegalArgumentException
	at org.eclipse.jdt.core.dom.InfixExpression.setOperator(InfixExpression.java:383)
	at org.eclipse.jdt.core.dom.ASTConverter.convert(ASTConverter.java:2664)
	at org.eclipse.jdt.core.dom.ASTConverter.convert(ASTConverter.java:2025)
	at org.eclipse.jdt.core.dom.ASTConverter.convertToParenthesizedExpression(ASTConverter.java:3795)
	at org.eclipse.jdt.core.dom.ASTConverter.convert(ASTConverter.java:1943)
	at org.eclipse.jdt.core.dom.ASTConverter.convert(ASTConverter.java:1204)
	at org.eclipse.jdt.core.dom.ASTConverter.convert(ASTConverter.java:1974)
	at org.eclipse.jdt.core.dom.ASTConverter.convert(ASTConverter.java:2213)
	at org.eclipse.jdt.core.dom.ASTConverter.convert(ASTConverter.java:2994)
	at org.eclipse.jdt.core.dom.ASTConverter.convert(ASTConverter.java:751)
	at org.eclipse.jdt.core.dom.ASTConverter.buildBodyDeclarations(ASTConverter.java:208)
	at org.eclipse.jdt.core.dom.ASTConverter.convert(ASTConverter.java:3347)
	at org.eclipse.jdt.core.dom.ASTConverter.convert(ASTConverter.java:1524)
	at org.eclipse.jdt.core.dom.CompilationUnitResolver.convert(CompilationUnitResolver.java:323)
	at org.eclipse.jdt.core.dom.ASTParser.internalCreateAST(ASTParser.java:1231)
	at org.eclipse.jdt.core.dom.ASTParser.createAST(ASTParser.java:820)
	at org.eclipse.jdt.core.manipulation.CoreASTProvider$1.run(CoreASTProvider.java:272)
	at org.eclipse.core.runtime.SafeRunner.run(SafeRunner.java:45)
	at org.eclipse.jdt.core.manipulation.CoreASTProvider.createAST(CoreASTProvider.java:264)
	at org.eclipse.jdt.core.manipulation.CoreASTProvider.getAST(CoreASTProvider.java:197)
	at org.eclipse.jdt.core.manipulation.SharedASTProviderCore.getAST(SharedASTProviderCore.java:138)
	at org.eclipse.jdt.internal.ui.text.java.hover.NLSStringHover.internalGetHoverInfo(NLSStringHover.java:139)
	at org.eclipse.jdt.internal.ui.text.java.hover.NLSStringHover.getHoverInfo2(NLSStringHover.java:118)
	at org.eclipse.jdt.internal.ui.text.java.hover.BestMatchHover.getHoverInfo2(BestMatchHover.java:163)
	at org.eclipse.jdt.internal.ui.text.java.hover.BestMatchHover.getHoverInfo2(BestMatchHover.java:130)
	at org.eclipse.jdt.internal.ui.text.java.hover.JavaEditorTextHoverProxy.getHoverInfo2(JavaEditorTextHoverProxy.java:89)
	at org.eclipse.jface.text.TextViewerHoverManager$1.run(TextViewerHoverManager.java:155)

!ENTRY org.eclipse.jdt.core.manipulation 4 2 2026-07-15 16:49:28.678
!MESSAGE Problems occurred when invoking code from plug-in: "org.eclipse.jdt.core.manipulation".
!STACK 0
java.lang.IllegalArgumentException
	at org.eclipse.jdt.core.dom.InfixExpression.setOperator(InfixExpression.java:383)
	at org.eclipse.jdt.core.dom.ASTConverter.convert(ASTConverter.java:2664)
	at org.eclipse.jdt.core.dom.ASTConverter.convert(ASTConverter.java:2025)
	at org.eclipse.jdt.core.dom.ASTConverter.convertToParenthesizedExpression(ASTConverter.java:3795)
	at org.eclipse.jdt.core.dom.ASTConverter.convert(ASTConverter.java:1943)
	at org.eclipse.jdt.core.dom.ASTConverter.convert(ASTConverter.java:1204)
	at org.eclipse.jdt.core.dom.ASTConverter.convert(ASTConverter.java:1974)
	at org.eclipse.jdt.core.dom.ASTConverter.convert(ASTConverter.java:2213)
	at org.eclipse.jdt.core.dom.ASTConverter.convert(ASTConverter.java:2994)
	at org.eclipse.jdt.core.dom.ASTConverter.convert(ASTConverter.java:751)
	at org.eclipse.jdt.core.dom.ASTConverter.buildBodyDeclarations(ASTConverter.java:208)
	at org.eclipse.jdt.core.dom.ASTConverter.convert(ASTConverter.java:3347)
	at org.eclipse.jdt.core.dom.ASTConverter.convert(ASTConverter.java:1524)
	at org.eclipse.jdt.core.dom.CompilationUnitResolver.convert(CompilationUnitResolver.java:323)
	at org.eclipse.jdt.core.dom.ASTParser.internalCreateAST(ASTParser.java:1231)
	at org.eclipse.jdt.core.dom.ASTParser.createAST(ASTParser.java:820)
	at org.eclipse.jdt.core.manipulation.CoreASTProvider$1.run(CoreASTProvider.java:272)
	at org.eclipse.core.runtime.SafeRunner.run(SafeRunner.java:45)
	at org.eclipse.jdt.core.manipulation.CoreASTProvider.createAST(CoreASTProvider.java:264)
	at org.eclipse.jdt.core.manipulation.CoreASTProvider.getAST(CoreASTProvider.java:197)
	at org.eclipse.jdt.core.manipulation.SharedASTProviderCore.getAST(SharedASTProviderCore.java:138)
	at org.eclipse.jdt.internal.ui.text.java.hover.NLSStringHover.internalGetHoverInfo(NLSStringHover.java:139)
	at org.eclipse.jdt.internal.ui.text.java.hover.NLSStringHover.getHoverInfo2(NLSStringHover.java:118)
	at org.eclipse.jdt.internal.ui.text.java.hover.BestMatchHover.getHoverInfo2(BestMatchHover.java:163)
	at org.eclipse.jdt.internal.ui.text.java.hover.BestMatchHover.getHoverInfo2(BestMatchHover.java:130)
	at org.eclipse.jdt.internal.ui.text.java.hover.JavaEditorTextHoverProxy.getHoverInfo2(JavaEditorTextHoverProxy.java:89)
	at org.eclipse.jface.text.TextViewerHoverManager$1.run(TextViewerHoverManager.java:155)

!ENTRY org.eclipse.jdt.core.manipulation 4 0 2026-07-15 16:49:28.679
!MESSAGE Error in JDT Core during AST creation
!STACK 0
java.lang.IllegalArgumentException
	at org.eclipse.jdt.core.dom.InfixExpression.setOperator(InfixExpression.java:383)
	at org.eclipse.jdt.core.dom.ASTConverter.convert(ASTConverter.java:2664)
	at org.eclipse.jdt.core.dom.ASTConverter.convert(ASTConverter.java:2025)
	at org.eclipse.jdt.core.dom.ASTConverter.convertToParenthesizedExpression(ASTConverter.java:3795)
	at org.eclipse.jdt.core.dom.ASTConverter.convert(ASTConverter.java:1943)
	at org.eclipse.jdt.core.dom.ASTConverter.convert(ASTConverter.java:1204)
	at org.eclipse.jdt.core.dom.ASTConverter.convert(ASTConverter.java:1974)
	at org.eclipse.jdt.core.dom.ASTConverter.convert(ASTConverter.java:2213)
	at org.eclipse.jdt.core.dom.ASTConverter.convert(ASTConverter.java:2994)
	at org.eclipse.jdt.core.dom.ASTConverter.convert(ASTConverter.java:751)
	at org.eclipse.jdt.core.dom.ASTConverter.buildBodyDeclarations(ASTConverter.java:208)
	at org.eclipse.jdt.core.dom.ASTConverter.convert(ASTConverter.java:3347)
	at org.eclipse.jdt.core.dom.ASTConverter.convert(ASTConverter.java:1524)
	at org.eclipse.jdt.core.dom.CompilationUnitResolver.convert(CompilationUnitResolver.java:323)
	at org.eclipse.jdt.core.dom.ASTParser.internalCreateAST(ASTParser.java:1231)
	at org.eclipse.jdt.core.dom.ASTParser.createAST(ASTParser.java:820)
	at org.eclipse.jdt.core.manipulation.CoreASTProvider$1.run(CoreASTProvider.java:272)
	at org.eclipse.core.runtime.SafeRunner.run(SafeRunner.java:45)
	at org.eclipse.jdt.core.manipulation.CoreASTProvider.createAST(CoreASTProvider.java:264)
	at org.eclipse.jdt.core.manipulation.CoreASTProvider.getAST(CoreASTProvider.java:197)
	at org.eclipse.jdt.core.manipulation.SharedASTProviderCore.getAST(SharedASTProviderCore.java:138)
	at org.eclipse.jdt.internal.ui.text.java.hover.NLSStringHover.internalGetHoverInfo(NLSStringHover.java:139)
	at org.eclipse.jdt.internal.ui.text.java.hover.NLSStringHover.getHoverInfo2(NLSStringHover.java:118)
	at org.eclipse.jdt.internal.ui.text.java.hover.BestMatchHover.getHoverInfo2(BestMatchHover.java:163)
	at org.eclipse.jdt.internal.ui.text.java.hover.BestMatchHover.getHoverInfo2(BestMatchHover.java:130)
	at org.eclipse.jdt.internal.ui.text.java.hover.JavaEditorTextHoverProxy.getHoverInfo2(JavaEditorTextHoverProxy.java:89)
	at org.eclipse.jface.text.TextViewerHoverManager$1.run(TextViewerHoverManager.java:155)

!ENTRY org.eclipse.jdt.core 4 4 2026-07-15 16:49:28.681
!MESSAGE Exception occurred during compilation unit conversion:
----------------------------------- SOURCE BEGIN -------------------------------------
package exam;
/*
 * 문]
 *  정수 3개를 입력받고, 3개의 숫자 중 
 *  중간크기의 수를 출력하는 프로그램을 구현하시오
 *  
 *  출력결과
 *  첫번쨰 수 : 20 
 *  두번쨰 수 : 100 
 *  세번쨰 수 : 33
 *  중간 값은 33
 *  
 */

import java.util.*;
public class IfEX04 {

	public static void main(String[] args) {
		Scanner sc = new Scanner(System.in);
		int n1, n2, n3;
		
		System.out.println("첫번쨰 수 :");
		n1 = sc.nextInt();
		System.out.println("두번쨰 수 :");
		n2 = sc.nextInt();
		System.out.println("세번쨰 수 :");
		n3 = sc.nextInt();
		
		int median = n1;// 처음 중간값을 n1으로 초기화 함

		if((n1 >= n2 && n1 <= n3 || (n1 >= n3 && n1 <= n2))
		  ((n1 >= n2 && n1 <= n3) || (n1 >= n3 && n1 <= n2)){// n1이 중간값이 될 수 있는 조건  
			median = n1;
		}else if ((n2 >= n1 && n2 <= n3) || (n2 >= n3 && n2 <= n1))// n2가 중간값이 될 수 있는 조건
			median = n2;
	    //}else// 그외 중간값은 n3
	    	median = n3;
		//결과
		System.out.println("중간값은" +median);

}}

----------------------------------- SOURCE END -------------------------------------
!STACK 0
java.lang.IllegalArgumentException
	at org.eclipse.jdt.core.dom.InfixExpression.setOperator(InfixExpression.java:383)
	at org.eclipse.jdt.core.dom.ASTConverter.convert(ASTConverter.java:2664)
	at org.eclipse.jdt.core.dom.ASTConverter.convert(ASTConverter.java:2025)
	at org.eclipse.jdt.core.dom.ASTConverter.convertToParenthesizedExpression(ASTConverter.java:3795)
	at org.eclipse.jdt.core.dom.ASTConverter.convert(ASTConverter.java:1943)
	at org.eclipse.jdt.core.dom.ASTConverter.convert(ASTConverter.java:1204)
	at org.eclipse.jdt.core.dom.ASTConverter.convert(ASTConverter.java:1974)
	at org.eclipse.jdt.core.dom.ASTConverter.convert(ASTConverter.java:2213)
	at org.eclipse.jdt.core.dom.ASTConverter.convert(ASTConverter.java:2994)
	at org.eclipse.jdt.core.dom.ASTConverter.convert(ASTConverter.java:751)
	at org.eclipse.jdt.core.dom.ASTConverter.buildBodyDeclarations(ASTConverter.java:208)
	at org.eclipse.jdt.core.dom.ASTConverter.convert(ASTConverter.java:3347)
	at org.eclipse.jdt.core.dom.ASTConverter.convert(ASTConverter.java:1524)
	at org.eclipse.jdt.core.dom.CompilationUnitResolver.convert(CompilationUnitResolver.java:323)
	at org.eclipse.jdt.core.dom.ASTParser.internalCreateAST(ASTParser.java:1231)
	at org.eclipse.jdt.core.dom.ASTParser.createAST(ASTParser.java:820)
	at org.eclipse.jdt.core.manipulation.CoreASTProvider$1.run(CoreASTProvider.java:272)
	at org.eclipse.core.runtime.SafeRunner.run(SafeRunner.java:45)
	at org.eclipse.jdt.core.manipulation.CoreASTProvider.createAST(CoreASTProvider.java:264)
	at org.eclipse.jdt.core.manipulation.CoreASTProvider.getAST(CoreASTProvider.java:197)
	at org.eclipse.jdt.core.manipulation.SharedASTProviderCore.getAST(SharedASTProviderCore.java:138)
	at org.eclipse.jdt.internal.ui.text.java.hover.JavadocHover.getHoveredASTNode(JavadocHover.java:1003)
	at org.eclipse.jdt.internal.ui.text.java.hover.JavadocHover.getInfoText(JavadocHover.java:799)
	at org.eclipse.jdt.internal.ui.text.java.hover.JavadocHover.getHoverInfo(JavadocHover.java:743)
	at org.eclipse.jdt.internal.ui.text.java.hover.JavadocHover.internalGetHoverInfo(JavadocHover.java:666)
	at org.eclipse.jdt.internal.ui.text.java.hover.JavadocHover.getHoverInfo2(JavadocHover.java:658)
	at org.eclipse.jdt.internal.ui.text.java.hover.BestMatchHover.getHoverInfo2(BestMatchHover.java:163)
	at org.eclipse.jdt.internal.ui.text.java.hover.BestMatchHover.getHoverInfo2(BestMatchHover.java:130)
	at org.eclipse.jdt.internal.ui.text.java.hover.JavaEditorTextHoverProxy.getHoverInfo2(JavaEditorTextHoverProxy.java:89)
	at org.eclipse.jface.text.TextViewerHoverManager$1.run(TextViewerHoverManager.java:155)

!ENTRY org.eclipse.jdt.core.manipulation 4 2 2026-07-15 16:49:28.681
!MESSAGE Problems occurred when invoking code from plug-in: "org.eclipse.jdt.core.manipulation".
!STACK 0
java.lang.IllegalArgumentException
	at org.eclipse.jdt.core.dom.InfixExpression.setOperator(InfixExpression.java:383)
	at org.eclipse.jdt.core.dom.ASTConverter.convert(ASTConverter.java:2664)
	at org.eclipse.jdt.core.dom.ASTConverter.convert(ASTConverter.java:2025)
	at org.eclipse.jdt.core.dom.ASTConverter.convertToParenthesizedExpression(ASTConverter.java:3795)
	at org.eclipse.jdt.core.dom.ASTConverter.convert(ASTConverter.java:1943)
	at org.eclipse.jdt.core.dom.ASTConverter.convert(ASTConverter.java:1204)
	at org.eclipse.jdt.core.dom.ASTConverter.convert(ASTConverter.java:1974)
	at org.eclipse.jdt.core.dom.ASTConverter.convert(ASTConverter.java:2213)
	at org.eclipse.jdt.core.dom.ASTConverter.convert(ASTConverter.java:2994)
	at org.eclipse.jdt.core.dom.ASTConverter.convert(ASTConverter.java:751)
	at org.eclipse.jdt.core.dom.ASTConverter.buildBodyDeclarations(ASTConverter.java:208)
	at org.eclipse.jdt.core.dom.ASTConverter.convert(ASTConverter.java:3347)
	at org.eclipse.jdt.core.dom.ASTConverter.convert(ASTConverter.java:1524)
	at org.eclipse.jdt.core.dom.CompilationUnitResolver.convert(CompilationUnitResolver.java:323)
	at org.eclipse.jdt.core.dom.ASTParser.internalCreateAST(ASTParser.java:1231)
	at org.eclipse.jdt.core.dom.ASTParser.createAST(ASTParser.java:820)
	at org.eclipse.jdt.core.manipulation.CoreASTProvider$1.run(CoreASTProvider.java:272)
	at org.eclipse.core.runtime.SafeRunner.run(SafeRunner.java:45)
	at org.eclipse.jdt.core.manipulation.CoreASTProvider.createAST(CoreASTProvider.java:264)
	at org.eclipse.jdt.core.manipulation.CoreASTProvider.getAST(CoreASTProvider.java:197)
	at org.eclipse.jdt.core.manipulation.SharedASTProviderCore.getAST(SharedASTProviderCore.java:138)
	at org.eclipse.jdt.internal.ui.text.java.hover.JavadocHover.getHoveredASTNode(JavadocHover.java:1003)
	at org.eclipse.jdt.internal.ui.text.java.hover.JavadocHover.getInfoText(JavadocHover.java:799)
	at org.eclipse.jdt.internal.ui.text.java.hover.JavadocHover.getHoverInfo(JavadocHover.java:743)
	at org.eclipse.jdt.internal.ui.text.java.hover.JavadocHover.internalGetHoverInfo(JavadocHover.java:666)
	at org.eclipse.jdt.internal.ui.text.java.hover.JavadocHover.getHoverInfo2(JavadocHover.java:658)
	at org.eclipse.jdt.internal.ui.text.java.hover.BestMatchHover.getHoverInfo2(BestMatchHover.java:163)
	at org.eclipse.jdt.internal.ui.text.java.hover.BestMatchHover.getHoverInfo2(BestMatchHover.java:130)
	at org.eclipse.jdt.internal.ui.text.java.hover.JavaEditorTextHoverProxy.getHoverInfo2(JavaEditorTextHoverProxy.java:89)
	at org.eclipse.jface.text.TextViewerHoverManager$1.run(TextViewerHoverManager.java:155)

!ENTRY org.eclipse.jdt.core.manipulation 4 0 2026-07-15 16:49:28.682
!MESSAGE Error in JDT Core during AST creation
!STACK 0
java.lang.IllegalArgumentException
	at org.eclipse.jdt.core.dom.InfixExpression.setOperator(InfixExpression.java:383)
	at org.eclipse.jdt.core.dom.ASTConverter.convert(ASTConverter.java:2664)
	at org.eclipse.jdt.core.dom.ASTConverter.convert(ASTConverter.java:2025)
	at org.eclipse.jdt.core.dom.ASTConverter.convertToParenthesizedExpression(ASTConverter.java:3795)
	at org.eclipse.jdt.core.dom.ASTConverter.convert(ASTConverter.java:1943)
	at org.eclipse.jdt.core.dom.ASTConverter.convert(ASTConverter.java:1204)
	at org.eclipse.jdt.core.dom.ASTConverter.convert(ASTConverter.java:1974)
	at org.eclipse.jdt.core.dom.ASTConverter.convert(ASTConverter.java:2213)
	at org.eclipse.jdt.core.dom.ASTConverter.convert(ASTConverter.java:2994)
	at org.eclipse.jdt.core.dom.ASTConverter.convert(ASTConverter.java:751)
	at org.eclipse.jdt.core.dom.ASTConverter.buildBodyDeclarations(ASTConverter.java:208)
	at org.eclipse.jdt.core.dom.ASTConverter.convert(ASTConverter.java:3347)
	at org.eclipse.jdt.core.dom.ASTConverter.convert(ASTConverter.java:1524)
	at org.eclipse.jdt.core.dom.CompilationUnitResolver.convert(CompilationUnitResolver.java:323)
	at org.eclipse.jdt.core.dom.ASTParser.internalCreateAST(ASTParser.java:1231)
	at org.eclipse.jdt.core.dom.ASTParser.createAST(ASTParser.java:820)
	at org.eclipse.jdt.core.manipulation.CoreASTProvider$1.run(CoreASTProvider.java:272)
	at org.eclipse.core.runtime.SafeRunner.run(SafeRunner.java:45)
	at org.eclipse.jdt.core.manipulation.CoreASTProvider.createAST(CoreASTProvider.java:264)
	at org.eclipse.jdt.core.manipulation.CoreASTProvider.getAST(CoreASTProvider.java:197)
	at org.eclipse.jdt.core.manipulation.SharedASTProviderCore.getAST(SharedASTProviderCore.java:138)
	at org.eclipse.jdt.internal.ui.text.java.hover.JavadocHover.getHoveredASTNode(JavadocHover.java:1003)
	at org.eclipse.jdt.internal.ui.text.java.hover.JavadocHover.getInfoText(JavadocHover.java:799)
	at org.eclipse.jdt.internal.ui.text.java.hover.JavadocHover.getHoverInfo(JavadocHover.java:743)
	at org.eclipse.jdt.internal.ui.text.java.hover.JavadocHover.internalGetHoverInfo(JavadocHover.java:666)
	at org.eclipse.jdt.internal.ui.text.java.hover.JavadocHover.getHoverInfo2(JavadocHover.java:658)
	at org.eclipse.jdt.internal.ui.text.java.hover.BestMatchHover.getHoverInfo2(BestMatchHover.java:163)
	at org.eclipse.jdt.internal.ui.text.java.hover.BestMatchHover.getHoverInfo2(BestMatchHover.java:130)
	at org.eclipse.jdt.internal.ui.text.java.hover.JavaEditorTextHoverProxy.getHoverInfo2(JavaEditorTextHoverProxy.java:89)
	at org.eclipse.jface.text.TextViewerHoverManager$1.run(TextViewerHoverManager.java:155)

!ENTRY org.eclipse.jdt.core 4 4 2026-07-15 16:49:35.028
!MESSAGE Exception occurred during compilation unit conversion:
----------------------------------- SOURCE BEGIN -------------------------------------
package exam;
/*
 * 문]
 *  정수 3개를 입력받고, 3개의 숫자 중 
 *  중간크기의 수를 출력하는 프로그램을 구현하시오
 *  
 *  출력결과
 *  첫번쨰 수 : 20 
 *  두번쨰 수 : 100 
 *  세번쨰 수 : 33
 *  중간 값은 33
 *  
 */

import java.util.*;
public class IfEX04 {

	public static void main(String[] args) {
		Scanner sc = new Scanner(System.in);
		int n1, n2, n3;
		
		System.out.println("첫번쨰 수 :");
		n1 = sc.nextInt();
		System.out.println("두번쨰 수 :");
		n2 = sc.nextInt();
		System.out.println("세번쨰 수 :");
		n3 = sc.nextInt();
		
		int median = n1;// 처음 중간값을 n1으로 초기화 함

		if((n1 >= n2 && n1 <= n3 || (n1 >= n3 && n1 <= n2))
		  ((n1 >= n2 && n1 <= n3) || (n1 >= n3 && n1 <= n2)){// n1이 중간값이 될 수 있는 조건  
			median = n1;
		}else if ((n2 >= n1 && n2 <= n3) || (n2 >= n3 && n2 <= n1))// n2가 중간값이 될 수 있는 조건
			median = n2;
	    //}else// 그외 중간값은 n3
	    	median = n3;
		//결과
		System.out.println("중간값은" +median);

}}

----------------------------------- SOURCE END -------------------------------------
!STACK 0
java.lang.IllegalArgumentException
	at org.eclipse.jdt.core.dom.InfixExpression.setOperator(InfixExpression.java:383)
	at org.eclipse.jdt.core.dom.ASTConverter.convert(ASTConverter.java:2664)
	at org.eclipse.jdt.core.dom.ASTConverter.convert(ASTConverter.java:2025)
	at org.eclipse.jdt.core.dom.ASTConverter.convertToParenthesizedExpression(ASTConverter.java:3795)
	at org.eclipse.jdt.core.dom.ASTConverter.convert(ASTConverter.java:1943)
	at org.eclipse.jdt.core.dom.ASTConverter.convert(ASTConverter.java:1204)
	at org.eclipse.jdt.core.dom.ASTConverter.convert(ASTConverter.java:1974)
	at org.eclipse.jdt.core.dom.ASTConverter.convert(ASTConverter.java:2213)
	at org.eclipse.jdt.core.dom.ASTConverter.convert(ASTConverter.java:2994)
	at org.eclipse.jdt.core.dom.ASTConverter.convert(ASTConverter.java:751)
	at org.eclipse.jdt.core.dom.ASTConverter.buildBodyDeclarations(ASTConverter.java:208)
	at org.eclipse.jdt.core.dom.ASTConverter.convert(ASTConverter.java:3347)
	at org.eclipse.jdt.core.dom.ASTConverter.convert(ASTConverter.java:1524)
	at org.eclipse.jdt.core.dom.CompilationUnitResolver.convert(CompilationUnitResolver.java:323)
	at org.eclipse.jdt.core.dom.ASTParser.internalCreateAST(ASTParser.java:1231)
	at org.eclipse.jdt.core.dom.ASTParser.createAST(ASTParser.java:820)
	at org.eclipse.jdt.core.manipulation.CoreASTProvider$1.run(CoreASTProvider.java:272)
	at org.eclipse.core.runtime.SafeRunner.run(SafeRunner.java:45)
	at org.eclipse.jdt.core.manipulation.CoreASTProvider.createAST(CoreASTProvider.java:264)
	at org.eclipse.jdt.core.manipulation.CoreASTProvider.getAST(CoreASTProvider.java:197)
	at org.eclipse.jdt.core.manipulation.SharedASTProviderCore.getAST(SharedASTProviderCore.java:138)
	at org.eclipse.jdt.internal.ui.text.java.hover.NLSStringHover.internalGetHoverInfo(NLSStringHover.java:139)
	at org.eclipse.jdt.internal.ui.text.java.hover.NLSStringHover.getHoverInfo2(NLSStringHover.java:118)
	at org.eclipse.jdt.internal.ui.text.java.hover.BestMatchHover.getHoverInfo2(BestMatchHover.java:163)
	at org.eclipse.jdt.internal.ui.text.java.hover.BestMatchHover.getHoverInfo2(BestMatchHover.java:130)
	at org.eclipse.jdt.internal.ui.text.java.hover.JavaEditorTextHoverProxy.getHoverInfo2(JavaEditorTextHoverProxy.java:89)
	at org.eclipse.jface.text.TextViewerHoverManager$1.run(TextViewerHoverManager.java:155)

!ENTRY org.eclipse.jdt.core.manipulation 4 2 2026-07-15 16:49:35.029
!MESSAGE Problems occurred when invoking code from plug-in: "org.eclipse.jdt.core.manipulation".
!STACK 0
java.lang.IllegalArgumentException
	at org.eclipse.jdt.core.dom.InfixExpression.setOperator(InfixExpression.java:383)
	at org.eclipse.jdt.core.dom.ASTConverter.convert(ASTConverter.java:2664)
	at org.eclipse.jdt.core.dom.ASTConverter.convert(ASTConverter.java:2025)
	at org.eclipse.jdt.core.dom.ASTConverter.convertToParenthesizedExpression(ASTConverter.java:3795)
	at org.eclipse.jdt.core.dom.ASTConverter.convert(ASTConverter.java:1943)
	at org.eclipse.jdt.core.dom.ASTConverter.convert(ASTConverter.java:1204)
	at org.eclipse.jdt.core.dom.ASTConverter.convert(ASTConverter.java:1974)
	at org.eclipse.jdt.core.dom.ASTConverter.convert(ASTConverter.java:2213)
	at org.eclipse.jdt.core.dom.ASTConverter.convert(ASTConverter.java:2994)
	at org.eclipse.jdt.core.dom.ASTConverter.convert(ASTConverter.java:751)
	at org.eclipse.jdt.core.dom.ASTConverter.buildBodyDeclarations(ASTConverter.java:208)
	at org.eclipse.jdt.core.dom.ASTConverter.convert(ASTConverter.java:3347)
	at org.eclipse.jdt.core.dom.ASTConverter.convert(ASTConverter.java:1524)
	at org.eclipse.jdt.core.dom.CompilationUnitResolver.convert(CompilationUnitResolver.java:323)
	at org.eclipse.jdt.core.dom.ASTParser.internalCreateAST(ASTParser.java:1231)
	at org.eclipse.jdt.core.dom.ASTParser.createAST(ASTParser.java:820)
	at org.eclipse.jdt.core.manipulation.CoreASTProvider$1.run(CoreASTProvider.java:272)
	at org.eclipse.core.runtime.SafeRunner.run(SafeRunner.java:45)
	at org.eclipse.jdt.core.manipulation.CoreASTProvider.createAST(CoreASTProvider.java:264)
	at org.eclipse.jdt.core.manipulation.CoreASTProvider.getAST(CoreASTProvider.java:197)
	at org.eclipse.jdt.core.manipulation.SharedASTProviderCore.getAST(SharedASTProviderCore.java:138)
	at org.eclipse.jdt.internal.ui.text.java.hover.NLSStringHover.internalGetHoverInfo(NLSStringHover.java:139)
	at org.eclipse.jdt.internal.ui.text.java.hover.NLSStringHover.getHoverInfo2(NLSStringHover.java:118)
	at org.eclipse.jdt.internal.ui.text.java.hover.BestMatchHover.getHoverInfo2(BestMatchHover.java:163)
	at org.eclipse.jdt.internal.ui.text.java.hover.BestMatchHover.getHoverInfo2(BestMatchHover.java:130)
	at org.eclipse.jdt.internal.ui.text.java.hover.JavaEditorTextHoverProxy.getHoverInfo2(JavaEditorTextHoverProxy.java:89)
	at org.eclipse.jface.text.TextViewerHoverManager$1.run(TextViewerHoverManager.java:155)

!ENTRY org.eclipse.jdt.core.manipulation 4 0 2026-07-15 16:49:35.029
!MESSAGE Error in JDT Core during AST creation
!STACK 0
java.lang.IllegalArgumentException
	at org.eclipse.jdt.core.dom.InfixExpression.setOperator(InfixExpression.java:383)
	at org.eclipse.jdt.core.dom.ASTConverter.convert(ASTConverter.java:2664)
	at org.eclipse.jdt.core.dom.ASTConverter.convert(ASTConverter.java:2025)
	at org.eclipse.jdt.core.dom.ASTConverter.convertToParenthesizedExpression(ASTConverter.java:3795)
	at org.eclipse.jdt.core.dom.ASTConverter.convert(ASTConverter.java:1943)
	at org.eclipse.jdt.core.dom.ASTConverter.convert(ASTConverter.java:1204)
	at org.eclipse.jdt.core.dom.ASTConverter.convert(ASTConverter.java:1974)
	at org.eclipse.jdt.core.dom.ASTConverter.convert(ASTConverter.java:2213)
	at org.eclipse.jdt.core.dom.ASTConverter.convert(ASTConverter.java:2994)
	at org.eclipse.jdt.core.dom.ASTConverter.convert(ASTConverter.java:751)
	at org.eclipse.jdt.core.dom.ASTConverter.buildBodyDeclarations(ASTConverter.java:208)
	at org.eclipse.jdt.core.dom.ASTConverter.convert(ASTConverter.java:3347)
	at org.eclipse.jdt.core.dom.ASTConverter.convert(ASTConverter.java:1524)
	at org.eclipse.jdt.core.dom.CompilationUnitResolver.convert(CompilationUnitResolver.java:323)
	at org.eclipse.jdt.core.dom.ASTParser.internalCreateAST(ASTParser.java:1231)
	at org.eclipse.jdt.core.dom.ASTParser.createAST(ASTParser.java:820)
	at org.eclipse.jdt.core.manipulation.CoreASTProvider$1.run(CoreASTProvider.java:272)
	at org.eclipse.core.runtime.SafeRunner.run(SafeRunner.java:45)
	at org.eclipse.jdt.core.manipulation.CoreASTProvider.createAST(CoreASTProvider.java:264)
	at org.eclipse.jdt.core.manipulation.CoreASTProvider.getAST(CoreASTProvider.java:197)
	at org.eclipse.jdt.core.manipulation.SharedASTProviderCore.getAST(SharedASTProviderCore.java:138)
	at org.eclipse.jdt.internal.ui.text.java.hover.NLSStringHover.internalGetHoverInfo(NLSStringHover.java:139)
	at org.eclipse.jdt.internal.ui.text.java.hover.NLSStringHover.getHoverInfo2(NLSStringHover.java:118)
	at org.eclipse.jdt.internal.ui.text.java.hover.BestMatchHover.getHoverInfo2(BestMatchHover.java:163)
	at org.eclipse.jdt.internal.ui.text.java.hover.BestMatchHover.getHoverInfo2(BestMatchHover.java:130)
	at org.eclipse.jdt.internal.ui.text.java.hover.JavaEditorTextHoverProxy.getHoverInfo2(JavaEditorTextHoverProxy.java:89)
	at org.eclipse.jface.text.TextViewerHoverManager$1.run(TextViewerHoverManager.java:155)
!SESSION 2026-07-15 17:54:29.309 -----------------------------------------------
eclipse.buildId=4.20.0.I20210611-1600
java.version=16.0.1
java.vendor=Oracle Corporation
BootLoader constants: OS=win32, ARCH=x86_64, WS=win32, NL=ko_KR
Framework arguments:  -product org.eclipse.epp.package.java.product
Command-line arguments:  -os win32 -ws win32 -arch x86_64 -product org.eclipse.epp.package.java.product

!ENTRY org.eclipse.jface 2 0 2026-07-15 17:54:33.647
!MESSAGE Keybinding conflicts occurred.  They may interfere with normal accelerator operation.
!SUBENTRY 1 org.eclipse.jface 2 0 2026-07-15 17:54:33.647
!MESSAGE A conflict occurred for CTRL+SHIFT+T:
Binding(CTRL+SHIFT+T,
	ParameterizedCommand(Command(org.eclipse.jdt.ui.navigate.open.type,Open Type,
		Open a type in a Java editor,
		Category(org.eclipse.ui.category.navigate,Navigate,null,true),
		org.eclipse.ui.internal.WorkbenchHandlerServiceHandler@74619273,
		,,true),null),
	org.eclipse.ui.defaultAcceleratorConfiguration,
	org.eclipse.ui.contexts.window,,,system)
Binding(CTRL+SHIFT+T,
	ParameterizedCommand(Command(org.eclipse.lsp4e.symbolinworkspace,Go to Symbol in Workspace,
		,
		Category(org.eclipse.lsp4e.category,Language Servers,null,true),
		org.eclipse.ui.internal.WorkbenchHandlerServiceHandler@38c55a8a,
		,,true),null),
	org.eclipse.ui.defaultAcceleratorConfiguration,
	org.eclipse.ui.contexts.window,,,system)

!ENTRY org.eclipse.egit.ui 2 0 2026-07-15 17:54:37.650
!MESSAGE Warning: The environment variable HOME is not set. The following directory will be used to store the Git
user global configuration and to define the default location to store repositories: 'C:\Users\USER'. If this is
not correct please set the HOME environment variable and restart Eclipse. Otherwise Git for Windows and
EGit might behave differently since they see different configuration options.
This warning can be switched off on the Team > Git > Confirmations and Warnings preference page.
!SESSION 2026-07-16 14:10:43.421 -----------------------------------------------
eclipse.buildId=4.20.0.I20210611-1600
java.version=16.0.1
java.vendor=Oracle Corporation
BootLoader constants: OS=win32, ARCH=x86_64, WS=win32, NL=ko_KR
Framework arguments:  -product org.eclipse.epp.package.java.product
Command-line arguments:  -os win32 -ws win32 -arch x86_64 -product org.eclipse.epp.package.java.product

!ENTRY org.eclipse.jface 2 0 2026-07-16 14:11:05.677
!MESSAGE Keybinding conflicts occurred.  They may interfere with normal accelerator operation.
!SUBENTRY 1 org.eclipse.jface 2 0 2026-07-16 14:11:05.677
!MESSAGE A conflict occurred for CTRL+SHIFT+T:
Binding(CTRL+SHIFT+T,
	ParameterizedCommand(Command(org.eclipse.jdt.ui.navigate.open.type,Open Type,
		Open a type in a Java editor,
		Category(org.eclipse.ui.category.navigate,Navigate,null,true),
		org.eclipse.ui.internal.WorkbenchHandlerServiceHandler@1d7f7962,
		,,true),null),
	org.eclipse.ui.defaultAcceleratorConfiguration,
	org.eclipse.ui.contexts.window,,,system)
Binding(CTRL+SHIFT+T,
	ParameterizedCommand(Command(org.eclipse.lsp4e.symbolinworkspace,Go to Symbol in Workspace,
		,
		Category(org.eclipse.lsp4e.category,Language Servers,null,true),
		org.eclipse.ui.internal.WorkbenchHandlerServiceHandler@32d1d6c5,
		,,true),null),
	org.eclipse.ui.defaultAcceleratorConfiguration,
	org.eclipse.ui.contexts.window,,,system)

!ENTRY org.eclipse.egit.ui 2 0 2026-07-16 14:11:09.234
!MESSAGE Warning: The environment variable HOME is not set. The following directory will be used to store the Git
user global configuration and to define the default location to store repositories: 'C:\Users\USER'. If this is
not correct please set the HOME environment variable and restart Eclipse. Otherwise Git for Windows and
EGit might behave differently since they see different configuration options.
This warning can be switched off on the Team > Git > Confirmations and Warnings preference page.

!ENTRY org.eclipse.jdt.core 4 4 2026-07-16 15:35:52.426
!MESSAGE Exception occurred during compilation unit conversion:
----------------------------------- SOURCE BEGIN -------------------------------------
package exam;

/*문]
	2차원 평면에서 직사각형을 나타내는 두점 x,y가 있다.
	직사각형을 구성하는 두점(x1, y1), (x2,y2)를 입력받아 
	(100,100), (200,200)의 두 점으로 이루어진 
	직사격형과 충돌하는지를 판별하는 프로그램을 작성하시오.
	
	아래의 메소드(함수)를 활용하시오
	public static boolean inRect(int x, int y, int rectx1, int recty1, 
	            int rectx2, int recty2) { 
	if((x >= rectx1 && <= recty1) && (y >= rectx2 && <= recty2))
	else
	            
	            }
*/

import java.util.*;
public class IfEX08 {

public static boolean inRect(int x, int y, int rectx1, int recty1, 
            int rectx2, int recty2)  
	
	public static void main(String[] args) {
        Scanner sc = new Scanner(System.in);
        
        // 기준이 되는 고정 직사각형의 두 점 (100,100)과 (200,200)
        int rectx1 = 100, recty1 = 100;
        int rectx2 = 200, recty2 = 200;
        
        // 사용자로부터 입력받을 새로운 직사각형의 두 점 좌표
        System.out.print("첫 번째 점 (x1 y1) 입력: ");
        int x1 = sc.nextInt();
        int y1 = sc.nextInt();
        ((x >= rectx1 && <= rect2)
        
        System.out.print("두 번째 점 (x2 y2) 입력: ");
        
        
        // [2] 두 점 중 하나라도 고정 사각형(100~200) 안에 들어오면 "충돌"로 판별
        if (inRect(x1, y1, rectx1, recty1, rectx2, recty2) || 
            inRect(x2, y2, rectx1, recty1, rectx2, recty2)) {
            System.out.println("직사각형과 충돌합니다.");
        } else {
            System.out.println("직사각형과 충돌하지 않습니다.");
        }
        }}
            



----------------------------------- SOURCE END -------------------------------------
!STACK 0
java.lang.IllegalArgumentException
	at org.eclipse.jdt.core.dom.InfixExpression.setOperator(InfixExpression.java:383)
	at org.eclipse.jdt.core.dom.ASTConverter.convert(ASTConverter.java:880)
	at org.eclipse.jdt.core.dom.ASTConverter.convert(ASTConverter.java:2022)
	at org.eclipse.jdt.core.dom.ASTConverter.convertToParenthesizedExpression(ASTConverter.java:3795)
	at org.eclipse.jdt.core.dom.ASTConverter.convert(ASTConverter.java:1943)
	at org.eclipse.jdt.core.dom.ASTConverter.convertToParenthesizedExpression(ASTConverter.java:3795)
	at org.eclipse.jdt.core.dom.ASTConverter.convert(ASTConverter.java:1943)
	at org.eclipse.jdt.core.dom.ASTConverter.convert(ASTConverter.java:1204)
	at org.eclipse.jdt.core.dom.ASTConverter.convert(ASTConverter.java:1974)
	at org.eclipse.jdt.core.dom.ASTConverter.convert(ASTConverter.java:3052)
	at org.eclipse.jdt.core.dom.ASTConverter.convert(ASTConverter.java:751)
	at org.eclipse.jdt.core.dom.ASTConverter.buildBodyDeclarations(ASTConverter.java:208)
	at org.eclipse.jdt.core.dom.ASTConverter.convert(ASTConverter.java:3347)
	at org.eclipse.jdt.core.dom.ASTConverter.convert(ASTConverter.java:1524)
	at org.eclipse.jdt.core.dom.AST.convertCompilationUnit(AST.java:494)
	at org.eclipse.jdt.internal.core.CompilationUnit.buildStructure(CompilationUnit.java:201)
	at org.eclipse.jdt.internal.core.Openable.generateInfos(Openable.java:266)
	at org.eclipse.jdt.internal.core.JavaElement.openWhenClosed(JavaElement.java:597)
	at org.eclipse.jdt.internal.core.CompilationUnit.makeConsistent(CompilationUnit.java:1142)
	at org.eclipse.jdt.internal.core.ReconcileWorkingCopyOperation.makeConsistent(ReconcileWorkingCopyOperation.java:173)
	at org.eclipse.jdt.internal.core.ReconcileWorkingCopyOperation.executeOperation(ReconcileWorkingCopyOperation.java:94)
	at org.eclipse.jdt.internal.core.JavaModelOperation.run(JavaModelOperation.java:740)
	at org.eclipse.jdt.internal.core.JavaModelOperation.runOperation(JavaModelOperation.java:806)
	at org.eclipse.jdt.internal.core.CompilationUnit.reconcile(CompilationUnit.java:1319)
	at org.eclipse.jdt.internal.ui.text.java.JavaReconcilingStrategy.reconcile(JavaReconcilingStrategy.java:131)
	at org.eclipse.jdt.internal.ui.text.java.JavaReconcilingStrategy.access$0(JavaReconcilingStrategy.java:113)
	at org.eclipse.jdt.internal.ui.text.java.JavaReconcilingStrategy$1.run(JavaReconcilingStrategy.java:93)
	at org.eclipse.core.runtime.SafeRunner.run(SafeRunner.java:45)
	at org.eclipse.jdt.internal.ui.text.java.JavaReconcilingStrategy.reconcile(JavaReconcilingStrategy.java:90)
	at org.eclipse.jdt.internal.ui.text.java.JavaReconcilingStrategy.reconcile(JavaReconcilingStrategy.java:157)
	at org.eclipse.jdt.internal.ui.text.CompositeReconcilingStrategy.reconcile(CompositeReconcilingStrategy.java:94)
	at org.eclipse.jdt.internal.ui.text.JavaCompositeReconcilingStrategy.reconcile(JavaCompositeReconcilingStrategy.java:107)
	at org.eclipse.jface.text.reconciler.MonoReconciler.process(MonoReconciler.java:76)
	at org.eclipse.jface.text.reconciler.AbstractReconciler$BackgroundThread.run(AbstractReconciler.java:210)

!ENTRY org.eclipse.jdt.ui 4 2 2026-07-16 15:35:52.428
!MESSAGE Problems occurred when invoking code from plug-in: "org.eclipse.jdt.ui".
!STACK 0
java.lang.IllegalArgumentException
	at org.eclipse.jdt.core.dom.InfixExpression.setOperator(InfixExpression.java:383)
	at org.eclipse.jdt.core.dom.ASTConverter.convert(ASTConverter.java:880)
	at org.eclipse.jdt.core.dom.ASTConverter.convert(ASTConverter.java:2022)
	at org.eclipse.jdt.core.dom.ASTConverter.convertToParenthesizedExpression(ASTConverter.java:3795)
	at org.eclipse.jdt.core.dom.ASTConverter.convert(ASTConverter.java:1943)
	at org.eclipse.jdt.core.dom.ASTConverter.convertToParenthesizedExpression(ASTConverter.java:3795)
	at org.eclipse.jdt.core.dom.ASTConverter.convert(ASTConverter.java:1943)
	at org.eclipse.jdt.core.dom.ASTConverter.convert(ASTConverter.java:1204)
	at org.eclipse.jdt.core.dom.ASTConverter.convert(ASTConverter.java:1974)
	at org.eclipse.jdt.core.dom.ASTConverter.convert(ASTConverter.java:3052)
	at org.eclipse.jdt.core.dom.ASTConverter.convert(ASTConverter.java:751)
	at org.eclipse.jdt.core.dom.ASTConverter.buildBodyDeclarations(ASTConverter.java:208)
	at org.eclipse.jdt.core.dom.ASTConverter.convert(ASTConverter.java:3347)
	at org.eclipse.jdt.core.dom.ASTConverter.convert(ASTConverter.java:1524)
	at org.eclipse.jdt.core.dom.AST.convertCompilationUnit(AST.java:494)
	at org.eclipse.jdt.internal.core.CompilationUnit.buildStructure(CompilationUnit.java:201)
	at org.eclipse.jdt.internal.core.Openable.generateInfos(Openable.java:266)
	at org.eclipse.jdt.internal.core.JavaElement.openWhenClosed(JavaElement.java:597)
	at org.eclipse.jdt.internal.core.CompilationUnit.makeConsistent(CompilationUnit.java:1142)
	at org.eclipse.jdt.internal.core.ReconcileWorkingCopyOperation.makeConsistent(ReconcileWorkingCopyOperation.java:173)
	at org.eclipse.jdt.internal.core.ReconcileWorkingCopyOperation.executeOperation(ReconcileWorkingCopyOperation.java:94)
	at org.eclipse.jdt.internal.core.JavaModelOperation.run(JavaModelOperation.java:740)
	at org.eclipse.jdt.internal.core.JavaModelOperation.runOperation(JavaModelOperation.java:806)
	at org.eclipse.jdt.internal.core.CompilationUnit.reconcile(CompilationUnit.java:1319)
	at org.eclipse.jdt.internal.ui.text.java.JavaReconcilingStrategy.reconcile(JavaReconcilingStrategy.java:131)
	at org.eclipse.jdt.internal.ui.text.java.JavaReconcilingStrategy.access$0(JavaReconcilingStrategy.java:113)
	at org.eclipse.jdt.internal.ui.text.java.JavaReconcilingStrategy$1.run(JavaReconcilingStrategy.java:93)
	at org.eclipse.core.runtime.SafeRunner.run(SafeRunner.java:45)
	at org.eclipse.jdt.internal.ui.text.java.JavaReconcilingStrategy.reconcile(JavaReconcilingStrategy.java:90)
	at org.eclipse.jdt.internal.ui.text.java.JavaReconcilingStrategy.reconcile(JavaReconcilingStrategy.java:157)
	at org.eclipse.jdt.internal.ui.text.CompositeReconcilingStrategy.reconcile(CompositeReconcilingStrategy.java:94)
	at org.eclipse.jdt.internal.ui.text.JavaCompositeReconcilingStrategy.reconcile(JavaCompositeReconcilingStrategy.java:107)
	at org.eclipse.jface.text.reconciler.MonoReconciler.process(MonoReconciler.java:76)
	at org.eclipse.jface.text.reconciler.AbstractReconciler$BackgroundThread.run(AbstractReconciler.java:210)

!ENTRY org.eclipse.jdt.ui 4 0 2026-07-16 15:35:52.429
!MESSAGE Error in JDT Core during reconcile
!STACK 0
java.lang.IllegalArgumentException
	at org.eclipse.jdt.core.dom.InfixExpression.setOperator(InfixExpression.java:383)
	at org.eclipse.jdt.core.dom.ASTConverter.convert(ASTConverter.java:880)
	at org.eclipse.jdt.core.dom.ASTConverter.convert(ASTConverter.java:2022)
	at org.eclipse.jdt.core.dom.ASTConverter.convertToParenthesizedExpression(ASTConverter.java:3795)
	at org.eclipse.jdt.core.dom.ASTConverter.convert(ASTConverter.java:1943)
	at org.eclipse.jdt.core.dom.ASTConverter.convertToParenthesizedExpression(ASTConverter.java:3795)
	at org.eclipse.jdt.core.dom.ASTConverter.convert(ASTConverter.java:1943)
	at org.eclipse.jdt.core.dom.ASTConverter.convert(ASTConverter.java:1204)
	at org.eclipse.jdt.core.dom.ASTConverter.convert(ASTConverter.java:1974)
	at org.eclipse.jdt.core.dom.ASTConverter.convert(ASTConverter.java:3052)
	at org.eclipse.jdt.core.dom.ASTConverter.convert(ASTConverter.java:751)
	at org.eclipse.jdt.core.dom.ASTConverter.buildBodyDeclarations(ASTConverter.java:208)
	at org.eclipse.jdt.core.dom.ASTConverter.convert(ASTConverter.java:3347)
	at org.eclipse.jdt.core.dom.ASTConverter.convert(ASTConverter.java:1524)
	at org.eclipse.jdt.core.dom.AST.convertCompilationUnit(AST.java:494)
	at org.eclipse.jdt.internal.core.CompilationUnit.buildStructure(CompilationUnit.java:201)
	at org.eclipse.jdt.internal.core.Openable.generateInfos(Openable.java:266)
	at org.eclipse.jdt.internal.core.JavaElement.openWhenClosed(JavaElement.java:597)
	at org.eclipse.jdt.internal.core.CompilationUnit.makeConsistent(CompilationUnit.java:1142)
	at org.eclipse.jdt.internal.core.ReconcileWorkingCopyOperation.makeConsistent(ReconcileWorkingCopyOperation.java:173)
	at org.eclipse.jdt.internal.core.ReconcileWorkingCopyOperation.executeOperation(ReconcileWorkingCopyOperation.java:94)
	at org.eclipse.jdt.internal.core.JavaModelOperation.run(JavaModelOperation.java:740)
	at org.eclipse.jdt.internal.core.JavaModelOperation.runOperation(JavaModelOperation.java:806)
	at org.eclipse.jdt.internal.core.CompilationUnit.reconcile(CompilationUnit.java:1319)
	at org.eclipse.jdt.internal.ui.text.java.JavaReconcilingStrategy.reconcile(JavaReconcilingStrategy.java:131)
	at org.eclipse.jdt.internal.ui.text.java.JavaReconcilingStrategy.access$0(JavaReconcilingStrategy.java:113)
	at org.eclipse.jdt.internal.ui.text.java.JavaReconcilingStrategy$1.run(JavaReconcilingStrategy.java:93)
	at org.eclipse.core.runtime.SafeRunner.run(SafeRunner.java:45)
	at org.eclipse.jdt.internal.ui.text.java.JavaReconcilingStrategy.reconcile(JavaReconcilingStrategy.java:90)
	at org.eclipse.jdt.internal.ui.text.java.JavaReconcilingStrategy.reconcile(JavaReconcilingStrategy.java:157)
	at org.eclipse.jdt.internal.ui.text.CompositeReconcilingStrategy.reconcile(CompositeReconcilingStrategy.java:94)
	at org.eclipse.jdt.internal.ui.text.JavaCompositeReconcilingStrategy.reconcile(JavaCompositeReconcilingStrategy.java:107)
	at org.eclipse.jface.text.reconciler.MonoReconciler.process(MonoReconciler.java:76)
	at org.eclipse.jface.text.reconciler.AbstractReconciler$BackgroundThread.run(AbstractReconciler.java:210)

!ENTRY org.eclipse.jdt.core 4 4 2026-07-16 15:35:52.433
!MESSAGE Exception occurred during compilation unit conversion:
----------------------------------- SOURCE BEGIN -------------------------------------
package exam;

/*문]
	2차원 평면에서 직사각형을 나타내는 두점 x,y가 있다.
	직사각형을 구성하는 두점(x1, y1), (x2,y2)를 입력받아 
	(100,100), (200,200)의 두 점으로 이루어진 
	직사격형과 충돌하는지를 판별하는 프로그램을 작성하시오.
	
	아래의 메소드(함수)를 활용하시오
	public static boolean inRect(int x, int y, int rectx1, int recty1, 
	            int rectx2, int recty2) { 
	if((x >= rectx1 && <= recty1) && (y >= rectx2 && <= recty2))
	else
	            
	            }
*/

import java.util.*;
public class IfEX08 {

public static boolean inRect(int x, int y, int rectx1, int recty1, 
            int rectx2, int recty2)  
	
	public static void main(String[] args) {
        Scanner sc = new Scanner(System.in);
        
        // 기준이 되는 고정 직사각형의 두 점 (100,100)과 (200,200)
        int rectx1 = 100, recty1 = 100;
        int rectx2 = 200, recty2 = 200;
        
        // 사용자로부터 입력받을 새로운 직사각형의 두 점 좌표
        System.out.print("첫 번째 점 (x1 y1) 입력: ");
        int x1 = sc.nextInt();
        int y1 = sc.nextInt();
        ((x >= rectx1 && <= rect2)
        
        System.out.print("두 번째 점 (x2 y2) 입력: ");
        
        
        // [2] 두 점 중 하나라도 고정 사각형(100~200) 안에 들어오면 "충돌"로 판별
        if (inRect(x1, y1, rectx1, recty1, rectx2, recty2) || 
            inRect(x2, y2, rectx1, recty1, rectx2, recty2)) {
            System.out.println("직사각형과 충돌합니다.");
        } else {
            System.out.println("직사각형과 충돌하지 않습니다.");
        }
        }}
            



----------------------------------- SOURCE END -------------------------------------
!STACK 0
java.lang.IllegalArgumentException
	at org.eclipse.jdt.core.dom.InfixExpression.setOperator(InfixExpression.java:383)
	at org.eclipse.jdt.core.dom.ASTConverter.convert(ASTConverter.java:880)
	at org.eclipse.jdt.core.dom.ASTConverter.convert(ASTConverter.java:2022)
	at org.eclipse.jdt.core.dom.ASTConverter.convertToParenthesizedExpression(ASTConverter.java:3795)
	at org.eclipse.jdt.core.dom.ASTConverter.convert(ASTConverter.java:1943)
	at org.eclipse.jdt.core.dom.ASTConverter.convertToParenthesizedExpression(ASTConverter.java:3795)
	at org.eclipse.jdt.core.dom.ASTConverter.convert(ASTConverter.java:1943)
	at org.eclipse.jdt.core.dom.ASTConverter.convert(ASTConverter.java:1204)
	at org.eclipse.jdt.core.dom.ASTConverter.convert(ASTConverter.java:1974)
	at org.eclipse.jdt.core.dom.ASTConverter.convert(ASTConverter.java:3052)
	at org.eclipse.jdt.core.dom.ASTConverter.convert(ASTConverter.java:751)
	at org.eclipse.jdt.core.dom.ASTConverter.buildBodyDeclarations(ASTConverter.java:208)
	at org.eclipse.jdt.core.dom.ASTConverter.convert(ASTConverter.java:3347)
	at org.eclipse.jdt.core.dom.ASTConverter.convert(ASTConverter.java:1524)
	at org.eclipse.jdt.core.dom.CompilationUnitResolver.convert(CompilationUnitResolver.java:323)
	at org.eclipse.jdt.core.dom.ASTParser.internalCreateAST(ASTParser.java:1231)
	at org.eclipse.jdt.core.dom.ASTParser.createAST(ASTParser.java:820)
	at org.eclipse.jdt.core.manipulation.CoreASTProvider$1.run(CoreASTProvider.java:272)
	at org.eclipse.core.runtime.SafeRunner.run(SafeRunner.java:45)
	at org.eclipse.jdt.core.manipulation.CoreASTProvider.createAST(CoreASTProvider.java:264)
	at org.eclipse.jdt.core.manipulation.CoreASTProvider.getAST(CoreASTProvider.java:197)
	at org.eclipse.jdt.core.manipulation.SharedASTProviderCore.getAST(SharedASTProviderCore.java:138)
	at org.eclipse.jdt.internal.ui.viewsupport.SelectionListenerWithASTManager$PartListenerGroup.calculateASTandInform(SelectionListenerWithASTManager.java:166)
	at org.eclipse.jdt.internal.ui.viewsupport.SelectionListenerWithASTManager$PartListenerGroup$1.run(SelectionListenerWithASTManager.java:151)
	at org.eclipse.core.internal.jobs.Worker.run(Worker.java:63)

!ENTRY org.eclipse.jdt.core.manipulation 4 2 2026-07-16 15:35:52.434
!MESSAGE Problems occurred when invoking code from plug-in: "org.eclipse.jdt.core.manipulation".
!STACK 0
java.lang.IllegalArgumentException
	at org.eclipse.jdt.core.dom.InfixExpression.setOperator(InfixExpression.java:383)
	at org.eclipse.jdt.core.dom.ASTConverter.convert(ASTConverter.java:880)
	at org.eclipse.jdt.core.dom.ASTConverter.convert(ASTConverter.java:2022)
	at org.eclipse.jdt.core.dom.ASTConverter.convertToParenthesizedExpression(ASTConverter.java:3795)
	at org.eclipse.jdt.core.dom.ASTConverter.convert(ASTConverter.java:1943)
	at org.eclipse.jdt.core.dom.ASTConverter.convertToParenthesizedExpression(ASTConverter.java:3795)
	at org.eclipse.jdt.core.dom.ASTConverter.convert(ASTConverter.java:1943)
	at org.eclipse.jdt.core.dom.ASTConverter.convert(ASTConverter.java:1204)
	at org.eclipse.jdt.core.dom.ASTConverter.convert(ASTConverter.java:1974)
	at org.eclipse.jdt.core.dom.ASTConverter.convert(ASTConverter.java:3052)
	at org.eclipse.jdt.core.dom.ASTConverter.convert(ASTConverter.java:751)
	at org.eclipse.jdt.core.dom.ASTConverter.buildBodyDeclarations(ASTConverter.java:208)
	at org.eclipse.jdt.core.dom.ASTConverter.convert(ASTConverter.java:3347)
	at org.eclipse.jdt.core.dom.ASTConverter.convert(ASTConverter.java:1524)
	at org.eclipse.jdt.core.dom.CompilationUnitResolver.convert(CompilationUnitResolver.java:323)
	at org.eclipse.jdt.core.dom.ASTParser.internalCreateAST(ASTParser.java:1231)
	at org.eclipse.jdt.core.dom.ASTParser.createAST(ASTParser.java:820)
	at org.eclipse.jdt.core.manipulation.CoreASTProvider$1.run(CoreASTProvider.java:272)
	at org.eclipse.core.runtime.SafeRunner.run(SafeRunner.java:45)
	at org.eclipse.jdt.core.manipulation.CoreASTProvider.createAST(CoreASTProvider.java:264)
	at org.eclipse.jdt.core.manipulation.CoreASTProvider.getAST(CoreASTProvider.java:197)
	at org.eclipse.jdt.core.manipulation.SharedASTProviderCore.getAST(SharedASTProviderCore.java:138)
	at org.eclipse.jdt.internal.ui.viewsupport.SelectionListenerWithASTManager$PartListenerGroup.calculateASTandInform(SelectionListenerWithASTManager.java:166)
	at org.eclipse.jdt.internal.ui.viewsupport.SelectionListenerWithASTManager$PartListenerGroup$1.run(SelectionListenerWithASTManager.java:151)
	at org.eclipse.core.internal.jobs.Worker.run(Worker.java:63)

!ENTRY org.eclipse.jdt.core.manipulation 4 0 2026-07-16 15:35:52.435
!MESSAGE Error in JDT Core during AST creation
!STACK 0
java.lang.IllegalArgumentException
	at org.eclipse.jdt.core.dom.InfixExpression.setOperator(InfixExpression.java:383)
	at org.eclipse.jdt.core.dom.ASTConverter.convert(ASTConverter.java:880)
	at org.eclipse.jdt.core.dom.ASTConverter.convert(ASTConverter.java:2022)
	at org.eclipse.jdt.core.dom.ASTConverter.convertToParenthesizedExpression(ASTConverter.java:3795)
	at org.eclipse.jdt.core.dom.ASTConverter.convert(ASTConverter.java:1943)
	at org.eclipse.jdt.core.dom.ASTConverter.convertToParenthesizedExpression(ASTConverter.java:3795)
	at org.eclipse.jdt.core.dom.ASTConverter.convert(ASTConverter.java:1943)
	at org.eclipse.jdt.core.dom.ASTConverter.convert(ASTConverter.java:1204)
	at org.eclipse.jdt.core.dom.ASTConverter.convert(ASTConverter.java:1974)
	at org.eclipse.jdt.core.dom.ASTConverter.convert(ASTConverter.java:3052)
	at org.eclipse.jdt.core.dom.ASTConverter.convert(ASTConverter.java:751)
	at org.eclipse.jdt.core.dom.ASTConverter.buildBodyDeclarations(ASTConverter.java:208)
	at org.eclipse.jdt.core.dom.ASTConverter.convert(ASTConverter.java:3347)
	at org.eclipse.jdt.core.dom.ASTConverter.convert(ASTConverter.java:1524)
	at org.eclipse.jdt.core.dom.CompilationUnitResolver.convert(CompilationUnitResolver.java:323)
	at org.eclipse.jdt.core.dom.ASTParser.internalCreateAST(ASTParser.java:1231)
	at org.eclipse.jdt.core.dom.ASTParser.createAST(ASTParser.java:820)
	at org.eclipse.jdt.core.manipulation.CoreASTProvider$1.run(CoreASTProvider.java:272)
	at org.eclipse.core.runtime.SafeRunner.run(SafeRunner.java:45)
	at org.eclipse.jdt.core.manipulation.CoreASTProvider.createAST(CoreASTProvider.java:264)
	at org.eclipse.jdt.core.manipulation.CoreASTProvider.getAST(CoreASTProvider.java:197)
	at org.eclipse.jdt.core.manipulation.SharedASTProviderCore.getAST(SharedASTProviderCore.java:138)
	at org.eclipse.jdt.internal.ui.viewsupport.SelectionListenerWithASTManager$PartListenerGroup.calculateASTandInform(SelectionListenerWithASTManager.java:166)
	at org.eclipse.jdt.internal.ui.viewsupport.SelectionListenerWithASTManager$PartListenerGroup$1.run(SelectionListenerWithASTManager.java:151)
	at org.eclipse.core.internal.jobs.Worker.run(Worker.java:63)

!ENTRY org.eclipse.jdt.core 4 4 2026-07-16 15:35:52.465
!MESSAGE Exception occurred during compilation unit conversion:
----------------------------------- SOURCE BEGIN -------------------------------------
package exam;

/*문]
	2차원 평면에서 직사각형을 나타내는 두점 x,y가 있다.
	직사각형을 구성하는 두점(x1, y1), (x2,y2)를 입력받아 
	(100,100), (200,200)의 두 점으로 이루어진 
	직사격형과 충돌하는지를 판별하는 프로그램을 작성하시오.
	
	아래의 메소드(함수)를 활용하시오
	public static boolean inRect(int x, int y, int rectx1, int recty1, 
	            int rectx2, int recty2) { 
	if((x >= rectx1 && <= recty1) && (y >= rectx2 && <= recty2))
	else
	            
	            }
*/

import java.util.*;
public class IfEX08 {

public static boolean inRect(int x, int y, int rectx1, int recty1, 
            int rectx2, int recty2)  
	
	public static void main(String[] args) {
        Scanner sc = new Scanner(System.in);
        
        // 기준이 되는 고정 직사각형의 두 점 (100,100)과 (200,200)
        int rectx1 = 100, recty1 = 100;
        int rectx2 = 200, recty2 = 200;
        
        // 사용자로부터 입력받을 새로운 직사각형의 두 점 좌표
        System.out.print("첫 번째 점 (x1 y1) 입력: ");
        int x1 = sc.nextInt();
        int y1 = sc.nextInt();
        ((x >= rectx1 && <= rect2)
        
        System.out.print("두 번째 점 (x2 y2) 입력: ");
        
        
        // [2] 두 점 중 하나라도 고정 사각형(100~200) 안에 들어오면 "충돌"로 판별
        if (inRect(x1, y1, rectx1, recty1, rectx2, recty2) || 
            inRect(x2, y2, rectx1, recty1, rectx2, recty2)) {
            System.out.println("직사각형과 충돌합니다.");
        } else {
            System.out.println("직사각형과 충돌하지 않습니다.");
        }
        }}
            



----------------------------------- SOURCE END -------------------------------------
!STACK 0
java.lang.IllegalArgumentException
	at org.eclipse.jdt.core.dom.InfixExpression.setOperator(InfixExpression.java:383)
	at org.eclipse.jdt.core.dom.ASTConverter.convert(ASTConverter.java:880)
	at org.eclipse.jdt.core.dom.ASTConverter.convert(ASTConverter.java:2022)
	at org.eclipse.jdt.core.dom.ASTConverter.convertToParenthesizedExpression(ASTConverter.java:3795)
	at org.eclipse.jdt.core.dom.ASTConverter.convert(ASTConverter.java:1943)
	at org.eclipse.jdt.core.dom.ASTConverter.convertToParenthesizedExpression(ASTConverter.java:3795)
	at org.eclipse.jdt.core.dom.ASTConverter.convert(ASTConverter.java:1943)
	at org.eclipse.jdt.core.dom.ASTConverter.convert(ASTConverter.java:1204)
	at org.eclipse.jdt.core.dom.ASTConverter.convert(ASTConverter.java:1974)
	at org.eclipse.jdt.core.dom.ASTConverter.convert(ASTConverter.java:3052)
	at org.eclipse.jdt.core.dom.ASTConverter.convert(ASTConverter.java:751)
	at org.eclipse.jdt.core.dom.ASTConverter.buildBodyDeclarations(ASTConverter.java:208)
	at org.eclipse.jdt.core.dom.ASTConverter.convert(ASTConverter.java:3347)
	at org.eclipse.jdt.core.dom.ASTConverter.convert(ASTConverter.java:1524)
	at org.eclipse.jdt.core.dom.CompilationUnitResolver.convert(CompilationUnitResolver.java:323)
	at org.eclipse.jdt.core.dom.ASTParser.internalCreateAST(ASTParser.java:1231)
	at org.eclipse.jdt.core.dom.ASTParser.createAST(ASTParser.java:820)
	at org.eclipse.jdt.core.manipulation.CoreASTProvider$1.run(CoreASTProvider.java:272)
	at org.eclipse.core.runtime.SafeRunner.run(SafeRunner.java:45)
	at org.eclipse.jdt.core.manipulation.CoreASTProvider.createAST(CoreASTProvider.java:264)
	at org.eclipse.jdt.core.manipulation.CoreASTProvider.getAST(CoreASTProvider.java:197)
	at org.eclipse.jdt.core.manipulation.SharedASTProviderCore.getAST(SharedASTProviderCore.java:138)
	at org.eclipse.jdt.internal.ui.javaeditor.JavaElementHyperlinkDetector.findEnumConstructorTarget(JavaElementHyperlinkDetector.java:299)
	at org.eclipse.jdt.internal.ui.javaeditor.JavaElementHyperlinkDetector.detectHyperlinks(JavaElementHyperlinkDetector.java:115)
	at org.eclipse.ui.texteditor.HyperlinkDetectorRegistry$HyperlinkDetectorDelegate.detectHyperlinks(HyperlinkDetectorRegistry.java:81)
	at org.eclipse.jface.text.hyperlink.HyperlinkManager.findHyperlinks(HyperlinkManager.java:289)
	at org.eclipse.jface.text.hyperlink.HyperlinkManager.findHyperlinks(HyperlinkManager.java:262)
	at org.eclipse.jface.text.hyperlink.HyperlinkManager.mouseMove(HyperlinkManager.java:457)
	at org.eclipse.swt.widgets.TypedListener.handleEvent(TypedListener.java:216)
	at org.eclipse.swt.widgets.EventTable.sendEvent(EventTable.java:89)
	at org.eclipse.swt.widgets.Display.sendEvent(Display.java:4209)
	at org.eclipse.swt.widgets.Widget.sendEvent(Widget.java:1043)
	at org.eclipse.swt.widgets.Display.runDeferredEvents(Display.java:4026)
	at org.eclipse.swt.widgets.Display.readAndDispatch(Display.java:3626)
	at org.eclipse.e4.ui.internal.workbench.swt.PartRenderingEngine$5.run(PartRenderingEngine.java:1157)
	at org.eclipse.core.databinding.observable.Realm.runWithDefault(Realm.java:338)
	at org.eclipse.e4.ui.internal.workbench.swt.PartRenderingEngine.run(PartRenderingEngine.java:1046)
	at org.eclipse.e4.ui.internal.workbench.E4Workbench.createAndRunUI(E4Workbench.java:155)
	at org.eclipse.ui.internal.Workbench.lambda$3(Workbench.java:644)
	at org.eclipse.core.databinding.observable.Realm.runWithDefault(Realm.java:338)
	at org.eclipse.ui.internal.Workbench.createAndRunWorkbench(Workbench.java:551)
	at org.eclipse.ui.PlatformUI.createAndRunWorkbench(PlatformUI.java:156)
	at org.eclipse.ui.internal.ide.application.IDEApplication.start(IDEApplication.java:152)
	at org.eclipse.equinox.internal.app.EclipseAppHandle.run(EclipseAppHandle.java:203)
	at org.eclipse.core.runtime.internal.adaptor.EclipseAppLauncher.runApplication(EclipseAppLauncher.java:134)
	at org.eclipse.core.runtime.internal.adaptor.EclipseAppLauncher.start(EclipseAppLauncher.java:104)
	at org.eclipse.core.runtime.adaptor.EclipseStarter.run(EclipseStarter.java:401)
	at org.eclipse.core.runtime.adaptor.EclipseStarter.run(EclipseStarter.java:255)
	at java.base/jdk.internal.reflect.NativeMethodAccessorImpl.invoke0(Native Method)
	at java.base/jdk.internal.reflect.NativeMethodAccessorImpl.invoke(NativeMethodAccessorImpl.java:78)
	at java.base/jdk.internal.reflect.DelegatingMethodAccessorImpl.invoke(DelegatingMethodAccessorImpl.java:43)
	at java.base/java.lang.reflect.Method.invoke(Method.java:567)
	at org.eclipse.equinox.launcher.Main.invokeFramework(Main.java:654)
	at org.eclipse.equinox.launcher.Main.basicRun(Main.java:591)
	at org.eclipse.equinox.launcher.Main.run(Main.java:1462)

!ENTRY org.eclipse.jdt.core.manipulation 4 2 2026-07-16 15:35:52.466
!MESSAGE Problems occurred when invoking code from plug-in: "org.eclipse.jdt.core.manipulation".
!STACK 0
java.lang.IllegalArgumentException
	at org.eclipse.jdt.core.dom.InfixExpression.setOperator(InfixExpression.java:383)
	at org.eclipse.jdt.core.dom.ASTConverter.convert(ASTConverter.java:880)
	at org.eclipse.jdt.core.dom.ASTConverter.convert(ASTConverter.java:2022)
	at org.eclipse.jdt.core.dom.ASTConverter.convertToParenthesizedExpression(ASTConverter.java:3795)
	at org.eclipse.jdt.core.dom.ASTConverter.convert(ASTConverter.java:1943)
	at org.eclipse.jdt.core.dom.ASTConverter.convertToParenthesizedExpression(ASTConverter.java:3795)
	at org.eclipse.jdt.core.dom.ASTConverter.convert(ASTConverter.java:1943)
	at org.eclipse.jdt.core.dom.ASTConverter.convert(ASTConverter.java:1204)
	at org.eclipse.jdt.core.dom.ASTConverter.convert(ASTConverter.java:1974)
	at org.eclipse.jdt.core.dom.ASTConverter.convert(ASTConverter.java:3052)
	at org.eclipse.jdt.core.dom.ASTConverter.convert(ASTConverter.java:751)
	at org.eclipse.jdt.core.dom.ASTConverter.buildBodyDeclarations(ASTConverter.java:208)
	at org.eclipse.jdt.core.dom.ASTConverter.convert(ASTConverter.java:3347)
	at org.eclipse.jdt.core.dom.ASTConverter.convert(ASTConverter.java:1524)
	at org.eclipse.jdt.core.dom.CompilationUnitResolver.convert(CompilationUnitResolver.java:323)
	at org.eclipse.jdt.core.dom.ASTParser.internalCreateAST(ASTParser.java:1231)
	at org.eclipse.jdt.core.dom.ASTParser.createAST(ASTParser.java:820)
	at org.eclipse.jdt.core.manipulation.CoreASTProvider$1.run(CoreASTProvider.java:272)
	at org.eclipse.core.runtime.SafeRunner.run(SafeRunner.java:45)
	at org.eclipse.jdt.core.manipulation.CoreASTProvider.createAST(CoreASTProvider.java:264)
	at org.eclipse.jdt.core.manipulation.CoreASTProvider.getAST(CoreASTProvider.java:197)
	at org.eclipse.jdt.core.manipulation.SharedASTProviderCore.getAST(SharedASTProviderCore.java:138)
	at org.eclipse.jdt.internal.ui.javaeditor.JavaElementHyperlinkDetector.findEnumConstructorTarget(JavaElementHyperlinkDetector.java:299)
	at org.eclipse.jdt.internal.ui.javaeditor.JavaElementHyperlinkDetector.detectHyperlinks(JavaElementHyperlinkDetector.java:115)
	at org.eclipse.ui.texteditor.HyperlinkDetectorRegistry$HyperlinkDetectorDelegate.detectHyperlinks(HyperlinkDetectorRegistry.java:81)
	at org.eclipse.jface.text.hyperlink.HyperlinkManager.findHyperlinks(HyperlinkManager.java:289)
	at org.eclipse.jface.text.hyperlink.HyperlinkManager.findHyperlinks(HyperlinkManager.java:262)
	at org.eclipse.jface.text.hyperlink.HyperlinkManager.mouseMove(HyperlinkManager.java:457)
	at org.eclipse.swt.widgets.TypedListener.handleEvent(TypedListener.java:216)
	at org.eclipse.swt.widgets.EventTable.sendEvent(EventTable.java:89)
	at org.eclipse.swt.widgets.Display.sendEvent(Display.java:4209)
	at org.eclipse.swt.widgets.Widget.sendEvent(Widget.java:1043)
	at org.eclipse.swt.widgets.Display.runDeferredEvents(Display.java:4026)
	at org.eclipse.swt.widgets.Display.readAndDispatch(Display.java:3626)
	at org.eclipse.e4.ui.internal.workbench.swt.PartRenderingEngine$5.run(PartRenderingEngine.java:1157)
	at org.eclipse.core.databinding.observable.Realm.runWithDefault(Realm.java:338)
	at org.eclipse.e4.ui.internal.workbench.swt.PartRenderingEngine.run(PartRenderingEngine.java:1046)
	at org.eclipse.e4.ui.internal.workbench.E4Workbench.createAndRunUI(E4Workbench.java:155)
	at org.eclipse.ui.internal.Workbench.lambda$3(Workbench.java:644)
	at org.eclipse.core.databinding.observable.Realm.runWithDefault(Realm.java:338)
	at org.eclipse.ui.internal.Workbench.createAndRunWorkbench(Workbench.java:551)
	at org.eclipse.ui.PlatformUI.createAndRunWorkbench(PlatformUI.java:156)
	at org.eclipse.ui.internal.ide.application.IDEApplication.start(IDEApplication.java:152)
	at org.eclipse.equinox.internal.app.EclipseAppHandle.run(EclipseAppHandle.java:203)
	at org.eclipse.core.runtime.internal.adaptor.EclipseAppLauncher.runApplication(EclipseAppLauncher.java:134)
	at org.eclipse.core.runtime.internal.adaptor.EclipseAppLauncher.start(EclipseAppLauncher.java:104)
	at org.eclipse.core.runtime.adaptor.EclipseStarter.run(EclipseStarter.java:401)
	at org.eclipse.core.runtime.adaptor.EclipseStarter.run(EclipseStarter.java:255)
	at java.base/jdk.internal.reflect.NativeMethodAccessorImpl.invoke0(Native Method)
	at java.base/jdk.internal.reflect.NativeMethodAccessorImpl.invoke(NativeMethodAccessorImpl.java:78)
	at java.base/jdk.internal.reflect.DelegatingMethodAccessorImpl.invoke(DelegatingMethodAccessorImpl.java:43)
	at java.base/java.lang.reflect.Method.invoke(Method.java:567)
	at org.eclipse.equinox.launcher.Main.invokeFramework(Main.java:654)
	at org.eclipse.equinox.launcher.Main.basicRun(Main.java:591)
	at org.eclipse.equinox.launcher.Main.run(Main.java:1462)

!ENTRY org.eclipse.jdt.core.manipulation 4 0 2026-07-16 15:35:52.466
!MESSAGE Error in JDT Core during AST creation
!STACK 0
java.lang.IllegalArgumentException
	at org.eclipse.jdt.core.dom.InfixExpression.setOperator(InfixExpression.java:383)
	at org.eclipse.jdt.core.dom.ASTConverter.convert(ASTConverter.java:880)
	at org.eclipse.jdt.core.dom.ASTConverter.convert(ASTConverter.java:2022)
	at org.eclipse.jdt.core.dom.ASTConverter.convertToParenthesizedExpression(ASTConverter.java:3795)
	at org.eclipse.jdt.core.dom.ASTConverter.convert(ASTConverter.java:1943)
	at org.eclipse.jdt.core.dom.ASTConverter.convertToParenthesizedExpression(ASTConverter.java:3795)
	at org.eclipse.jdt.core.dom.ASTConverter.convert(ASTConverter.java:1943)
	at org.eclipse.jdt.core.dom.ASTConverter.convert(ASTConverter.java:1204)
	at org.eclipse.jdt.core.dom.ASTConverter.convert(ASTConverter.java:1974)
	at org.eclipse.jdt.core.dom.ASTConverter.convert(ASTConverter.java:3052)
	at org.eclipse.jdt.core.dom.ASTConverter.convert(ASTConverter.java:751)
	at org.eclipse.jdt.core.dom.ASTConverter.buildBodyDeclarations(ASTConverter.java:208)
	at org.eclipse.jdt.core.dom.ASTConverter.convert(ASTConverter.java:3347)
	at org.eclipse.jdt.core.dom.ASTConverter.convert(ASTConverter.java:1524)
	at org.eclipse.jdt.core.dom.CompilationUnitResolver.convert(CompilationUnitResolver.java:323)
	at org.eclipse.jdt.core.dom.ASTParser.internalCreateAST(ASTParser.java:1231)
	at org.eclipse.jdt.core.dom.ASTParser.createAST(ASTParser.java:820)
	at org.eclipse.jdt.core.manipulation.CoreASTProvider$1.run(CoreASTProvider.java:272)
	at org.eclipse.core.runtime.SafeRunner.run(SafeRunner.java:45)
	at org.eclipse.jdt.core.manipulation.CoreASTProvider.createAST(CoreASTProvider.java:264)
	at org.eclipse.jdt.core.manipulation.CoreASTProvider.getAST(CoreASTProvider.java:197)
	at org.eclipse.jdt.core.manipulation.SharedASTProviderCore.getAST(SharedASTProviderCore.java:138)
	at org.eclipse.jdt.internal.ui.javaeditor.JavaElementHyperlinkDetector.findEnumConstructorTarget(JavaElementHyperlinkDetector.java:299)
	at org.eclipse.jdt.internal.ui.javaeditor.JavaElementHyperlinkDetector.detectHyperlinks(JavaElementHyperlinkDetector.java:115)
	at org.eclipse.ui.texteditor.HyperlinkDetectorRegistry$HyperlinkDetectorDelegate.detectHyperlinks(HyperlinkDetectorRegistry.java:81)
	at org.eclipse.jface.text.hyperlink.HyperlinkManager.findHyperlinks(HyperlinkManager.java:289)
	at org.eclipse.jface.text.hyperlink.HyperlinkManager.findHyperlinks(HyperlinkManager.java:262)
	at org.eclipse.jface.text.hyperlink.HyperlinkManager.mouseMove(HyperlinkManager.java:457)
	at org.eclipse.swt.widgets.TypedListener.handleEvent(TypedListener.java:216)
	at org.eclipse.swt.widgets.EventTable.sendEvent(EventTable.java:89)
	at org.eclipse.swt.widgets.Display.sendEvent(Display.java:4209)
	at org.eclipse.swt.widgets.Widget.sendEvent(Widget.java:1043)
	at org.eclipse.swt.widgets.Display.runDeferredEvents(Display.java:4026)
	at org.eclipse.swt.widgets.Display.readAndDispatch(Display.java:3626)
	at org.eclipse.e4.ui.internal.workbench.swt.PartRenderingEngine$5.run(PartRenderingEngine.java:1157)
	at org.eclipse.core.databinding.observable.Realm.runWithDefault(Realm.java:338)
	at org.eclipse.e4.ui.internal.workbench.swt.PartRenderingEngine.run(PartRenderingEngine.java:1046)
	at org.eclipse.e4.ui.internal.workbench.E4Workbench.createAndRunUI(E4Workbench.java:155)
	at org.eclipse.ui.internal.Workbench.lambda$3(Workbench.java:644)
	at org.eclipse.core.databinding.observable.Realm.runWithDefault(Realm.java:338)
	at org.eclipse.ui.internal.Workbench.createAndRunWorkbench(Workbench.java:551)
	at org.eclipse.ui.PlatformUI.createAndRunWorkbench(PlatformUI.java:156)
	at org.eclipse.ui.internal.ide.application.IDEApplication.start(IDEApplication.java:152)
	at org.eclipse.equinox.internal.app.EclipseAppHandle.run(EclipseAppHandle.java:203)
	at org.eclipse.core.runtime.internal.adaptor.EclipseAppLauncher.runApplication(EclipseAppLauncher.java:134)
	at org.eclipse.core.runtime.internal.adaptor.EclipseAppLauncher.start(EclipseAppLauncher.java:104)
	at org.eclipse.core.runtime.adaptor.EclipseStarter.run(EclipseStarter.java:401)
	at org.eclipse.core.runtime.adaptor.EclipseStarter.run(EclipseStarter.java:255)
	at java.base/jdk.internal.reflect.NativeMethodAccessorImpl.invoke0(Native Method)
	at java.base/jdk.internal.reflect.NativeMethodAccessorImpl.invoke(NativeMethodAccessorImpl.java:78)
	at java.base/jdk.internal.reflect.DelegatingMethodAccessorImpl.invoke(DelegatingMethodAccessorImpl.java:43)
	at java.base/java.lang.reflect.Method.invoke(Method.java:567)
	at org.eclipse.equinox.launcher.Main.invokeFramework(Main.java:654)
	at org.eclipse.equinox.launcher.Main.basicRun(Main.java:591)
	at org.eclipse.equinox.launcher.Main.run(Main.java:1462)

!ENTRY org.eclipse.jdt.core 4 4 2026-07-16 15:35:52.491
!MESSAGE Exception occurred during compilation unit conversion:
----------------------------------- SOURCE BEGIN -------------------------------------
package exam;

/*문]
	2차원 평면에서 직사각형을 나타내는 두점 x,y가 있다.
	직사각형을 구성하는 두점(x1, y1), (x2,y2)를 입력받아 
	(100,100), (200,200)의 두 점으로 이루어진 
	직사격형과 충돌하는지를 판별하는 프로그램을 작성하시오.
	
	아래의 메소드(함수)를 활용하시오
	public static boolean inRect(int x, int y, int rectx1, int recty1, 
	            int rectx2, int recty2) { 
	if((x >= rectx1 && <= recty1) && (y >= rectx2 && <= recty2))
	else
	            
	            }
*/

import java.util.*;
public class IfEX08 {

public static boolean inRect(int x, int y, int rectx1, int recty1, 
            int rectx2, int recty2)  
	
	public static void main(String[] args) {
        Scanner sc = new Scanner(System.in);
        
        // 기준이 되는 고정 직사각형의 두 점 (100,100)과 (200,200)
        int rectx1 = 100, recty1 = 100;
        int rectx2 = 200, recty2 = 200;
        
        // 사용자로부터 입력받을 새로운 직사각형의 두 점 좌표
        System.out.print("첫 번째 점 (x1 y1) 입력: ");
        int x1 = sc.nextInt();
        int y1 = sc.nextInt();
        ((x >= rectx1 && <= rect2)
        
        System.out.print("두 번째 점 (x2 y2) 입력: ");
        
        
        // [2] 두 점 중 하나라도 고정 사각형(100~200) 안에 들어오면 "충돌"로 판별
        if (inRect(x1, y1, rectx1, recty1, rectx2, recty2) || 
            inRect(x2, y2, rectx1, recty1, rectx2, recty2)) {
            System.out.println("직사각형과 충돌합니다.");
        } else {
            System.out.println("직사각형과 충돌하지 않습니다.");
        }
        }}
            



----------------------------------- SOURCE END -------------------------------------
!STACK 0
java.lang.IllegalArgumentException
	at org.eclipse.jdt.core.dom.InfixExpression.setOperator(InfixExpression.java:383)
	at org.eclipse.jdt.core.dom.ASTConverter.convert(ASTConverter.java:880)
	at org.eclipse.jdt.core.dom.ASTConverter.convert(ASTConverter.java:2022)
	at org.eclipse.jdt.core.dom.ASTConverter.convertToParenthesizedExpression(ASTConverter.java:3795)
	at org.eclipse.jdt.core.dom.ASTConverter.convert(ASTConverter.java:1943)
	at org.eclipse.jdt.core.dom.ASTConverter.convertToParenthesizedExpression(ASTConverter.java:3795)
	at org.eclipse.jdt.core.dom.ASTConverter.convert(ASTConverter.java:1943)
	at org.eclipse.jdt.core.dom.ASTConverter.convert(ASTConverter.java:1204)
	at org.eclipse.jdt.core.dom.ASTConverter.convert(ASTConverter.java:1974)
	at org.eclipse.jdt.core.dom.ASTConverter.convert(ASTConverter.java:3052)
	at org.eclipse.jdt.core.dom.ASTConverter.convert(ASTConverter.java:751)
	at org.eclipse.jdt.core.dom.ASTConverter.buildBodyDeclarations(ASTConverter.java:208)
	at org.eclipse.jdt.core.dom.ASTConverter.convert(ASTConverter.java:3347)
	at org.eclipse.jdt.core.dom.ASTConverter.convert(ASTConverter.java:1524)
	at org.eclipse.jdt.core.dom.CompilationUnitResolver.convert(CompilationUnitResolver.java:323)
	at org.eclipse.jdt.core.dom.ASTParser.internalCreateAST(ASTParser.java:1231)
	at org.eclipse.jdt.core.dom.ASTParser.createAST(ASTParser.java:820)
	at org.eclipse.jdt.core.manipulation.CoreASTProvider$1.run(CoreASTProvider.java:272)
	at org.eclipse.core.runtime.SafeRunner.run(SafeRunner.java:45)
	at org.eclipse.jdt.core.manipulation.CoreASTProvider.createAST(CoreASTProvider.java:264)
	at org.eclipse.jdt.core.manipulation.CoreASTProvider.getAST(CoreASTProvider.java:197)
	at org.eclipse.jdt.core.manipulation.SharedASTProviderCore.getAST(SharedASTProviderCore.java:138)
	at org.eclipse.jdt.internal.ui.javaeditor.JavaElementHyperlinkDetector.findEnumConstructorTarget(JavaElementHyperlinkDetector.java:299)
	at org.eclipse.jdt.internal.ui.javaeditor.JavaElementHyperlinkDetector.detectHyperlinks(JavaElementHyperlinkDetector.java:115)
	at org.eclipse.ui.texteditor.HyperlinkDetectorRegistry$HyperlinkDetectorDelegate.detectHyperlinks(HyperlinkDetectorRegistry.java:81)
	at org.eclipse.jface.text.hyperlink.HyperlinkManager.findHyperlinks(HyperlinkManager.java:289)
	at org.eclipse.jface.text.hyperlink.HyperlinkManager.findHyperlinks(HyperlinkManager.java:262)
	at org.eclipse.jface.text.hyperlink.HyperlinkManager.mouseMove(HyperlinkManager.java:457)
	at org.eclipse.swt.widgets.TypedListener.handleEvent(TypedListener.java:216)
	at org.eclipse.swt.widgets.EventTable.sendEvent(EventTable.java:89)
	at org.eclipse.swt.widgets.Display.sendEvent(Display.java:4209)
	at org.eclipse.swt.widgets.Widget.sendEvent(Widget.java:1043)
	at org.eclipse.swt.widgets.Display.runDeferredEvents(Display.java:4026)
	at org.eclipse.swt.widgets.Display.readAndDispatch(Display.java:3626)
	at org.eclipse.e4.ui.internal.workbench.swt.PartRenderingEngine$5.run(PartRenderingEngine.java:1157)
	at org.eclipse.core.databinding.observable.Realm.runWithDefault(Realm.java:338)
	at org.eclipse.e4.ui.internal.workbench.swt.PartRenderingEngine.run(PartRenderingEngine.java:1046)
	at org.eclipse.e4.ui.internal.workbench.E4Workbench.createAndRunUI(E4Workbench.java:155)
	at org.eclipse.ui.internal.Workbench.lambda$3(Workbench.java:644)
	at org.eclipse.core.databinding.observable.Realm.runWithDefault(Realm.java:338)
	at org.eclipse.ui.internal.Workbench.createAndRunWorkbench(Workbench.java:551)
	at org.eclipse.ui.PlatformUI.createAndRunWorkbench(PlatformUI.java:156)
	at org.eclipse.ui.internal.ide.application.IDEApplication.start(IDEApplication.java:152)
	at org.eclipse.equinox.internal.app.EclipseAppHandle.run(EclipseAppHandle.java:203)
	at org.eclipse.core.runtime.internal.adaptor.EclipseAppLauncher.runApplication(EclipseAppLauncher.java:134)
	at org.eclipse.core.runtime.internal.adaptor.EclipseAppLauncher.start(EclipseAppLauncher.java:104)
	at org.eclipse.core.runtime.adaptor.EclipseStarter.run(EclipseStarter.java:401)
	at org.eclipse.core.runtime.adaptor.EclipseStarter.run(EclipseStarter.java:255)
	at java.base/jdk.internal.reflect.NativeMethodAccessorImpl.invoke0(Native Method)
	at java.base/jdk.internal.reflect.NativeMethodAccessorImpl.invoke(NativeMethodAccessorImpl.java:78)
	at java.base/jdk.internal.reflect.DelegatingMethodAccessorImpl.invoke(DelegatingMethodAccessorImpl.java:43)
	at java.base/java.lang.reflect.Method.invoke(Method.java:567)
	at org.eclipse.equinox.launcher.Main.invokeFramework(Main.java:654)
	at org.eclipse.equinox.launcher.Main.basicRun(Main.java:591)
	at org.eclipse.equinox.launcher.Main.run(Main.java:1462)

!ENTRY org.eclipse.jdt.core.manipulation 4 2 2026-07-16 15:35:52.492
!MESSAGE Problems occurred when invoking code from plug-in: "org.eclipse.jdt.core.manipulation".
!STACK 0
java.lang.IllegalArgumentException
	at org.eclipse.jdt.core.dom.InfixExpression.setOperator(InfixExpression.java:383)
	at org.eclipse.jdt.core.dom.ASTConverter.convert(ASTConverter.java:880)
	at org.eclipse.jdt.core.dom.ASTConverter.convert(ASTConverter.java:2022)
	at org.eclipse.jdt.core.dom.ASTConverter.convertToParenthesizedExpression(ASTConverter.java:3795)
	at org.eclipse.jdt.core.dom.ASTConverter.convert(ASTConverter.java:1943)
	at org.eclipse.jdt.core.dom.ASTConverter.convertToParenthesizedExpression(ASTConverter.java:3795)
	at org.eclipse.jdt.core.dom.ASTConverter.convert(ASTConverter.java:1943)
	at org.eclipse.jdt.core.dom.ASTConverter.convert(ASTConverter.java:1204)
	at org.eclipse.jdt.core.dom.ASTConverter.convert(ASTConverter.java:1974)
	at org.eclipse.jdt.core.dom.ASTConverter.convert(ASTConverter.java:3052)
	at org.eclipse.jdt.core.dom.ASTConverter.convert(ASTConverter.java:751)
	at org.eclipse.jdt.core.dom.ASTConverter.buildBodyDeclarations(ASTConverter.java:208)
	at org.eclipse.jdt.core.dom.ASTConverter.convert(ASTConverter.java:3347)
	at org.eclipse.jdt.core.dom.ASTConverter.convert(ASTConverter.java:1524)
	at org.eclipse.jdt.core.dom.CompilationUnitResolver.convert(CompilationUnitResolver.java:323)
	at org.eclipse.jdt.core.dom.ASTParser.internalCreateAST(ASTParser.java:1231)
	at org.eclipse.jdt.core.dom.ASTParser.createAST(ASTParser.java:820)
	at org.eclipse.jdt.core.manipulation.CoreASTProvider$1.run(CoreASTProvider.java:272)
	at org.eclipse.core.runtime.SafeRunner.run(SafeRunner.java:45)
	at org.eclipse.jdt.core.manipulation.CoreASTProvider.createAST(CoreASTProvider.java:264)
	at org.eclipse.jdt.core.manipulation.CoreASTProvider.getAST(CoreASTProvider.java:197)
	at org.eclipse.jdt.core.manipulation.SharedASTProviderCore.getAST(SharedASTProviderCore.java:138)
	at org.eclipse.jdt.internal.ui.javaeditor.JavaElementHyperlinkDetector.findEnumConstructorTarget(JavaElementHyperlinkDetector.java:299)
	at org.eclipse.jdt.internal.ui.javaeditor.JavaElementHyperlinkDetector.detectHyperlinks(JavaElementHyperlinkDetector.java:115)
	at org.eclipse.ui.texteditor.HyperlinkDetectorRegistry$HyperlinkDetectorDelegate.detectHyperlinks(HyperlinkDetectorRegistry.java:81)
	at org.eclipse.jface.text.hyperlink.HyperlinkManager.findHyperlinks(HyperlinkManager.java:289)
	at org.eclipse.jface.text.hyperlink.HyperlinkManager.findHyperlinks(HyperlinkManager.java:262)
	at org.eclipse.jface.text.hyperlink.HyperlinkManager.mouseMove(HyperlinkManager.java:457)
	at org.eclipse.swt.widgets.TypedListener.handleEvent(TypedListener.java:216)
	at org.eclipse.swt.widgets.EventTable.sendEvent(EventTable.java:89)
	at org.eclipse.swt.widgets.Display.sendEvent(Display.java:4209)
	at org.eclipse.swt.widgets.Widget.sendEvent(Widget.java:1043)
	at org.eclipse.swt.widgets.Display.runDeferredEvents(Display.java:4026)
	at org.eclipse.swt.widgets.Display.readAndDispatch(Display.java:3626)
	at org.eclipse.e4.ui.internal.workbench.swt.PartRenderingEngine$5.run(PartRenderingEngine.java:1157)
	at org.eclipse.core.databinding.observable.Realm.runWithDefault(Realm.java:338)
	at org.eclipse.e4.ui.internal.workbench.swt.PartRenderingEngine.run(PartRenderingEngine.java:1046)
	at org.eclipse.e4.ui.internal.workbench.E4Workbench.createAndRunUI(E4Workbench.java:155)
	at org.eclipse.ui.internal.Workbench.lambda$3(Workbench.java:644)
	at org.eclipse.core.databinding.observable.Realm.runWithDefault(Realm.java:338)
	at org.eclipse.ui.internal.Workbench.createAndRunWorkbench(Workbench.java:551)
	at org.eclipse.ui.PlatformUI.createAndRunWorkbench(PlatformUI.java:156)
	at org.eclipse.ui.internal.ide.application.IDEApplication.start(IDEApplication.java:152)
	at org.eclipse.equinox.internal.app.EclipseAppHandle.run(EclipseAppHandle.java:203)
	at org.eclipse.core.runtime.internal.adaptor.EclipseAppLauncher.runApplication(EclipseAppLauncher.java:134)
	at org.eclipse.core.runtime.internal.adaptor.EclipseAppLauncher.start(EclipseAppLauncher.java:104)
	at org.eclipse.core.runtime.adaptor.EclipseStarter.run(EclipseStarter.java:401)
	at org.eclipse.core.runtime.adaptor.EclipseStarter.run(EclipseStarter.java:255)
	at java.base/jdk.internal.reflect.NativeMethodAccessorImpl.invoke0(Native Method)
	at java.base/jdk.internal.reflect.NativeMethodAccessorImpl.invoke(NativeMethodAccessorImpl.java:78)
	at java.base/jdk.internal.reflect.DelegatingMethodAccessorImpl.invoke(DelegatingMethodAccessorImpl.java:43)
	at java.base/java.lang.reflect.Method.invoke(Method.java:567)
	at org.eclipse.equinox.launcher.Main.invokeFramework(Main.java:654)
	at org.eclipse.equinox.launcher.Main.basicRun(Main.java:591)
	at org.eclipse.equinox.launcher.Main.run(Main.java:1462)

!ENTRY org.eclipse.jdt.core.manipulation 4 0 2026-07-16 15:35:52.492
!MESSAGE Error in JDT Core during AST creation
!STACK 0
java.lang.IllegalArgumentException
	at org.eclipse.jdt.core.dom.InfixExpression.setOperator(InfixExpression.java:383)
	at org.eclipse.jdt.core.dom.ASTConverter.convert(ASTConverter.java:880)
	at org.eclipse.jdt.core.dom.ASTConverter.convert(ASTConverter.java:2022)
	at org.eclipse.jdt.core.dom.ASTConverter.convertToParenthesizedExpression(ASTConverter.java:3795)
	at org.eclipse.jdt.core.dom.ASTConverter.convert(ASTConverter.java:1943)
	at org.eclipse.jdt.core.dom.ASTConverter.convertToParenthesizedExpression(ASTConverter.java:3795)
	at org.eclipse.jdt.core.dom.ASTConverter.convert(ASTConverter.java:1943)
	at org.eclipse.jdt.core.dom.ASTConverter.convert(ASTConverter.java:1204)
	at org.eclipse.jdt.core.dom.ASTConverter.convert(ASTConverter.java:1974)
	at org.eclipse.jdt.core.dom.ASTConverter.convert(ASTConverter.java:3052)
	at org.eclipse.jdt.core.dom.ASTConverter.convert(ASTConverter.java:751)
	at org.eclipse.jdt.core.dom.ASTConverter.buildBodyDeclarations(ASTConverter.java:208)
	at org.eclipse.jdt.core.dom.ASTConverter.convert(ASTConverter.java:3347)
	at org.eclipse.jdt.core.dom.ASTConverter.convert(ASTConverter.java:1524)
	at org.eclipse.jdt.core.dom.CompilationUnitResolver.convert(CompilationUnitResolver.java:323)
	at org.eclipse.jdt.core.dom.ASTParser.internalCreateAST(ASTParser.java:1231)
	at org.eclipse.jdt.core.dom.ASTParser.createAST(ASTParser.java:820)
	at org.eclipse.jdt.core.manipulation.CoreASTProvider$1.run(CoreASTProvider.java:272)
	at org.eclipse.core.runtime.SafeRunner.run(SafeRunner.java:45)
	at org.eclipse.jdt.core.manipulation.CoreASTProvider.createAST(CoreASTProvider.java:264)
	at org.eclipse.jdt.core.manipulation.CoreASTProvider.getAST(CoreASTProvider.java:197)
	at org.eclipse.jdt.core.manipulation.SharedASTProviderCore.getAST(SharedASTProviderCore.java:138)
	at org.eclipse.jdt.internal.ui.javaeditor.JavaElementHyperlinkDetector.findEnumConstructorTarget(JavaElementHyperlinkDetector.java:299)
	at org.eclipse.jdt.internal.ui.javaeditor.JavaElementHyperlinkDetector.detectHyperlinks(JavaElementHyperlinkDetector.java:115)
	at org.eclipse.ui.texteditor.HyperlinkDetectorRegistry$HyperlinkDetectorDelegate.detectHyperlinks(HyperlinkDetectorRegistry.java:81)
	at org.eclipse.jface.text.hyperlink.HyperlinkManager.findHyperlinks(HyperlinkManager.java:289)
	at org.eclipse.jface.text.hyperlink.HyperlinkManager.findHyperlinks(HyperlinkManager.java:262)
	at org.eclipse.jface.text.hyperlink.HyperlinkManager.mouseMove(HyperlinkManager.java:457)
	at org.eclipse.swt.widgets.TypedListener.handleEvent(TypedListener.java:216)
	at org.eclipse.swt.widgets.EventTable.sendEvent(EventTable.java:89)
	at org.eclipse.swt.widgets.Display.sendEvent(Display.java:4209)
	at org.eclipse.swt.widgets.Widget.sendEvent(Widget.java:1043)
	at org.eclipse.swt.widgets.Display.runDeferredEvents(Display.java:4026)
	at org.eclipse.swt.widgets.Display.readAndDispatch(Display.java:3626)
	at org.eclipse.e4.ui.internal.workbench.swt.PartRenderingEngine$5.run(PartRenderingEngine.java:1157)
	at org.eclipse.core.databinding.observable.Realm.runWithDefault(Realm.java:338)
	at org.eclipse.e4.ui.internal.workbench.swt.PartRenderingEngine.run(PartRenderingEngine.java:1046)
	at org.eclipse.e4.ui.internal.workbench.E4Workbench.createAndRunUI(E4Workbench.java:155)
	at org.eclipse.ui.internal.Workbench.lambda$3(Workbench.java:644)
	at org.eclipse.core.databinding.observable.Realm.runWithDefault(Realm.java:338)
	at org.eclipse.ui.internal.Workbench.createAndRunWorkbench(Workbench.java:551)
	at org.eclipse.ui.PlatformUI.createAndRunWorkbench(PlatformUI.java:156)
	at org.eclipse.ui.internal.ide.application.IDEApplication.start(IDEApplication.java:152)
	at org.eclipse.equinox.internal.app.EclipseAppHandle.run(EclipseAppHandle.java:203)
	at org.eclipse.core.runtime.internal.adaptor.EclipseAppLauncher.runApplication(EclipseAppLauncher.java:134)
	at org.eclipse.core.runtime.internal.adaptor.EclipseAppLauncher.start(EclipseAppLauncher.java:104)
	at org.eclipse.core.runtime.adaptor.EclipseStarter.run(EclipseStarter.java:401)
	at org.eclipse.core.runtime.adaptor.EclipseStarter.run(EclipseStarter.java:255)
	at java.base/jdk.internal.reflect.NativeMethodAccessorImpl.invoke0(Native Method)
	at java.base/jdk.internal.reflect.NativeMethodAccessorImpl.invoke(NativeMethodAccessorImpl.java:78)
	at java.base/jdk.internal.reflect.DelegatingMethodAccessorImpl.invoke(DelegatingMethodAccessorImpl.java:43)
	at java.base/java.lang.reflect.Method.invoke(Method.java:567)
	at org.eclipse.equinox.launcher.Main.invokeFramework(Main.java:654)
	at org.eclipse.equinox.launcher.Main.basicRun(Main.java:591)
	at org.eclipse.equinox.launcher.Main.run(Main.java:1462)

!ENTRY org.eclipse.jdt.core 4 4 2026-07-16 15:35:52.496
!MESSAGE Exception occurred during compilation unit conversion:
----------------------------------- SOURCE BEGIN -------------------------------------
package exam;

/*문]
	2차원 평면에서 직사각형을 나타내는 두점 x,y가 있다.
	직사각형을 구성하는 두점(x1, y1), (x2,y2)를 입력받아 
	(100,100), (200,200)의 두 점으로 이루어진 
	직사격형과 충돌하는지를 판별하는 프로그램을 작성하시오.
	
	아래의 메소드(함수)를 활용하시오
	public static boolean inRect(int x, int y, int rectx1, int recty1, 
	            int rectx2, int recty2) { 
	if((x >= rectx1 && <= recty1) && (y >= rectx2 && <= recty2))
	else
	            
	            }
*/

import java.util.*;
public class IfEX08 {

public static boolean inRect(int x, int y, int rectx1, int recty1, 
            int rectx2, int recty2)  
	
	public static void main(String[] args) {
        Scanner sc = new Scanner(System.in);
        
        // 기준이 되는 고정 직사각형의 두 점 (100,100)과 (200,200)
        int rectx1 = 100, recty1 = 100;
        int rectx2 = 200, recty2 = 200;
        
        // 사용자로부터 입력받을 새로운 직사각형의 두 점 좌표
        System.out.print("첫 번째 점 (x1 y1) 입력: ");
        int x1 = sc.nextInt();
        int y1 = sc.nextInt();
        ((x >= rectx1 && <= rect2)
        
        System.out.print("두 번째 점 (x2 y2) 입력: ");
        
        
        // [2] 두 점 중 하나라도 고정 사각형(100~200) 안에 들어오면 "충돌"로 판별
        if (inRect(x1, y1, rectx1, recty1, rectx2, recty2) || 
            inRect(x2, y2, rectx1, recty1, rectx2, recty2)) {
            System.out.println("직사각형과 충돌합니다.");
        } else {
            System.out.println("직사각형과 충돌하지 않습니다.");
        }
        }}
            



----------------------------------- SOURCE END -------------------------------------
!STACK 0
java.lang.IllegalArgumentException
	at org.eclipse.jdt.core.dom.InfixExpression.setOperator(InfixExpression.java:383)
	at org.eclipse.jdt.core.dom.ASTConverter.convert(ASTConverter.java:880)
	at org.eclipse.jdt.core.dom.ASTConverter.convert(ASTConverter.java:2022)
	at org.eclipse.jdt.core.dom.ASTConverter.convertToParenthesizedExpression(ASTConverter.java:3795)
	at org.eclipse.jdt.core.dom.ASTConverter.convert(ASTConverter.java:1943)
	at org.eclipse.jdt.core.dom.ASTConverter.convertToParenthesizedExpression(ASTConverter.java:3795)
	at org.eclipse.jdt.core.dom.ASTConverter.convert(ASTConverter.java:1943)
	at org.eclipse.jdt.core.dom.ASTConverter.convert(ASTConverter.java:1204)
	at org.eclipse.jdt.core.dom.ASTConverter.convert(ASTConverter.java:1974)
	at org.eclipse.jdt.core.dom.ASTConverter.convert(ASTConverter.java:3052)
	at org.eclipse.jdt.core.dom.ASTConverter.convert(ASTConverter.java:751)
	at org.eclipse.jdt.core.dom.ASTConverter.buildBodyDeclarations(ASTConverter.java:208)
	at org.eclipse.jdt.core.dom.ASTConverter.convert(ASTConverter.java:3347)
	at org.eclipse.jdt.core.dom.ASTConverter.convert(ASTConverter.java:1524)
	at org.eclipse.jdt.core.dom.CompilationUnitResolver.convert(CompilationUnitResolver.java:323)
	at org.eclipse.jdt.core.dom.ASTParser.internalCreateAST(ASTParser.java:1231)
	at org.eclipse.jdt.core.dom.ASTParser.createAST(ASTParser.java:820)
	at org.eclipse.jdt.core.manipulation.CoreASTProvider$1.run(CoreASTProvider.java:272)
	at org.eclipse.core.runtime.SafeRunner.run(SafeRunner.java:45)
	at org.eclipse.jdt.core.manipulation.CoreASTProvider.createAST(CoreASTProvider.java:264)
	at org.eclipse.jdt.core.manipulation.CoreASTProvider.getAST(CoreASTProvider.java:197)
	at org.eclipse.jdt.core.manipulation.SharedASTProviderCore.getAST(SharedASTProviderCore.java:138)
	at org.eclipse.jdt.internal.ui.javaeditor.JavaElementHyperlinkDetector.findEnumConstructorTarget(JavaElementHyperlinkDetector.java:299)
	at org.eclipse.jdt.internal.ui.javaeditor.JavaElementHyperlinkDetector.detectHyperlinks(JavaElementHyperlinkDetector.java:115)
	at org.eclipse.ui.texteditor.HyperlinkDetectorRegistry$HyperlinkDetectorDelegate.detectHyperlinks(HyperlinkDetectorRegistry.java:81)
	at org.eclipse.jface.text.hyperlink.HyperlinkManager.findHyperlinks(HyperlinkManager.java:289)
	at org.eclipse.jface.text.hyperlink.HyperlinkManager.findHyperlinks(HyperlinkManager.java:262)
	at org.eclipse.jface.text.hyperlink.HyperlinkManager.mouseMove(HyperlinkManager.java:457)
	at org.eclipse.swt.widgets.TypedListener.handleEvent(TypedListener.java:216)
	at org.eclipse.swt.widgets.EventTable.sendEvent(EventTable.java:89)
	at org.eclipse.swt.widgets.Display.sendEvent(Display.java:4209)
	at org.eclipse.swt.widgets.Widget.sendEvent(Widget.java:1043)
	at org.eclipse.swt.widgets.Display.runDeferredEvents(Display.java:4026)
	at org.eclipse.swt.widgets.Display.readAndDispatch(Display.java:3626)
	at org.eclipse.e4.ui.internal.workbench.swt.PartRenderingEngine$5.run(PartRenderingEngine.java:1157)
	at org.eclipse.core.databinding.observable.Realm.runWithDefault(Realm.java:338)
	at org.eclipse.e4.ui.internal.workbench.swt.PartRenderingEngine.run(PartRenderingEngine.java:1046)
	at org.eclipse.e4.ui.internal.workbench.E4Workbench.createAndRunUI(E4Workbench.java:155)
	at org.eclipse.ui.internal.Workbench.lambda$3(Workbench.java:644)
	at org.eclipse.core.databinding.observable.Realm.runWithDefault(Realm.java:338)
	at org.eclipse.ui.internal.Workbench.createAndRunWorkbench(Workbench.java:551)
	at org.eclipse.ui.PlatformUI.createAndRunWorkbench(PlatformUI.java:156)
	at org.eclipse.ui.internal.ide.application.IDEApplication.start(IDEApplication.java:152)
	at org.eclipse.equinox.internal.app.EclipseAppHandle.run(EclipseAppHandle.java:203)
	at org.eclipse.core.runtime.internal.adaptor.EclipseAppLauncher.runApplication(EclipseAppLauncher.java:134)
	at org.eclipse.core.runtime.internal.adaptor.EclipseAppLauncher.start(EclipseAppLauncher.java:104)
	at org.eclipse.core.runtime.adaptor.EclipseStarter.run(EclipseStarter.java:401)
	at org.eclipse.core.runtime.adaptor.EclipseStarter.run(EclipseStarter.java:255)
	at java.base/jdk.internal.reflect.NativeMethodAccessorImpl.invoke0(Native Method)
	at java.base/jdk.internal.reflect.NativeMethodAccessorImpl.invoke(NativeMethodAccessorImpl.java:78)
	at java.base/jdk.internal.reflect.DelegatingMethodAccessorImpl.invoke(DelegatingMethodAccessorImpl.java:43)
	at java.base/java.lang.reflect.Method.invoke(Method.java:567)
	at org.eclipse.equinox.launcher.Main.invokeFramework(Main.java:654)
	at org.eclipse.equinox.launcher.Main.basicRun(Main.java:591)
	at org.eclipse.equinox.launcher.Main.run(Main.java:1462)

!ENTRY org.eclipse.jdt.core.manipulation 4 2 2026-07-16 15:35:52.497
!MESSAGE Problems occurred when invoking code from plug-in: "org.eclipse.jdt.core.manipulation".
!STACK 0
java.lang.IllegalArgumentException
	at org.eclipse.jdt.core.dom.InfixExpression.setOperator(InfixExpression.java:383)
	at org.eclipse.jdt.core.dom.ASTConverter.convert(ASTConverter.java:880)
	at org.eclipse.jdt.core.dom.ASTConverter.convert(ASTConverter.java:2022)
	at org.eclipse.jdt.core.dom.ASTConverter.convertToParenthesizedExpression(ASTConverter.java:3795)
	at org.eclipse.jdt.core.dom.ASTConverter.convert(ASTConverter.java:1943)
	at org.eclipse.jdt.core.dom.ASTConverter.convertToParenthesizedExpression(ASTConverter.java:3795)
	at org.eclipse.jdt.core.dom.ASTConverter.convert(ASTConverter.java:1943)
	at org.eclipse.jdt.core.dom.ASTConverter.convert(ASTConverter.java:1204)
	at org.eclipse.jdt.core.dom.ASTConverter.convert(ASTConverter.java:1974)
	at org.eclipse.jdt.core.dom.ASTConverter.convert(ASTConverter.java:3052)
	at org.eclipse.jdt.core.dom.ASTConverter.convert(ASTConverter.java:751)
	at org.eclipse.jdt.core.dom.ASTConverter.buildBodyDeclarations(ASTConverter.java:208)
	at org.eclipse.jdt.core.dom.ASTConverter.convert(ASTConverter.java:3347)
	at org.eclipse.jdt.core.dom.ASTConverter.convert(ASTConverter.java:1524)
	at org.eclipse.jdt.core.dom.CompilationUnitResolver.convert(CompilationUnitResolver.java:323)
	at org.eclipse.jdt.core.dom.ASTParser.internalCreateAST(ASTParser.java:1231)
	at org.eclipse.jdt.core.dom.ASTParser.createAST(ASTParser.java:820)
	at org.eclipse.jdt.core.manipulation.CoreASTProvider$1.run(CoreASTProvider.java:272)
	at org.eclipse.core.runtime.SafeRunner.run(SafeRunner.java:45)
	at org.eclipse.jdt.core.manipulation.CoreASTProvider.createAST(CoreASTProvider.java:264)
	at org.eclipse.jdt.core.manipulation.CoreASTProvider.getAST(CoreASTProvider.java:197)
	at org.eclipse.jdt.core.manipulation.SharedASTProviderCore.getAST(SharedASTProviderCore.java:138)
	at org.eclipse.jdt.internal.ui.javaeditor.JavaElementHyperlinkDetector.findEnumConstructorTarget(JavaElementHyperlinkDetector.java:299)
	at org.eclipse.jdt.internal.ui.javaeditor.JavaElementHyperlinkDetector.detectHyperlinks(JavaElementHyperlinkDetector.java:115)
	at org.eclipse.ui.texteditor.HyperlinkDetectorRegistry$HyperlinkDetectorDelegate.detectHyperlinks(HyperlinkDetectorRegistry.java:81)
	at org.eclipse.jface.text.hyperlink.HyperlinkManager.findHyperlinks(HyperlinkManager.java:289)
	at org.eclipse.jface.text.hyperlink.HyperlinkManager.findHyperlinks(HyperlinkManager.java:262)
	at org.eclipse.jface.text.hyperlink.HyperlinkManager.mouseMove(HyperlinkManager.java:457)
	at org.eclipse.swt.widgets.TypedListener.handleEvent(TypedListener.java:216)
	at org.eclipse.swt.widgets.EventTable.sendEvent(EventTable.java:89)
	at org.eclipse.swt.widgets.Display.sendEvent(Display.java:4209)
	at org.eclipse.swt.widgets.Widget.sendEvent(Widget.java:1043)
	at org.eclipse.swt.widgets.Display.runDeferredEvents(Display.java:4026)
	at org.eclipse.swt.widgets.Display.readAndDispatch(Display.java:3626)
	at org.eclipse.e4.ui.internal.workbench.swt.PartRenderingEngine$5.run(PartRenderingEngine.java:1157)
	at org.eclipse.core.databinding.observable.Realm.runWithDefault(Realm.java:338)
	at org.eclipse.e4.ui.internal.workbench.swt.PartRenderingEngine.run(PartRenderingEngine.java:1046)
	at org.eclipse.e4.ui.internal.workbench.E4Workbench.createAndRunUI(E4Workbench.java:155)
	at org.eclipse.ui.internal.Workbench.lambda$3(Workbench.java:644)
	at org.eclipse.core.databinding.observable.Realm.runWithDefault(Realm.java:338)
	at org.eclipse.ui.internal.Workbench.createAndRunWorkbench(Workbench.java:551)
	at org.eclipse.ui.PlatformUI.createAndRunWorkbench(PlatformUI.java:156)
	at org.eclipse.ui.internal.ide.application.IDEApplication.start(IDEApplication.java:152)
	at org.eclipse.equinox.internal.app.EclipseAppHandle.run(EclipseAppHandle.java:203)
	at org.eclipse.core.runtime.internal.adaptor.EclipseAppLauncher.runApplication(EclipseAppLauncher.java:134)
	at org.eclipse.core.runtime.internal.adaptor.EclipseAppLauncher.start(EclipseAppLauncher.java:104)
	at org.eclipse.core.runtime.adaptor.EclipseStarter.run(EclipseStarter.java:401)
	at org.eclipse.core.runtime.adaptor.EclipseStarter.run(EclipseStarter.java:255)
	at java.base/jdk.internal.reflect.NativeMethodAccessorImpl.invoke0(Native Method)
	at java.base/jdk.internal.reflect.NativeMethodAccessorImpl.invoke(NativeMethodAccessorImpl.java:78)
	at java.base/jdk.internal.reflect.DelegatingMethodAccessorImpl.invoke(DelegatingMethodAccessorImpl.java:43)
	at java.base/java.lang.reflect.Method.invoke(Method.java:567)
	at org.eclipse.equinox.launcher.Main.invokeFramework(Main.java:654)
	at org.eclipse.equinox.launcher.Main.basicRun(Main.java:591)
	at org.eclipse.equinox.launcher.Main.run(Main.java:1462)

!ENTRY org.eclipse.jdt.core.manipulation 4 0 2026-07-16 15:35:52.497
!MESSAGE Error in JDT Core during AST creation
!STACK 0
java.lang.IllegalArgumentException
	at org.eclipse.jdt.core.dom.InfixExpression.setOperator(InfixExpression.java:383)
	at org.eclipse.jdt.core.dom.ASTConverter.convert(ASTConverter.java:880)
	at org.eclipse.jdt.core.dom.ASTConverter.convert(ASTConverter.java:2022)
	at org.eclipse.jdt.core.dom.ASTConverter.convertToParenthesizedExpression(ASTConverter.java:3795)
	at org.eclipse.jdt.core.dom.ASTConverter.convert(ASTConverter.java:1943)
	at org.eclipse.jdt.core.dom.ASTConverter.convertToParenthesizedExpression(ASTConverter.java:3795)
	at org.eclipse.jdt.core.dom.ASTConverter.convert(ASTConverter.java:1943)
	at org.eclipse.jdt.core.dom.ASTConverter.convert(ASTConverter.java:1204)
	at org.eclipse.jdt.core.dom.ASTConverter.convert(ASTConverter.java:1974)
	at org.eclipse.jdt.core.dom.ASTConverter.convert(ASTConverter.java:3052)
	at org.eclipse.jdt.core.dom.ASTConverter.convert(ASTConverter.java:751)
	at org.eclipse.jdt.core.dom.ASTConverter.buildBodyDeclarations(ASTConverter.java:208)
	at org.eclipse.jdt.core.dom.ASTConverter.convert(ASTConverter.java:3347)
	at org.eclipse.jdt.core.dom.ASTConverter.convert(ASTConverter.java:1524)
	at org.eclipse.jdt.core.dom.CompilationUnitResolver.convert(CompilationUnitResolver.java:323)
	at org.eclipse.jdt.core.dom.ASTParser.internalCreateAST(ASTParser.java:1231)
	at org.eclipse.jdt.core.dom.ASTParser.createAST(ASTParser.java:820)
	at org.eclipse.jdt.core.manipulation.CoreASTProvider$1.run(CoreASTProvider.java:272)
	at org.eclipse.core.runtime.SafeRunner.run(SafeRunner.java:45)
	at org.eclipse.jdt.core.manipulation.CoreASTProvider.createAST(CoreASTProvider.java:264)
	at org.eclipse.jdt.core.manipulation.CoreASTProvider.getAST(CoreASTProvider.java:197)
	at org.eclipse.jdt.core.manipulation.SharedASTProviderCore.getAST(SharedASTProviderCore.java:138)
	at org.eclipse.jdt.internal.ui.javaeditor.JavaElementHyperlinkDetector.findEnumConstructorTarget(JavaElementHyperlinkDetector.java:299)
	at org.eclipse.jdt.internal.ui.javaeditor.JavaElementHyperlinkDetector.detectHyperlinks(JavaElementHyperlinkDetector.java:115)
	at org.eclipse.ui.texteditor.HyperlinkDetectorRegistry$HyperlinkDetectorDelegate.detectHyperlinks(HyperlinkDetectorRegistry.java:81)
	at org.eclipse.jface.text.hyperlink.HyperlinkManager.findHyperlinks(HyperlinkManager.java:289)
	at org.eclipse.jface.text.hyperlink.HyperlinkManager.findHyperlinks(HyperlinkManager.java:262)
	at org.eclipse.jface.text.hyperlink.HyperlinkManager.mouseMove(HyperlinkManager.java:457)
	at org.eclipse.swt.widgets.TypedListener.handleEvent(TypedListener.java:216)
	at org.eclipse.swt.widgets.EventTable.sendEvent(EventTable.java:89)
	at org.eclipse.swt.widgets.Display.sendEvent(Display.java:4209)
	at org.eclipse.swt.widgets.Widget.sendEvent(Widget.java:1043)
	at org.eclipse.swt.widgets.Display.runDeferredEvents(Display.java:4026)
	at org.eclipse.swt.widgets.Display.readAndDispatch(Display.java:3626)
	at org.eclipse.e4.ui.internal.workbench.swt.PartRenderingEngine$5.run(PartRenderingEngine.java:1157)
	at org.eclipse.core.databinding.observable.Realm.runWithDefault(Realm.java:338)
	at org.eclipse.e4.ui.internal.workbench.swt.PartRenderingEngine.run(PartRenderingEngine.java:1046)
	at org.eclipse.e4.ui.internal.workbench.E4Workbench.createAndRunUI(E4Workbench.java:155)
	at org.eclipse.ui.internal.Workbench.lambda$3(Workbench.java:644)
	at org.eclipse.core.databinding.observable.Realm.runWithDefault(Realm.java:338)
	at org.eclipse.ui.internal.Workbench.createAndRunWorkbench(Workbench.java:551)
	at org.eclipse.ui.PlatformUI.createAndRunWorkbench(PlatformUI.java:156)
	at org.eclipse.ui.internal.ide.application.IDEApplication.start(IDEApplication.java:152)
	at org.eclipse.equinox.internal.app.EclipseAppHandle.run(EclipseAppHandle.java:203)
	at org.eclipse.core.runtime.internal.adaptor.EclipseAppLauncher.runApplication(EclipseAppLauncher.java:134)
	at org.eclipse.core.runtime.internal.adaptor.EclipseAppLauncher.start(EclipseAppLauncher.java:104)
	at org.eclipse.core.runtime.adaptor.EclipseStarter.run(EclipseStarter.java:401)
	at org.eclipse.core.runtime.adaptor.EclipseStarter.run(EclipseStarter.java:255)
	at java.base/jdk.internal.reflect.NativeMethodAccessorImpl.invoke0(Native Method)
	at java.base/jdk.internal.reflect.NativeMethodAccessorImpl.invoke(NativeMethodAccessorImpl.java:78)
	at java.base/jdk.internal.reflect.DelegatingMethodAccessorImpl.invoke(DelegatingMethodAccessorImpl.java:43)
	at java.base/java.lang.reflect.Method.invoke(Method.java:567)
	at org.eclipse.equinox.launcher.Main.invokeFramework(Main.java:654)
	at org.eclipse.equinox.launcher.Main.basicRun(Main.java:591)
	at org.eclipse.equinox.launcher.Main.run(Main.java:1462)

!ENTRY org.eclipse.jdt.core 4 4 2026-07-16 15:35:52.503
!MESSAGE Exception occurred during compilation unit conversion:
----------------------------------- SOURCE BEGIN -------------------------------------
package exam;

/*문]
	2차원 평면에서 직사각형을 나타내는 두점 x,y가 있다.
	직사각형을 구성하는 두점(x1, y1), (x2,y2)를 입력받아 
	(100,100), (200,200)의 두 점으로 이루어진 
	직사격형과 충돌하는지를 판별하는 프로그램을 작성하시오.
	
	아래의 메소드(함수)를 활용하시오
	public static boolean inRect(int x, int y, int rectx1, int recty1, 
	            int rectx2, int recty2) { 
	if((x >= rectx1 && <= recty1) && (y >= rectx2 && <= recty2))
	else
	            
	            }
*/

import java.util.*;
public class IfEX08 {

public static boolean inRect(int x, int y, int rectx1, int recty1, 
            int rectx2, int recty2)  
	
	public static void main(String[] args) {
        Scanner sc = new Scanner(System.in);
        
        // 기준이 되는 고정 직사각형의 두 점 (100,100)과 (200,200)
        int rectx1 = 100, recty1 = 100;
        int rectx2 = 200, recty2 = 200;
        
        // 사용자로부터 입력받을 새로운 직사각형의 두 점 좌표
        System.out.print("첫 번째 점 (x1 y1) 입력: ");
        int x1 = sc.nextInt();
        int y1 = sc.nextInt();
        ((x >= rectx1 && <= rect2)
        
        System.out.print("두 번째 점 (x2 y2) 입력: ");
        
        
        // [2] 두 점 중 하나라도 고정 사각형(100~200) 안에 들어오면 "충돌"로 판별
        if (inRect(x1, y1, rectx1, recty1, rectx2, recty2) || 
            inRect(x2, y2, rectx1, recty1, rectx2, recty2)) {
            System.out.println("직사각형과 충돌합니다.");
        } else {
            System.out.println("직사각형과 충돌하지 않습니다.");
        }
        }}
            



----------------------------------- SOURCE END -------------------------------------
!STACK 0
java.lang.IllegalArgumentException
	at org.eclipse.jdt.core.dom.InfixExpression.setOperator(InfixExpression.java:383)
	at org.eclipse.jdt.core.dom.ASTConverter.convert(ASTConverter.java:880)
	at org.eclipse.jdt.core.dom.ASTConverter.convert(ASTConverter.java:2022)
	at org.eclipse.jdt.core.dom.ASTConverter.convertToParenthesizedExpression(ASTConverter.java:3795)
	at org.eclipse.jdt.core.dom.ASTConverter.convert(ASTConverter.java:1943)
	at org.eclipse.jdt.core.dom.ASTConverter.convertToParenthesizedExpression(ASTConverter.java:3795)
	at org.eclipse.jdt.core.dom.ASTConverter.convert(ASTConverter.java:1943)
	at org.eclipse.jdt.core.dom.ASTConverter.convert(ASTConverter.java:1204)
	at org.eclipse.jdt.core.dom.ASTConverter.convert(ASTConverter.java:1974)
	at org.eclipse.jdt.core.dom.ASTConverter.convert(ASTConverter.java:3052)
	at org.eclipse.jdt.core.dom.ASTConverter.convert(ASTConverter.java:751)
	at org.eclipse.jdt.core.dom.ASTConverter.buildBodyDeclarations(ASTConverter.java:208)
	at org.eclipse.jdt.core.dom.ASTConverter.convert(ASTConverter.java:3347)
	at org.eclipse.jdt.core.dom.ASTConverter.convert(ASTConverter.java:1524)
	at org.eclipse.jdt.core.dom.CompilationUnitResolver.convert(CompilationUnitResolver.java:323)
	at org.eclipse.jdt.core.dom.ASTParser.internalCreateAST(ASTParser.java:1231)
	at org.eclipse.jdt.core.dom.ASTParser.createAST(ASTParser.java:820)
	at org.eclipse.jdt.core.manipulation.CoreASTProvider$1.run(CoreASTProvider.java:272)
	at org.eclipse.core.runtime.SafeRunner.run(SafeRunner.java:45)
	at org.eclipse.jdt.core.manipulation.CoreASTProvider.createAST(CoreASTProvider.java:264)
	at org.eclipse.jdt.core.manipulation.CoreASTProvider.getAST(CoreASTProvider.java:197)
	at org.eclipse.jdt.core.manipulation.SharedASTProviderCore.getAST(SharedASTProviderCore.java:138)
	at org.eclipse.jdt.internal.ui.javaeditor.JavaElementHyperlinkDetector.findEnumConstructorTarget(JavaElementHyperlinkDetector.java:299)
	at org.eclipse.jdt.internal.ui.javaeditor.JavaElementHyperlinkDetector.detectHyperlinks(JavaElementHyperlinkDetector.java:115)
	at org.eclipse.ui.texteditor.HyperlinkDetectorRegistry$HyperlinkDetectorDelegate.detectHyperlinks(HyperlinkDetectorRegistry.java:81)
	at org.eclipse.jface.text.hyperlink.HyperlinkManager.findHyperlinks(HyperlinkManager.java:289)
	at org.eclipse.jface.text.hyperlink.HyperlinkManager.findHyperlinks(HyperlinkManager.java:262)
	at org.eclipse.jface.text.hyperlink.HyperlinkManager.mouseMove(HyperlinkManager.java:457)
	at org.eclipse.swt.widgets.TypedListener.handleEvent(TypedListener.java:216)
	at org.eclipse.swt.widgets.EventTable.sendEvent(EventTable.java:89)
	at org.eclipse.swt.widgets.Display.sendEvent(Display.java:4209)
	at org.eclipse.swt.widgets.Widget.sendEvent(Widget.java:1043)
	at org.eclipse.swt.widgets.Display.runDeferredEvents(Display.java:4026)
	at org.eclipse.swt.widgets.Display.readAndDispatch(Display.java:3626)
	at org.eclipse.e4.ui.internal.workbench.swt.PartRenderingEngine$5.run(PartRenderingEngine.java:1157)
	at org.eclipse.core.databinding.observable.Realm.runWithDefault(Realm.java:338)
	at org.eclipse.e4.ui.internal.workbench.swt.PartRenderingEngine.run(PartRenderingEngine.java:1046)
	at org.eclipse.e4.ui.internal.workbench.E4Workbench.createAndRunUI(E4Workbench.java:155)
	at org.eclipse.ui.internal.Workbench.lambda$3(Workbench.java:644)
	at org.eclipse.core.databinding.observable.Realm.runWithDefault(Realm.java:338)
	at org.eclipse.ui.internal.Workbench.createAndRunWorkbench(Workbench.java:551)
	at org.eclipse.ui.PlatformUI.createAndRunWorkbench(PlatformUI.java:156)
	at org.eclipse.ui.internal.ide.application.IDEApplication.start(IDEApplication.java:152)
	at org.eclipse.equinox.internal.app.EclipseAppHandle.run(EclipseAppHandle.java:203)
	at org.eclipse.core.runtime.internal.adaptor.EclipseAppLauncher.runApplication(EclipseAppLauncher.java:134)
	at org.eclipse.core.runtime.internal.adaptor.EclipseAppLauncher.start(EclipseAppLauncher.java:104)
	at org.eclipse.core.runtime.adaptor.EclipseStarter.run(EclipseStarter.java:401)
	at org.eclipse.core.runtime.adaptor.EclipseStarter.run(EclipseStarter.java:255)
	at java.base/jdk.internal.reflect.NativeMethodAccessorImpl.invoke0(Native Method)
	at java.base/jdk.internal.reflect.NativeMethodAccessorImpl.invoke(NativeMethodAccessorImpl.java:78)
	at java.base/jdk.internal.reflect.DelegatingMethodAccessorImpl.invoke(DelegatingMethodAccessorImpl.java:43)
	at java.base/java.lang.reflect.Method.invoke(Method.java:567)
	at org.eclipse.equinox.launcher.Main.invokeFramework(Main.java:654)
	at org.eclipse.equinox.launcher.Main.basicRun(Main.java:591)
	at org.eclipse.equinox.launcher.Main.run(Main.java:1462)

!ENTRY org.eclipse.jdt.core.manipulation 4 2 2026-07-16 15:35:52.504
!MESSAGE Problems occurred when invoking code from plug-in: "org.eclipse.jdt.core.manipulation".
!STACK 0
java.lang.IllegalArgumentException
	at org.eclipse.jdt.core.dom.InfixExpression.setOperator(InfixExpression.java:383)
	at org.eclipse.jdt.core.dom.ASTConverter.convert(ASTConverter.java:880)
	at org.eclipse.jdt.core.dom.ASTConverter.convert(ASTConverter.java:2022)
	at org.eclipse.jdt.core.dom.ASTConverter.convertToParenthesizedExpression(ASTConverter.java:3795)
	at org.eclipse.jdt.core.dom.ASTConverter.convert(ASTConverter.java:1943)
	at org.eclipse.jdt.core.dom.ASTConverter.convertToParenthesizedExpression(ASTConverter.java:3795)
	at org.eclipse.jdt.core.dom.ASTConverter.convert(ASTConverter.java:1943)
	at org.eclipse.jdt.core.dom.ASTConverter.convert(ASTConverter.java:1204)
	at org.eclipse.jdt.core.dom.ASTConverter.convert(ASTConverter.java:1974)
	at org.eclipse.jdt.core.dom.ASTConverter.convert(ASTConverter.java:3052)
	at org.eclipse.jdt.core.dom.ASTConverter.convert(ASTConverter.java:751)
	at org.eclipse.jdt.core.dom.ASTConverter.buildBodyDeclarations(ASTConverter.java:208)
	at org.eclipse.jdt.core.dom.ASTConverter.convert(ASTConverter.java:3347)
	at org.eclipse.jdt.core.dom.ASTConverter.convert(ASTConverter.java:1524)
	at org.eclipse.jdt.core.dom.CompilationUnitResolver.convert(CompilationUnitResolver.java:323)
	at org.eclipse.jdt.core.dom.ASTParser.internalCreateAST(ASTParser.java:1231)
	at org.eclipse.jdt.core.dom.ASTParser.createAST(ASTParser.java:820)
	at org.eclipse.jdt.core.manipulation.CoreASTProvider$1.run(CoreASTProvider.java:272)
	at org.eclipse.core.runtime.SafeRunner.run(SafeRunner.java:45)
	at org.eclipse.jdt.core.manipulation.CoreASTProvider.createAST(CoreASTProvider.java:264)
	at org.eclipse.jdt.core.manipulation.CoreASTProvider.getAST(CoreASTProvider.java:197)
	at org.eclipse.jdt.core.manipulation.SharedASTProviderCore.getAST(SharedASTProviderCore.java:138)
	at org.eclipse.jdt.internal.ui.javaeditor.JavaElementHyperlinkDetector.findEnumConstructorTarget(JavaElementHyperlinkDetector.java:299)
	at org.eclipse.jdt.internal.ui.javaeditor.JavaElementHyperlinkDetector.detectHyperlinks(JavaElementHyperlinkDetector.java:115)
	at org.eclipse.ui.texteditor.HyperlinkDetectorRegistry$HyperlinkDetectorDelegate.detectHyperlinks(HyperlinkDetectorRegistry.java:81)
	at org.eclipse.jface.text.hyperlink.HyperlinkManager.findHyperlinks(HyperlinkManager.java:289)
	at org.eclipse.jface.text.hyperlink.HyperlinkManager.findHyperlinks(HyperlinkManager.java:262)
	at org.eclipse.jface.text.hyperlink.HyperlinkManager.mouseMove(HyperlinkManager.java:457)
	at org.eclipse.swt.widgets.TypedListener.handleEvent(TypedListener.java:216)
	at org.eclipse.swt.widgets.EventTable.sendEvent(EventTable.java:89)
	at org.eclipse.swt.widgets.Display.sendEvent(Display.java:4209)
	at org.eclipse.swt.widgets.Widget.sendEvent(Widget.java:1043)
	at org.eclipse.swt.widgets.Display.runDeferredEvents(Display.java:4026)
	at org.eclipse.swt.widgets.Display.readAndDispatch(Display.java:3626)
	at org.eclipse.e4.ui.internal.workbench.swt.PartRenderingEngine$5.run(PartRenderingEngine.java:1157)
	at org.eclipse.core.databinding.observable.Realm.runWithDefault(Realm.java:338)
	at org.eclipse.e4.ui.internal.workbench.swt.PartRenderingEngine.run(PartRenderingEngine.java:1046)
	at org.eclipse.e4.ui.internal.workbench.E4Workbench.createAndRunUI(E4Workbench.java:155)
	at org.eclipse.ui.internal.Workbench.lambda$3(Workbench.java:644)
	at org.eclipse.core.databinding.observable.Realm.runWithDefault(Realm.java:338)
	at org.eclipse.ui.internal.Workbench.createAndRunWorkbench(Workbench.java:551)
	at org.eclipse.ui.PlatformUI.createAndRunWorkbench(PlatformUI.java:156)
	at org.eclipse.ui.internal.ide.application.IDEApplication.start(IDEApplication.java:152)
	at org.eclipse.equinox.internal.app.EclipseAppHandle.run(EclipseAppHandle.java:203)
	at org.eclipse.core.runtime.internal.adaptor.EclipseAppLauncher.runApplication(EclipseAppLauncher.java:134)
	at org.eclipse.core.runtime.internal.adaptor.EclipseAppLauncher.start(EclipseAppLauncher.java:104)
	at org.eclipse.core.runtime.adaptor.EclipseStarter.run(EclipseStarter.java:401)
	at org.eclipse.core.runtime.adaptor.EclipseStarter.run(EclipseStarter.java:255)
	at java.base/jdk.internal.reflect.NativeMethodAccessorImpl.invoke0(Native Method)
	at java.base/jdk.internal.reflect.NativeMethodAccessorImpl.invoke(NativeMethodAccessorImpl.java:78)
	at java.base/jdk.internal.reflect.DelegatingMethodAccessorImpl.invoke(DelegatingMethodAccessorImpl.java:43)
	at java.base/java.lang.reflect.Method.invoke(Method.java:567)
	at org.eclipse.equinox.launcher.Main.invokeFramework(Main.java:654)
	at org.eclipse.equinox.launcher.Main.basicRun(Main.java:591)
	at org.eclipse.equinox.launcher.Main.run(Main.java:1462)

!ENTRY org.eclipse.jdt.core.manipulation 4 0 2026-07-16 15:35:52.505
!MESSAGE Error in JDT Core during AST creation
!STACK 0
java.lang.IllegalArgumentException
	at org.eclipse.jdt.core.dom.InfixExpression.setOperator(InfixExpression.java:383)
	at org.eclipse.jdt.core.dom.ASTConverter.convert(ASTConverter.java:880)
	at org.eclipse.jdt.core.dom.ASTConverter.convert(ASTConverter.java:2022)
	at org.eclipse.jdt.core.dom.ASTConverter.convertToParenthesizedExpression(ASTConverter.java:3795)
	at org.eclipse.jdt.core.dom.ASTConverter.convert(ASTConverter.java:1943)
	at org.eclipse.jdt.core.dom.ASTConverter.convertToParenthesizedExpression(ASTConverter.java:3795)
	at org.eclipse.jdt.core.dom.ASTConverter.convert(ASTConverter.java:1943)
	at org.eclipse.jdt.core.dom.ASTConverter.convert(ASTConverter.java:1204)
	at org.eclipse.jdt.core.dom.ASTConverter.convert(ASTConverter.java:1974)
	at org.eclipse.jdt.core.dom.ASTConverter.convert(ASTConverter.java:3052)
	at org.eclipse.jdt.core.dom.ASTConverter.convert(ASTConverter.java:751)
	at org.eclipse.jdt.core.dom.ASTConverter.buildBodyDeclarations(ASTConverter.java:208)
	at org.eclipse.jdt.core.dom.ASTConverter.convert(ASTConverter.java:3347)
	at org.eclipse.jdt.core.dom.ASTConverter.convert(ASTConverter.java:1524)
	at org.eclipse.jdt.core.dom.CompilationUnitResolver.convert(CompilationUnitResolver.java:323)
	at org.eclipse.jdt.core.dom.ASTParser.internalCreateAST(ASTParser.java:1231)
	at org.eclipse.jdt.core.dom.ASTParser.createAST(ASTParser.java:820)
	at org.eclipse.jdt.core.manipulation.CoreASTProvider$1.run(CoreASTProvider.java:272)
	at org.eclipse.core.runtime.SafeRunner.run(SafeRunner.java:45)
	at org.eclipse.jdt.core.manipulation.CoreASTProvider.createAST(CoreASTProvider.java:264)
	at org.eclipse.jdt.core.manipulation.CoreASTProvider.getAST(CoreASTProvider.java:197)
	at org.eclipse.jdt.core.manipulation.SharedASTProviderCore.getAST(SharedASTProviderCore.java:138)
	at org.eclipse.jdt.internal.ui.javaeditor.JavaElementHyperlinkDetector.findEnumConstructorTarget(JavaElementHyperlinkDetector.java:299)
	at org.eclipse.jdt.internal.ui.javaeditor.JavaElementHyperlinkDetector.detectHyperlinks(JavaElementHyperlinkDetector.java:115)
	at org.eclipse.ui.texteditor.HyperlinkDetectorRegistry$HyperlinkDetectorDelegate.detectHyperlinks(HyperlinkDetectorRegistry.java:81)
	at org.eclipse.jface.text.hyperlink.HyperlinkManager.findHyperlinks(HyperlinkManager.java:289)
	at org.eclipse.jface.text.hyperlink.HyperlinkManager.findHyperlinks(HyperlinkManager.java:262)
	at org.eclipse.jface.text.hyperlink.HyperlinkManager.mouseMove(HyperlinkManager.java:457)
	at org.eclipse.swt.widgets.TypedListener.handleEvent(TypedListener.java:216)
	at org.eclipse.swt.widgets.EventTable.sendEvent(EventTable.java:89)
	at org.eclipse.swt.widgets.Display.sendEvent(Display.java:4209)
	at org.eclipse.swt.widgets.Widget.sendEvent(Widget.java:1043)
	at org.eclipse.swt.widgets.Display.runDeferredEvents(Display.java:4026)
	at org.eclipse.swt.widgets.Display.readAndDispatch(Display.java:3626)
	at org.eclipse.e4.ui.internal.workbench.swt.PartRenderingEngine$5.run(PartRenderingEngine.java:1157)
	at org.eclipse.core.databinding.observable.Realm.runWithDefault(Realm.java:338)
	at org.eclipse.e4.ui.internal.workbench.swt.PartRenderingEngine.run(PartRenderingEngine.java:1046)
	at org.eclipse.e4.ui.internal.workbench.E4Workbench.createAndRunUI(E4Workbench.java:155)
	at org.eclipse.ui.internal.Workbench.lambda$3(Workbench.java:644)
	at org.eclipse.core.databinding.observable.Realm.runWithDefault(Realm.java:338)
	at org.eclipse.ui.internal.Workbench.createAndRunWorkbench(Workbench.java:551)
	at org.eclipse.ui.PlatformUI.createAndRunWorkbench(PlatformUI.java:156)
	at org.eclipse.ui.internal.ide.application.IDEApplication.start(IDEApplication.java:152)
	at org.eclipse.equinox.internal.app.EclipseAppHandle.run(EclipseAppHandle.java:203)
	at org.eclipse.core.runtime.internal.adaptor.EclipseAppLauncher.runApplication(EclipseAppLauncher.java:134)
	at org.eclipse.core.runtime.internal.adaptor.EclipseAppLauncher.start(EclipseAppLauncher.java:104)
	at org.eclipse.core.runtime.adaptor.EclipseStarter.run(EclipseStarter.java:401)
	at org.eclipse.core.runtime.adaptor.EclipseStarter.run(EclipseStarter.java:255)
	at java.base/jdk.internal.reflect.NativeMethodAccessorImpl.invoke0(Native Method)
	at java.base/jdk.internal.reflect.NativeMethodAccessorImpl.invoke(NativeMethodAccessorImpl.java:78)
	at java.base/jdk.internal.reflect.DelegatingMethodAccessorImpl.invoke(DelegatingMethodAccessorImpl.java:43)
	at java.base/java.lang.reflect.Method.invoke(Method.java:567)
	at org.eclipse.equinox.launcher.Main.invokeFramework(Main.java:654)
	at org.eclipse.equinox.launcher.Main.basicRun(Main.java:591)
	at org.eclipse.equinox.launcher.Main.run(Main.java:1462)

!ENTRY org.eclipse.jdt.core 4 4 2026-07-16 15:35:52.512
!MESSAGE Exception occurred during compilation unit conversion:
----------------------------------- SOURCE BEGIN -------------------------------------
package exam;

/*문]
	2차원 평면에서 직사각형을 나타내는 두점 x,y가 있다.
	직사각형을 구성하는 두점(x1, y1), (x2,y2)를 입력받아 
	(100,100), (200,200)의 두 점으로 이루어진 
	직사격형과 충돌하는지를 판별하는 프로그램을 작성하시오.
	
	아래의 메소드(함수)를 활용하시오
	public static boolean inRect(int x, int y, int rectx1, int recty1, 
	            int rectx2, int recty2) { 
	if((x >= rectx1 && <= recty1) && (y >= rectx2 && <= recty2))
	else
	            
	            }
*/

import java.util.*;
public class IfEX08 {

public static boolean inRect(int x, int y, int rectx1, int recty1, 
            int rectx2, int recty2)  
	
	public static void main(String[] args) {
        Scanner sc = new Scanner(System.in);
        
        // 기준이 되는 고정 직사각형의 두 점 (100,100)과 (200,200)
        int rectx1 = 100, recty1 = 100;
        int rectx2 = 200, recty2 = 200;
        
        // 사용자로부터 입력받을 새로운 직사각형의 두 점 좌표
        System.out.print("첫 번째 점 (x1 y1) 입력: ");
        int x1 = sc.nextInt();
        int y1 = sc.nextInt();
        ((x >= rectx1 && <= rect2)
        
        System.out.print("두 번째 점 (x2 y2) 입력: ");
        
        
        // [2] 두 점 중 하나라도 고정 사각형(100~200) 안에 들어오면 "충돌"로 판별
        if (inRect(x1, y1, rectx1, recty1, rectx2, recty2) || 
            inRect(x2, y2, rectx1, recty1, rectx2, recty2)) {
            System.out.println("직사각형과 충돌합니다.");
        } else {
            System.out.println("직사각형과 충돌하지 않습니다.");
        }
        }}
            



----------------------------------- SOURCE END -------------------------------------
!STACK 0
java.lang.IllegalArgumentException
	at org.eclipse.jdt.core.dom.InfixExpression.setOperator(InfixExpression.java:383)
	at org.eclipse.jdt.core.dom.ASTConverter.convert(ASTConverter.java:880)
	at org.eclipse.jdt.core.dom.ASTConverter.convert(ASTConverter.java:2022)
	at org.eclipse.jdt.core.dom.ASTConverter.convertToParenthesizedExpression(ASTConverter.java:3795)
	at org.eclipse.jdt.core.dom.ASTConverter.convert(ASTConverter.java:1943)
	at org.eclipse.jdt.core.dom.ASTConverter.convertToParenthesizedExpression(ASTConverter.java:3795)
	at org.eclipse.jdt.core.dom.ASTConverter.convert(ASTConverter.java:1943)
	at org.eclipse.jdt.core.dom.ASTConverter.convert(ASTConverter.java:1204)
	at org.eclipse.jdt.core.dom.ASTConverter.convert(ASTConverter.java:1974)
	at org.eclipse.jdt.core.dom.ASTConverter.convert(ASTConverter.java:3052)
	at org.eclipse.jdt.core.dom.ASTConverter.convert(ASTConverter.java:751)
	at org.eclipse.jdt.core.dom.ASTConverter.buildBodyDeclarations(ASTConverter.java:208)
	at org.eclipse.jdt.core.dom.ASTConverter.convert(ASTConverter.java:3347)
	at org.eclipse.jdt.core.dom.ASTConverter.convert(ASTConverter.java:1524)
	at org.eclipse.jdt.core.dom.CompilationUnitResolver.convert(CompilationUnitResolver.java:323)
	at org.eclipse.jdt.core.dom.ASTParser.internalCreateAST(ASTParser.java:1231)
	at org.eclipse.jdt.core.dom.ASTParser.createAST(ASTParser.java:820)
	at org.eclipse.jdt.core.manipulation.CoreASTProvider$1.run(CoreASTProvider.java:272)
	at org.eclipse.core.runtime.SafeRunner.run(SafeRunner.java:45)
	at org.eclipse.jdt.core.manipulation.CoreASTProvider.createAST(CoreASTProvider.java:264)
	at org.eclipse.jdt.core.manipulation.CoreASTProvider.getAST(CoreASTProvider.java:197)
	at org.eclipse.jdt.core.manipulation.SharedASTProviderCore.getAST(SharedASTProviderCore.java:138)
	at org.eclipse.jdt.internal.ui.javaeditor.JavaElementHyperlinkDetector.findEnumConstructorTarget(JavaElementHyperlinkDetector.java:299)
	at org.eclipse.jdt.internal.ui.javaeditor.JavaElementHyperlinkDetector.detectHyperlinks(JavaElementHyperlinkDetector.java:115)
	at org.eclipse.ui.texteditor.HyperlinkDetectorRegistry$HyperlinkDetectorDelegate.detectHyperlinks(HyperlinkDetectorRegistry.java:81)
	at org.eclipse.jface.text.hyperlink.HyperlinkManager.findHyperlinks(HyperlinkManager.java:289)
	at org.eclipse.jface.text.hyperlink.HyperlinkManager.findHyperlinks(HyperlinkManager.java:262)
	at org.eclipse.jface.text.hyperlink.HyperlinkManager.mouseMove(HyperlinkManager.java:457)
	at org.eclipse.swt.widgets.TypedListener.handleEvent(TypedListener.java:216)
	at org.eclipse.swt.widgets.EventTable.sendEvent(EventTable.java:89)
	at org.eclipse.swt.widgets.Display.sendEvent(Display.java:4209)
	at org.eclipse.swt.widgets.Widget.sendEvent(Widget.java:1043)
	at org.eclipse.swt.widgets.Display.runDeferredEvents(Display.java:4026)
	at org.eclipse.swt.widgets.Display.readAndDispatch(Display.java:3626)
	at org.eclipse.e4.ui.internal.workbench.swt.PartRenderingEngine$5.run(PartRenderingEngine.java:1157)
	at org.eclipse.core.databinding.observable.Realm.runWithDefault(Realm.java:338)
	at org.eclipse.e4.ui.internal.workbench.swt.PartRenderingEngine.run(PartRenderingEngine.java:1046)
	at org.eclipse.e4.ui.internal.workbench.E4Workbench.createAndRunUI(E4Workbench.java:155)
	at org.eclipse.ui.internal.Workbench.lambda$3(Workbench.java:644)
	at org.eclipse.core.databinding.observable.Realm.runWithDefault(Realm.java:338)
	at org.eclipse.ui.internal.Workbench.createAndRunWorkbench(Workbench.java:551)
	at org.eclipse.ui.PlatformUI.createAndRunWorkbench(PlatformUI.java:156)
	at org.eclipse.ui.internal.ide.application.IDEApplication.start(IDEApplication.java:152)
	at org.eclipse.equinox.internal.app.EclipseAppHandle.run(EclipseAppHandle.java:203)
	at org.eclipse.core.runtime.internal.adaptor.EclipseAppLauncher.runApplication(EclipseAppLauncher.java:134)
	at org.eclipse.core.runtime.internal.adaptor.EclipseAppLauncher.start(EclipseAppLauncher.java:104)
	at org.eclipse.core.runtime.adaptor.EclipseStarter.run(EclipseStarter.java:401)
	at org.eclipse.core.runtime.adaptor.EclipseStarter.run(EclipseStarter.java:255)
	at java.base/jdk.internal.reflect.NativeMethodAccessorImpl.invoke0(Native Method)
	at java.base/jdk.internal.reflect.NativeMethodAccessorImpl.invoke(NativeMethodAccessorImpl.java:78)
	at java.base/jdk.internal.reflect.DelegatingMethodAccessorImpl.invoke(DelegatingMethodAccessorImpl.java:43)
	at java.base/java.lang.reflect.Method.invoke(Method.java:567)
	at org.eclipse.equinox.launcher.Main.invokeFramework(Main.java:654)
	at org.eclipse.equinox.launcher.Main.basicRun(Main.java:591)
	at org.eclipse.equinox.launcher.Main.run(Main.java:1462)

!ENTRY org.eclipse.jdt.core.manipulation 4 2 2026-07-16 15:35:52.512
!MESSAGE Problems occurred when invoking code from plug-in: "org.eclipse.jdt.core.manipulation".
!STACK 0
java.lang.IllegalArgumentException
	at org.eclipse.jdt.core.dom.InfixExpression.setOperator(InfixExpression.java:383)
	at org.eclipse.jdt.core.dom.ASTConverter.convert(ASTConverter.java:880)
	at org.eclipse.jdt.core.dom.ASTConverter.convert(ASTConverter.java:2022)
	at org.eclipse.jdt.core.dom.ASTConverter.convertToParenthesizedExpression(ASTConverter.java:3795)
	at org.eclipse.jdt.core.dom.ASTConverter.convert(ASTConverter.java:1943)
	at org.eclipse.jdt.core.dom.ASTConverter.convertToParenthesizedExpression(ASTConverter.java:3795)
	at org.eclipse.jdt.core.dom.ASTConverter.convert(ASTConverter.java:1943)
	at org.eclipse.jdt.core.dom.ASTConverter.convert(ASTConverter.java:1204)
	at org.eclipse.jdt.core.dom.ASTConverter.convert(ASTConverter.java:1974)
	at org.eclipse.jdt.core.dom.ASTConverter.convert(ASTConverter.java:3052)
	at org.eclipse.jdt.core.dom.ASTConverter.convert(ASTConverter.java:751)
	at org.eclipse.jdt.core.dom.ASTConverter.buildBodyDeclarations(ASTConverter.java:208)
	at org.eclipse.jdt.core.dom.ASTConverter.convert(ASTConverter.java:3347)
	at org.eclipse.jdt.core.dom.ASTConverter.convert(ASTConverter.java:1524)
	at org.eclipse.jdt.core.dom.CompilationUnitResolver.convert(CompilationUnitResolver.java:323)
	at org.eclipse.jdt.core.dom.ASTParser.internalCreateAST(ASTParser.java:1231)
	at org.eclipse.jdt.core.dom.ASTParser.createAST(ASTParser.java:820)
	at org.eclipse.jdt.core.manipulation.CoreASTProvider$1.run(CoreASTProvider.java:272)
	at org.eclipse.core.runtime.SafeRunner.run(SafeRunner.java:45)
	at org.eclipse.jdt.core.manipulation.CoreASTProvider.createAST(CoreASTProvider.java:264)
	at org.eclipse.jdt.core.manipulation.CoreASTProvider.getAST(CoreASTProvider.java:197)
	at org.eclipse.jdt.core.manipulation.SharedASTProviderCore.getAST(SharedASTProviderCore.java:138)
	at org.eclipse.jdt.internal.ui.javaeditor.JavaElementHyperlinkDetector.findEnumConstructorTarget(JavaElementHyperlinkDetector.java:299)
	at org.eclipse.jdt.internal.ui.javaeditor.JavaElementHyperlinkDetector.detectHyperlinks(JavaElementHyperlinkDetector.java:115)
	at org.eclipse.ui.texteditor.HyperlinkDetectorRegistry$HyperlinkDetectorDelegate.detectHyperlinks(HyperlinkDetectorRegistry.java:81)
	at org.eclipse.jface.text.hyperlink.HyperlinkManager.findHyperlinks(HyperlinkManager.java:289)
	at org.eclipse.jface.text.hyperlink.HyperlinkManager.findHyperlinks(HyperlinkManager.java:262)
	at org.eclipse.jface.text.hyperlink.HyperlinkManager.mouseMove(HyperlinkManager.java:457)
	at org.eclipse.swt.widgets.TypedListener.handleEvent(TypedListener.java:216)
	at org.eclipse.swt.widgets.EventTable.sendEvent(EventTable.java:89)
	at org.eclipse.swt.widgets.Display.sendEvent(Display.java:4209)
	at org.eclipse.swt.widgets.Widget.sendEvent(Widget.java:1043)
	at org.eclipse.swt.widgets.Display.runDeferredEvents(Display.java:4026)
	at org.eclipse.swt.widgets.Display.readAndDispatch(Display.java:3626)
	at org.eclipse.e4.ui.internal.workbench.swt.PartRenderingEngine$5.run(PartRenderingEngine.java:1157)
	at org.eclipse.core.databinding.observable.Realm.runWithDefault(Realm.java:338)
	at org.eclipse.e4.ui.internal.workbench.swt.PartRenderingEngine.run(PartRenderingEngine.java:1046)
	at org.eclipse.e4.ui.internal.workbench.E4Workbench.createAndRunUI(E4Workbench.java:155)
	at org.eclipse.ui.internal.Workbench.lambda$3(Workbench.java:644)
	at org.eclipse.core.databinding.observable.Realm.runWithDefault(Realm.java:338)
	at org.eclipse.ui.internal.Workbench.createAndRunWorkbench(Workbench.java:551)
	at org.eclipse.ui.PlatformUI.createAndRunWorkbench(PlatformUI.java:156)
	at org.eclipse.ui.internal.ide.application.IDEApplication.start(IDEApplication.java:152)
	at org.eclipse.equinox.internal.app.EclipseAppHandle.run(EclipseAppHandle.java:203)
	at org.eclipse.core.runtime.internal.adaptor.EclipseAppLauncher.runApplication(EclipseAppLauncher.java:134)
	at org.eclipse.core.runtime.internal.adaptor.EclipseAppLauncher.start(EclipseAppLauncher.java:104)
	at org.eclipse.core.runtime.adaptor.EclipseStarter.run(EclipseStarter.java:401)
	at org.eclipse.core.runtime.adaptor.EclipseStarter.run(EclipseStarter.java:255)
	at java.base/jdk.internal.reflect.NativeMethodAccessorImpl.invoke0(Native Method)
	at java.base/jdk.internal.reflect.NativeMethodAccessorImpl.invoke(NativeMethodAccessorImpl.java:78)
	at java.base/jdk.internal.reflect.DelegatingMethodAccessorImpl.invoke(DelegatingMethodAccessorImpl.java:43)
	at java.base/java.lang.reflect.Method.invoke(Method.java:567)
	at org.eclipse.equinox.launcher.Main.invokeFramework(Main.java:654)
	at org.eclipse.equinox.launcher.Main.basicRun(Main.java:591)
	at org.eclipse.equinox.launcher.Main.run(Main.java:1462)

!ENTRY org.eclipse.jdt.core.manipulation 4 0 2026-07-16 15:35:52.513
!MESSAGE Error in JDT Core during AST creation
!STACK 0
java.lang.IllegalArgumentException
	at org.eclipse.jdt.core.dom.InfixExpression.setOperator(InfixExpression.java:383)
	at org.eclipse.jdt.core.dom.ASTConverter.convert(ASTConverter.java:880)
	at org.eclipse.jdt.core.dom.ASTConverter.convert(ASTConverter.java:2022)
	at org.eclipse.jdt.core.dom.ASTConverter.convertToParenthesizedExpression(ASTConverter.java:3795)
	at org.eclipse.jdt.core.dom.ASTConverter.convert(ASTConverter.java:1943)
	at org.eclipse.jdt.core.dom.ASTConverter.convertToParenthesizedExpression(ASTConverter.java:3795)
	at org.eclipse.jdt.core.dom.ASTConverter.convert(ASTConverter.java:1943)
	at org.eclipse.jdt.core.dom.ASTConverter.convert(ASTConverter.java:1204)
	at org.eclipse.jdt.core.dom.ASTConverter.convert(ASTConverter.java:1974)
	at org.eclipse.jdt.core.dom.ASTConverter.convert(ASTConverter.java:3052)
	at org.eclipse.jdt.core.dom.ASTConverter.convert(ASTConverter.java:751)
	at org.eclipse.jdt.core.dom.ASTConverter.buildBodyDeclarations(ASTConverter.java:208)
	at org.eclipse.jdt.core.dom.ASTConverter.convert(ASTConverter.java:3347)
	at org.eclipse.jdt.core.dom.ASTConverter.convert(ASTConverter.java:1524)
	at org.eclipse.jdt.core.dom.CompilationUnitResolver.convert(CompilationUnitResolver.java:323)
	at org.eclipse.jdt.core.dom.ASTParser.internalCreateAST(ASTParser.java:1231)
	at org.eclipse.jdt.core.dom.ASTParser.createAST(ASTParser.java:820)
	at org.eclipse.jdt.core.manipulation.CoreASTProvider$1.run(CoreASTProvider.java:272)
	at org.eclipse.core.runtime.SafeRunner.run(SafeRunner.java:45)
	at org.eclipse.jdt.core.manipulation.CoreASTProvider.createAST(CoreASTProvider.java:264)
	at org.eclipse.jdt.core.manipulation.CoreASTProvider.getAST(CoreASTProvider.java:197)
	at org.eclipse.jdt.core.manipulation.SharedASTProviderCore.getAST(SharedASTProviderCore.java:138)
	at org.eclipse.jdt.internal.ui.javaeditor.JavaElementHyperlinkDetector.findEnumConstructorTarget(JavaElementHyperlinkDetector.java:299)
	at org.eclipse.jdt.internal.ui.javaeditor.JavaElementHyperlinkDetector.detectHyperlinks(JavaElementHyperlinkDetector.java:115)
	at org.eclipse.ui.texteditor.HyperlinkDetectorRegistry$HyperlinkDetectorDelegate.detectHyperlinks(HyperlinkDetectorRegistry.java:81)
	at org.eclipse.jface.text.hyperlink.HyperlinkManager.findHyperlinks(HyperlinkManager.java:289)
	at org.eclipse.jface.text.hyperlink.HyperlinkManager.findHyperlinks(HyperlinkManager.java:262)
	at org.eclipse.jface.text.hyperlink.HyperlinkManager.mouseMove(HyperlinkManager.java:457)
	at org.eclipse.swt.widgets.TypedListener.handleEvent(TypedListener.java:216)
	at org.eclipse.swt.widgets.EventTable.sendEvent(EventTable.java:89)
	at org.eclipse.swt.widgets.Display.sendEvent(Display.java:4209)
	at org.eclipse.swt.widgets.Widget.sendEvent(Widget.java:1043)
	at org.eclipse.swt.widgets.Display.runDeferredEvents(Display.java:4026)
	at org.eclipse.swt.widgets.Display.readAndDispatch(Display.java:3626)
	at org.eclipse.e4.ui.internal.workbench.swt.PartRenderingEngine$5.run(PartRenderingEngine.java:1157)
	at org.eclipse.core.databinding.observable.Realm.runWithDefault(Realm.java:338)
	at org.eclipse.e4.ui.internal.workbench.swt.PartRenderingEngine.run(PartRenderingEngine.java:1046)
	at org.eclipse.e4.ui.internal.workbench.E4Workbench.createAndRunUI(E4Workbench.java:155)
	at org.eclipse.ui.internal.Workbench.lambda$3(Workbench.java:644)
	at org.eclipse.core.databinding.observable.Realm.runWithDefault(Realm.java:338)
	at org.eclipse.ui.internal.Workbench.createAndRunWorkbench(Workbench.java:551)
	at org.eclipse.ui.PlatformUI.createAndRunWorkbench(PlatformUI.java:156)
	at org.eclipse.ui.internal.ide.application.IDEApplication.start(IDEApplication.java:152)
	at org.eclipse.equinox.internal.app.EclipseAppHandle.run(EclipseAppHandle.java:203)
	at org.eclipse.core.runtime.internal.adaptor.EclipseAppLauncher.runApplication(EclipseAppLauncher.java:134)
	at org.eclipse.core.runtime.internal.adaptor.EclipseAppLauncher.start(EclipseAppLauncher.java:104)
	at org.eclipse.core.runtime.adaptor.EclipseStarter.run(EclipseStarter.java:401)
	at org.eclipse.core.runtime.adaptor.EclipseStarter.run(EclipseStarter.java:255)
	at java.base/jdk.internal.reflect.NativeMethodAccessorImpl.invoke0(Native Method)
	at java.base/jdk.internal.reflect.NativeMethodAccessorImpl.invoke(NativeMethodAccessorImpl.java:78)
	at java.base/jdk.internal.reflect.DelegatingMethodAccessorImpl.invoke(DelegatingMethodAccessorImpl.java:43)
	at java.base/java.lang.reflect.Method.invoke(Method.java:567)
	at org.eclipse.equinox.launcher.Main.invokeFramework(Main.java:654)
	at org.eclipse.equinox.launcher.Main.basicRun(Main.java:591)
	at org.eclipse.equinox.launcher.Main.run(Main.java:1462)

!ENTRY org.eclipse.jdt.core 4 4 2026-07-16 15:35:52.519
!MESSAGE Exception occurred during compilation unit conversion:
----------------------------------- SOURCE BEGIN -------------------------------------
package exam;

/*문]
	2차원 평면에서 직사각형을 나타내는 두점 x,y가 있다.
	직사각형을 구성하는 두점(x1, y1), (x2,y2)를 입력받아 
	(100,100), (200,200)의 두 점으로 이루어진 
	직사격형과 충돌하는지를 판별하는 프로그램을 작성하시오.
	
	아래의 메소드(함수)를 활용하시오
	public static boolean inRect(int x, int y, int rectx1, int recty1, 
	            int rectx2, int recty2) { 
	if((x >= rectx1 && <= recty1) && (y >= rectx2 && <= recty2))
	else
	            
	            }
*/

import java.util.*;
public class IfEX08 {

public static boolean inRect(int x, int y, int rectx1, int recty1, 
            int rectx2, int recty2)  
	
	public static void main(String[] args) {
        Scanner sc = new Scanner(System.in);
        
        // 기준이 되는 고정 직사각형의 두 점 (100,100)과 (200,200)
        int rectx1 = 100, recty1 = 100;
        int rectx2 = 200, recty2 = 200;
        
        // 사용자로부터 입력받을 새로운 직사각형의 두 점 좌표
        System.out.print("첫 번째 점 (x1 y1) 입력: ");
        int x1 = sc.nextInt();
        int y1 = sc.nextInt();
        ((x >= rectx1 && <= rect2)
        
        System.out.print("두 번째 점 (x2 y2) 입력: ");
        
        
        // [2] 두 점 중 하나라도 고정 사각형(100~200) 안에 들어오면 "충돌"로 판별
        if (inRect(x1, y1, rectx1, recty1, rectx2, recty2) || 
            inRect(x2, y2, rectx1, recty1, rectx2, recty2)) {
            System.out.println("직사각형과 충돌합니다.");
        } else {
            System.out.println("직사각형과 충돌하지 않습니다.");
        }
        }}
            



----------------------------------- SOURCE END -------------------------------------
!STACK 0
java.lang.IllegalArgumentException
	at org.eclipse.jdt.core.dom.InfixExpression.setOperator(InfixExpression.java:383)
	at org.eclipse.jdt.core.dom.ASTConverter.convert(ASTConverter.java:880)
	at org.eclipse.jdt.core.dom.ASTConverter.convert(ASTConverter.java:2022)
	at org.eclipse.jdt.core.dom.ASTConverter.convertToParenthesizedExpression(ASTConverter.java:3795)
	at org.eclipse.jdt.core.dom.ASTConverter.convert(ASTConverter.java:1943)
	at org.eclipse.jdt.core.dom.ASTConverter.convertToParenthesizedExpression(ASTConverter.java:3795)
	at org.eclipse.jdt.core.dom.ASTConverter.convert(ASTConverter.java:1943)
	at org.eclipse.jdt.core.dom.ASTConverter.convert(ASTConverter.java:1204)
	at org.eclipse.jdt.core.dom.ASTConverter.convert(ASTConverter.java:1974)
	at org.eclipse.jdt.core.dom.ASTConverter.convert(ASTConverter.java:3052)
	at org.eclipse.jdt.core.dom.ASTConverter.convert(ASTConverter.java:751)
	at org.eclipse.jdt.core.dom.ASTConverter.buildBodyDeclarations(ASTConverter.java:208)
	at org.eclipse.jdt.core.dom.ASTConverter.convert(ASTConverter.java:3347)
	at org.eclipse.jdt.core.dom.ASTConverter.convert(ASTConverter.java:1524)
	at org.eclipse.jdt.core.dom.CompilationUnitResolver.convert(CompilationUnitResolver.java:323)
	at org.eclipse.jdt.core.dom.ASTParser.internalCreateAST(ASTParser.java:1231)
	at org.eclipse.jdt.core.dom.ASTParser.createAST(ASTParser.java:820)
	at org.eclipse.jdt.core.manipulation.CoreASTProvider$1.run(CoreASTProvider.java:272)
	at org.eclipse.core.runtime.SafeRunner.run(SafeRunner.java:45)
	at org.eclipse.jdt.core.manipulation.CoreASTProvider.createAST(CoreASTProvider.java:264)
	at org.eclipse.jdt.core.manipulation.CoreASTProvider.getAST(CoreASTProvider.java:197)
	at org.eclipse.jdt.core.manipulation.SharedASTProviderCore.getAST(SharedASTProviderCore.java:138)
	at org.eclipse.jdt.internal.ui.javaeditor.JavaElementHyperlinkDetector.findEnumConstructorTarget(JavaElementHyperlinkDetector.java:299)
	at org.eclipse.jdt.internal.ui.javaeditor.JavaElementHyperlinkDetector.detectHyperlinks(JavaElementHyperlinkDetector.java:115)
	at org.eclipse.ui.texteditor.HyperlinkDetectorRegistry$HyperlinkDetectorDelegate.detectHyperlinks(HyperlinkDetectorRegistry.java:81)
	at org.eclipse.jface.text.hyperlink.HyperlinkManager.findHyperlinks(HyperlinkManager.java:289)
	at org.eclipse.jface.text.hyperlink.HyperlinkManager.findHyperlinks(HyperlinkManager.java:262)
	at org.eclipse.jface.text.hyperlink.HyperlinkManager.mouseMove(HyperlinkManager.java:457)
	at org.eclipse.swt.widgets.TypedListener.handleEvent(TypedListener.java:216)
	at org.eclipse.swt.widgets.EventTable.sendEvent(EventTable.java:89)
	at org.eclipse.swt.widgets.Display.sendEvent(Display.java:4209)
	at org.eclipse.swt.widgets.Widget.sendEvent(Widget.java:1043)
	at org.eclipse.swt.widgets.Display.runDeferredEvents(Display.java:4026)
	at org.eclipse.swt.widgets.Display.readAndDispatch(Display.java:3626)
	at org.eclipse.e4.ui.internal.workbench.swt.PartRenderingEngine$5.run(PartRenderingEngine.java:1157)
	at org.eclipse.core.databinding.observable.Realm.runWithDefault(Realm.java:338)
	at org.eclipse.e4.ui.internal.workbench.swt.PartRenderingEngine.run(PartRenderingEngine.java:1046)
	at org.eclipse.e4.ui.internal.workbench.E4Workbench.createAndRunUI(E4Workbench.java:155)
	at org.eclipse.ui.internal.Workbench.lambda$3(Workbench.java:644)
	at org.eclipse.core.databinding.observable.Realm.runWithDefault(Realm.java:338)
	at org.eclipse.ui.internal.Workbench.createAndRunWorkbench(Workbench.java:551)
	at org.eclipse.ui.PlatformUI.createAndRunWorkbench(PlatformUI.java:156)
	at org.eclipse.ui.internal.ide.application.IDEApplication.start(IDEApplication.java:152)
	at org.eclipse.equinox.internal.app.EclipseAppHandle.run(EclipseAppHandle.java:203)
	at org.eclipse.core.runtime.internal.adaptor.EclipseAppLauncher.runApplication(EclipseAppLauncher.java:134)
	at org.eclipse.core.runtime.internal.adaptor.EclipseAppLauncher.start(EclipseAppLauncher.java:104)
	at org.eclipse.core.runtime.adaptor.EclipseStarter.run(EclipseStarter.java:401)
	at org.eclipse.core.runtime.adaptor.EclipseStarter.run(EclipseStarter.java:255)
	at java.base/jdk.internal.reflect.NativeMethodAccessorImpl.invoke0(Native Method)
	at java.base/jdk.internal.reflect.NativeMethodAccessorImpl.invoke(NativeMethodAccessorImpl.java:78)
	at java.base/jdk.internal.reflect.DelegatingMethodAccessorImpl.invoke(DelegatingMethodAccessorImpl.java:43)
	at java.base/java.lang.reflect.Method.invoke(Method.java:567)
	at org.eclipse.equinox.launcher.Main.invokeFramework(Main.java:654)
	at org.eclipse.equinox.launcher.Main.basicRun(Main.java:591)
	at org.eclipse.equinox.launcher.Main.run(Main.java:1462)

!ENTRY org.eclipse.jdt.core.manipulation 4 2 2026-07-16 15:35:52.520
!MESSAGE Problems occurred when invoking code from plug-in: "org.eclipse.jdt.core.manipulation".
!STACK 0
java.lang.IllegalArgumentException
	at org.eclipse.jdt.core.dom.InfixExpression.setOperator(InfixExpression.java:383)
	at org.eclipse.jdt.core.dom.ASTConverter.convert(ASTConverter.java:880)
	at org.eclipse.jdt.core.dom.ASTConverter.convert(ASTConverter.java:2022)
	at org.eclipse.jdt.core.dom.ASTConverter.convertToParenthesizedExpression(ASTConverter.java:3795)
	at org.eclipse.jdt.core.dom.ASTConverter.convert(ASTConverter.java:1943)
	at org.eclipse.jdt.core.dom.ASTConverter.convertToParenthesizedExpression(ASTConverter.java:3795)
	at org.eclipse.jdt.core.dom.ASTConverter.convert(ASTConverter.java:1943)
	at org.eclipse.jdt.core.dom.ASTConverter.convert(ASTConverter.java:1204)
	at org.eclipse.jdt.core.dom.ASTConverter.convert(ASTConverter.java:1974)
	at org.eclipse.jdt.core.dom.ASTConverter.convert(ASTConverter.java:3052)
	at org.eclipse.jdt.core.dom.ASTConverter.convert(ASTConverter.java:751)
	at org.eclipse.jdt.core.dom.ASTConverter.buildBodyDeclarations(ASTConverter.java:208)
	at org.eclipse.jdt.core.dom.ASTConverter.convert(ASTConverter.java:3347)
	at org.eclipse.jdt.core.dom.ASTConverter.convert(ASTConverter.java:1524)
	at org.eclipse.jdt.core.dom.CompilationUnitResolver.convert(CompilationUnitResolver.java:323)
	at org.eclipse.jdt.core.dom.ASTParser.internalCreateAST(ASTParser.java:1231)
	at org.eclipse.jdt.core.dom.ASTParser.createAST(ASTParser.java:820)
	at org.eclipse.jdt.core.manipulation.CoreASTProvider$1.run(CoreASTProvider.java:272)
	at org.eclipse.core.runtime.SafeRunner.run(SafeRunner.java:45)
	at org.eclipse.jdt.core.manipulation.CoreASTProvider.createAST(CoreASTProvider.java:264)
	at org.eclipse.jdt.core.manipulation.CoreASTProvider.getAST(CoreASTProvider.java:197)
	at org.eclipse.jdt.core.manipulation.SharedASTProviderCore.getAST(SharedASTProviderCore.java:138)
	at org.eclipse.jdt.internal.ui.javaeditor.JavaElementHyperlinkDetector.findEnumConstructorTarget(JavaElementHyperlinkDetector.java:299)
	at org.eclipse.jdt.internal.ui.javaeditor.JavaElementHyperlinkDetector.detectHyperlinks(JavaElementHyperlinkDetector.java:115)
	at org.eclipse.ui.texteditor.HyperlinkDetectorRegistry$HyperlinkDetectorDelegate.detectHyperlinks(HyperlinkDetectorRegistry.java:81)
	at org.eclipse.jface.text.hyperlink.HyperlinkManager.findHyperlinks(HyperlinkManager.java:289)
	at org.eclipse.jface.text.hyperlink.HyperlinkManager.findHyperlinks(HyperlinkManager.java:262)
	at org.eclipse.jface.text.hyperlink.HyperlinkManager.mouseMove(HyperlinkManager.java:457)
	at org.eclipse.swt.widgets.TypedListener.handleEvent(TypedListener.java:216)
	at org.eclipse.swt.widgets.EventTable.sendEvent(EventTable.java:89)
	at org.eclipse.swt.widgets.Display.sendEvent(Display.java:4209)
	at org.eclipse.swt.widgets.Widget.sendEvent(Widget.java:1043)
	at org.eclipse.swt.widgets.Display.runDeferredEvents(Display.java:4026)
	at org.eclipse.swt.widgets.Display.readAndDispatch(Display.java:3626)
	at org.eclipse.e4.ui.internal.workbench.swt.PartRenderingEngine$5.run(PartRenderingEngine.java:1157)
	at org.eclipse.core.databinding.observable.Realm.runWithDefault(Realm.java:338)
	at org.eclipse.e4.ui.internal.workbench.swt.PartRenderingEngine.run(PartRenderingEngine.java:1046)
	at org.eclipse.e4.ui.internal.workbench.E4Workbench.createAndRunUI(E4Workbench.java:155)
	at org.eclipse.ui.internal.Workbench.lambda$3(Workbench.java:644)
	at org.eclipse.core.databinding.observable.Realm.runWithDefault(Realm.java:338)
	at org.eclipse.ui.internal.Workbench.createAndRunWorkbench(Workbench.java:551)
	at org.eclipse.ui.PlatformUI.createAndRunWorkbench(PlatformUI.java:156)
	at org.eclipse.ui.internal.ide.application.IDEApplication.start(IDEApplication.java:152)
	at org.eclipse.equinox.internal.app.EclipseAppHandle.run(EclipseAppHandle.java:203)
	at org.eclipse.core.runtime.internal.adaptor.EclipseAppLauncher.runApplication(EclipseAppLauncher.java:134)
	at org.eclipse.core.runtime.internal.adaptor.EclipseAppLauncher.start(EclipseAppLauncher.java:104)
	at org.eclipse.core.runtime.adaptor.EclipseStarter.run(EclipseStarter.java:401)
	at org.eclipse.core.runtime.adaptor.EclipseStarter.run(EclipseStarter.java:255)
	at java.base/jdk.internal.reflect.NativeMethodAccessorImpl.invoke0(Native Method)
	at java.base/jdk.internal.reflect.NativeMethodAccessorImpl.invoke(NativeMethodAccessorImpl.java:78)
	at java.base/jdk.internal.reflect.DelegatingMethodAccessorImpl.invoke(DelegatingMethodAccessorImpl.java:43)
	at java.base/java.lang.reflect.Method.invoke(Method.java:567)
	at org.eclipse.equinox.launcher.Main.invokeFramework(Main.java:654)
	at org.eclipse.equinox.launcher.Main.basicRun(Main.java:591)
	at org.eclipse.equinox.launcher.Main.run(Main.java:1462)

!ENTRY org.eclipse.jdt.core.manipulation 4 0 2026-07-16 15:35:52.521
!MESSAGE Error in JDT Core during AST creation
!STACK 0
java.lang.IllegalArgumentException
	at org.eclipse.jdt.core.dom.InfixExpression.setOperator(InfixExpression.java:383)
	at org.eclipse.jdt.core.dom.ASTConverter.convert(ASTConverter.java:880)
	at org.eclipse.jdt.core.dom.ASTConverter.convert(ASTConverter.java:2022)
	at org.eclipse.jdt.core.dom.ASTConverter.convertToParenthesizedExpression(ASTConverter.java:3795)
	at org.eclipse.jdt.core.dom.ASTConverter.convert(ASTConverter.java:1943)
	at org.eclipse.jdt.core.dom.ASTConverter.convertToParenthesizedExpression(ASTConverter.java:3795)
	at org.eclipse.jdt.core.dom.ASTConverter.convert(ASTConverter.java:1943)
	at org.eclipse.jdt.core.dom.ASTConverter.convert(ASTConverter.java:1204)
	at org.eclipse.jdt.core.dom.ASTConverter.convert(ASTConverter.java:1974)
	at org.eclipse.jdt.core.dom.ASTConverter.convert(ASTConverter.java:3052)
	at org.eclipse.jdt.core.dom.ASTConverter.convert(ASTConverter.java:751)
	at org.eclipse.jdt.core.dom.ASTConverter.buildBodyDeclarations(ASTConverter.java:208)
	at org.eclipse.jdt.core.dom.ASTConverter.convert(ASTConverter.java:3347)
	at org.eclipse.jdt.core.dom.ASTConverter.convert(ASTConverter.java:1524)
	at org.eclipse.jdt.core.dom.CompilationUnitResolver.convert(CompilationUnitResolver.java:323)
	at org.eclipse.jdt.core.dom.ASTParser.internalCreateAST(ASTParser.java:1231)
	at org.eclipse.jdt.core.dom.ASTParser.createAST(ASTParser.java:820)
	at org.eclipse.jdt.core.manipulation.CoreASTProvider$1.run(CoreASTProvider.java:272)
	at org.eclipse.core.runtime.SafeRunner.run(SafeRunner.java:45)
	at org.eclipse.jdt.core.manipulation.CoreASTProvider.createAST(CoreASTProvider.java:264)
	at org.eclipse.jdt.core.manipulation.CoreASTProvider.getAST(CoreASTProvider.java:197)
	at org.eclipse.jdt.core.manipulation.SharedASTProviderCore.getAST(SharedASTProviderCore.java:138)
	at org.eclipse.jdt.internal.ui.javaeditor.JavaElementHyperlinkDetector.findEnumConstructorTarget(JavaElementHyperlinkDetector.java:299)
	at org.eclipse.jdt.internal.ui.javaeditor.JavaElementHyperlinkDetector.detectHyperlinks(JavaElementHyperlinkDetector.java:115)
	at org.eclipse.ui.texteditor.HyperlinkDetectorRegistry$HyperlinkDetectorDelegate.detectHyperlinks(HyperlinkDetectorRegistry.java:81)
	at org.eclipse.jface.text.hyperlink.HyperlinkManager.findHyperlinks(HyperlinkManager.java:289)
	at org.eclipse.jface.text.hyperlink.HyperlinkManager.findHyperlinks(HyperlinkManager.java:262)
	at org.eclipse.jface.text.hyperlink.HyperlinkManager.mouseMove(HyperlinkManager.java:457)
	at org.eclipse.swt.widgets.TypedListener.handleEvent(TypedListener.java:216)
	at org.eclipse.swt.widgets.EventTable.sendEvent(EventTable.java:89)
	at org.eclipse.swt.widgets.Display.sendEvent(Display.java:4209)
	at org.eclipse.swt.widgets.Widget.sendEvent(Widget.java:1043)
	at org.eclipse.swt.widgets.Display.runDeferredEvents(Display.java:4026)
	at org.eclipse.swt.widgets.Display.readAndDispatch(Display.java:3626)
	at org.eclipse.e4.ui.internal.workbench.swt.PartRenderingEngine$5.run(PartRenderingEngine.java:1157)
	at org.eclipse.core.databinding.observable.Realm.runWithDefault(Realm.java:338)
	at org.eclipse.e4.ui.internal.workbench.swt.PartRenderingEngine.run(PartRenderingEngine.java:1046)
	at org.eclipse.e4.ui.internal.workbench.E4Workbench.createAndRunUI(E4Workbench.java:155)
	at org.eclipse.ui.internal.Workbench.lambda$3(Workbench.java:644)
	at org.eclipse.core.databinding.observable.Realm.runWithDefault(Realm.java:338)
	at org.eclipse.ui.internal.Workbench.createAndRunWorkbench(Workbench.java:551)
	at org.eclipse.ui.PlatformUI.createAndRunWorkbench(PlatformUI.java:156)
	at org.eclipse.ui.internal.ide.application.IDEApplication.start(IDEApplication.java:152)
	at org.eclipse.equinox.internal.app.EclipseAppHandle.run(EclipseAppHandle.java:203)
	at org.eclipse.core.runtime.internal.adaptor.EclipseAppLauncher.runApplication(EclipseAppLauncher.java:134)
	at org.eclipse.core.runtime.internal.adaptor.EclipseAppLauncher.start(EclipseAppLauncher.java:104)
	at org.eclipse.core.runtime.adaptor.EclipseStarter.run(EclipseStarter.java:401)
	at org.eclipse.core.runtime.adaptor.EclipseStarter.run(EclipseStarter.java:255)
	at java.base/jdk.internal.reflect.NativeMethodAccessorImpl.invoke0(Native Method)
	at java.base/jdk.internal.reflect.NativeMethodAccessorImpl.invoke(NativeMethodAccessorImpl.java:78)
	at java.base/jdk.internal.reflect.DelegatingMethodAccessorImpl.invoke(DelegatingMethodAccessorImpl.java:43)
	at java.base/java.lang.reflect.Method.invoke(Method.java:567)
	at org.eclipse.equinox.launcher.Main.invokeFramework(Main.java:654)
	at org.eclipse.equinox.launcher.Main.basicRun(Main.java:591)
	at org.eclipse.equinox.launcher.Main.run(Main.java:1462)

!ENTRY org.eclipse.jdt.core 4 4 2026-07-16 19:09:31.219
!MESSAGE Exception occurred during compilation unit conversion:
----------------------------------- SOURCE BEGIN -------------------------------------
package practice;

public class ex4 {

	public static void main(String[] args) {
          
		/*int(정수형: 정수) 변수끼리 연산하면 int 값이, 
		 * float(실수형: 소수점) 변수끼리 연산하면 float 값이 나옵니다.
		 * 
		 * 하지만 서로 다른 데이터 타입의 변수로 산술 연산을 하면 두 데이터 타입 중 나타낼 수 있는 
		 * 데이터의 범위가 큰 타입으로 값이 나옵니다.
		 * 즉, int 변수와 float 변수끼리 연산하면 float 값이 나옵니다
		 */
		
		System.out.println("7/2=" + 7/2);
		
		System.out.println("7/2.0=" + 7/2.0);

		System.out.println("7.0/2=" + 7.0/2);

		System.out.println("7.0/2.0=" + 7.0/2.0);

		
		System.out.println((float)7/2);
		// float 형으로 변환된 7을 2로 나눈 값
		System.out.println(7/(float)2);
		// 7을 float 형으로 변환된 2로 나눈 값
		System.out.println((float)(7/2));
		// 7을 2로 나눈 값을 float 형으로 변환
		
		System.out.println("3+2*8-4=" + (3+2*8-4));
		0//3+2×8-4=15”를 시스템 콘솔에 출력
		System.out.println("(3+2)*(8-4)=" + (3+2)*(8-4));
		“(3+2)×(8-4)=20”를 시스템 콘솔에 출력 
		System.out.println("3<<2=" + (3<<2));
		“3<<2=12”를 시스템 콘솔에 출력
		System.out.println("8>>3=" + (8>>
		
		
		
	}

}

----------------------------------- SOURCE END -------------------------------------
!STACK 0
java.lang.IllegalArgumentException
	at org.eclipse.jdt.core.dom.InfixExpression.setOperator(InfixExpression.java:383)
	at org.eclipse.jdt.core.dom.ASTConverter.convert(ASTConverter.java:1287)
	at org.eclipse.jdt.core.dom.ASTConverter.convert(ASTConverter.java:2031)
	at org.eclipse.jdt.core.dom.ASTConverter.convertToParenthesizedExpression(ASTConverter.java:3795)
	at org.eclipse.jdt.core.dom.ASTConverter.convert(ASTConverter.java:1943)
	at org.eclipse.jdt.core.dom.ASTConverter.convert(ASTConverter.java:1204)
	at org.eclipse.jdt.core.dom.ASTConverter.convert(ASTConverter.java:1974)
	at org.eclipse.jdt.core.dom.ASTConverter.convert(ASTConverter.java:3052)
	at org.eclipse.jdt.core.dom.ASTConverter.convert(ASTConverter.java:751)
	at org.eclipse.jdt.core.dom.ASTConverter.buildBodyDeclarations(ASTConverter.java:208)
	at org.eclipse.jdt.core.dom.ASTConverter.convert(ASTConverter.java:3347)
	at org.eclipse.jdt.core.dom.ASTConverter.convert(ASTConverter.java:1524)
	at org.eclipse.jdt.core.dom.AST.convertCompilationUnit(AST.java:494)
	at org.eclipse.jdt.internal.core.CompilationUnit.buildStructure(CompilationUnit.java:201)
	at org.eclipse.jdt.internal.core.Openable.generateInfos(Openable.java:266)
	at org.eclipse.jdt.internal.core.JavaElement.openWhenClosed(JavaElement.java:597)
	at org.eclipse.jdt.internal.core.CompilationUnit.makeConsistent(CompilationUnit.java:1142)
	at org.eclipse.jdt.internal.core.ReconcileWorkingCopyOperation.makeConsistent(ReconcileWorkingCopyOperation.java:173)
	at org.eclipse.jdt.internal.core.ReconcileWorkingCopyOperation.executeOperation(ReconcileWorkingCopyOperation.java:94)
	at org.eclipse.jdt.internal.core.JavaModelOperation.run(JavaModelOperation.java:740)
	at org.eclipse.jdt.internal.core.JavaModelOperation.runOperation(JavaModelOperation.java:806)
	at org.eclipse.jdt.internal.core.CompilationUnit.reconcile(CompilationUnit.java:1319)
	at org.eclipse.jdt.internal.ui.text.java.JavaReconcilingStrategy.reconcile(JavaReconcilingStrategy.java:131)
	at org.eclipse.jdt.internal.ui.text.java.JavaReconcilingStrategy.access$0(JavaReconcilingStrategy.java:113)
	at org.eclipse.jdt.internal.ui.text.java.JavaReconcilingStrategy$1.run(JavaReconcilingStrategy.java:93)
	at org.eclipse.core.runtime.SafeRunner.run(SafeRunner.java:45)
	at org.eclipse.jdt.internal.ui.text.java.JavaReconcilingStrategy.reconcile(JavaReconcilingStrategy.java:90)
	at org.eclipse.jdt.internal.ui.text.java.JavaReconcilingStrategy.reconcile(JavaReconcilingStrategy.java:157)
	at org.eclipse.jdt.internal.ui.text.CompositeReconcilingStrategy.reconcile(CompositeReconcilingStrategy.java:94)
	at org.eclipse.jdt.internal.ui.text.JavaCompositeReconcilingStrategy.reconcile(JavaCompositeReconcilingStrategy.java:107)
	at org.eclipse.jface.text.reconciler.MonoReconciler.process(MonoReconciler.java:76)
	at org.eclipse.jface.text.reconciler.AbstractReconciler$BackgroundThread.run(AbstractReconciler.java:210)

!ENTRY org.eclipse.jdt.ui 4 2 2026-07-16 19:09:31.220
!MESSAGE Problems occurred when invoking code from plug-in: "org.eclipse.jdt.ui".
!STACK 0
java.lang.IllegalArgumentException
	at org.eclipse.jdt.core.dom.InfixExpression.setOperator(InfixExpression.java:383)
	at org.eclipse.jdt.core.dom.ASTConverter.convert(ASTConverter.java:1287)
	at org.eclipse.jdt.core.dom.ASTConverter.convert(ASTConverter.java:2031)
	at org.eclipse.jdt.core.dom.ASTConverter.convertToParenthesizedExpression(ASTConverter.java:3795)
	at org.eclipse.jdt.core.dom.ASTConverter.convert(ASTConverter.java:1943)
	at org.eclipse.jdt.core.dom.ASTConverter.convert(ASTConverter.java:1204)
	at org.eclipse.jdt.core.dom.ASTConverter.convert(ASTConverter.java:1974)
	at org.eclipse.jdt.core.dom.ASTConverter.convert(ASTConverter.java:3052)
	at org.eclipse.jdt.core.dom.ASTConverter.convert(ASTConverter.java:751)
	at org.eclipse.jdt.core.dom.ASTConverter.buildBodyDeclarations(ASTConverter.java:208)
	at org.eclipse.jdt.core.dom.ASTConverter.convert(ASTConverter.java:3347)
	at org.eclipse.jdt.core.dom.ASTConverter.convert(ASTConverter.java:1524)
	at org.eclipse.jdt.core.dom.AST.convertCompilationUnit(AST.java:494)
	at org.eclipse.jdt.internal.core.CompilationUnit.buildStructure(CompilationUnit.java:201)
	at org.eclipse.jdt.internal.core.Openable.generateInfos(Openable.java:266)
	at org.eclipse.jdt.internal.core.JavaElement.openWhenClosed(JavaElement.java:597)
	at org.eclipse.jdt.internal.core.CompilationUnit.makeConsistent(CompilationUnit.java:1142)
	at org.eclipse.jdt.internal.core.ReconcileWorkingCopyOperation.makeConsistent(ReconcileWorkingCopyOperation.java:173)
	at org.eclipse.jdt.internal.core.ReconcileWorkingCopyOperation.executeOperation(ReconcileWorkingCopyOperation.java:94)
	at org.eclipse.jdt.internal.core.JavaModelOperation.run(JavaModelOperation.java:740)
	at org.eclipse.jdt.internal.core.JavaModelOperation.runOperation(JavaModelOperation.java:806)
	at org.eclipse.jdt.internal.core.CompilationUnit.reconcile(CompilationUnit.java:1319)
	at org.eclipse.jdt.internal.ui.text.java.JavaReconcilingStrategy.reconcile(JavaReconcilingStrategy.java:131)
	at org.eclipse.jdt.internal.ui.text.java.JavaReconcilingStrategy.access$0(JavaReconcilingStrategy.java:113)
	at org.eclipse.jdt.internal.ui.text.java.JavaReconcilingStrategy$1.run(JavaReconcilingStrategy.java:93)
	at org.eclipse.core.runtime.SafeRunner.run(SafeRunner.java:45)
	at org.eclipse.jdt.internal.ui.text.java.JavaReconcilingStrategy.reconcile(JavaReconcilingStrategy.java:90)
	at org.eclipse.jdt.internal.ui.text.java.JavaReconcilingStrategy.reconcile(JavaReconcilingStrategy.java:157)
	at org.eclipse.jdt.internal.ui.text.CompositeReconcilingStrategy.reconcile(CompositeReconcilingStrategy.java:94)
	at org.eclipse.jdt.internal.ui.text.JavaCompositeReconcilingStrategy.reconcile(JavaCompositeReconcilingStrategy.java:107)
	at org.eclipse.jface.text.reconciler.MonoReconciler.process(MonoReconciler.java:76)
	at org.eclipse.jface.text.reconciler.AbstractReconciler$BackgroundThread.run(AbstractReconciler.java:210)

!ENTRY org.eclipse.jdt.ui 4 0 2026-07-16 19:09:31.220
!MESSAGE Error in JDT Core during reconcile
!STACK 0
java.lang.IllegalArgumentException
	at org.eclipse.jdt.core.dom.InfixExpression.setOperator(InfixExpression.java:383)
	at org.eclipse.jdt.core.dom.ASTConverter.convert(ASTConverter.java:1287)
	at org.eclipse.jdt.core.dom.ASTConverter.convert(ASTConverter.java:2031)
	at org.eclipse.jdt.core.dom.ASTConverter.convertToParenthesizedExpression(ASTConverter.java:3795)
	at org.eclipse.jdt.core.dom.ASTConverter.convert(ASTConverter.java:1943)
	at org.eclipse.jdt.core.dom.ASTConverter.convert(ASTConverter.java:1204)
	at org.eclipse.jdt.core.dom.ASTConverter.convert(ASTConverter.java:1974)
	at org.eclipse.jdt.core.dom.ASTConverter.convert(ASTConverter.java:3052)
	at org.eclipse.jdt.core.dom.ASTConverter.convert(ASTConverter.java:751)
	at org.eclipse.jdt.core.dom.ASTConverter.buildBodyDeclarations(ASTConverter.java:208)
	at org.eclipse.jdt.core.dom.ASTConverter.convert(ASTConverter.java:3347)
	at org.eclipse.jdt.core.dom.ASTConverter.convert(ASTConverter.java:1524)
	at org.eclipse.jdt.core.dom.AST.convertCompilationUnit(AST.java:494)
	at org.eclipse.jdt.internal.core.CompilationUnit.buildStructure(CompilationUnit.java:201)
	at org.eclipse.jdt.internal.core.Openable.generateInfos(Openable.java:266)
	at org.eclipse.jdt.internal.core.JavaElement.openWhenClosed(JavaElement.java:597)
	at org.eclipse.jdt.internal.core.CompilationUnit.makeConsistent(CompilationUnit.java:1142)
	at org.eclipse.jdt.internal.core.ReconcileWorkingCopyOperation.makeConsistent(ReconcileWorkingCopyOperation.java:173)
	at org.eclipse.jdt.internal.core.ReconcileWorkingCopyOperation.executeOperation(ReconcileWorkingCopyOperation.java:94)
	at org.eclipse.jdt.internal.core.JavaModelOperation.run(JavaModelOperation.java:740)
	at org.eclipse.jdt.internal.core.JavaModelOperation.runOperation(JavaModelOperation.java:806)
	at org.eclipse.jdt.internal.core.CompilationUnit.reconcile(CompilationUnit.java:1319)
	at org.eclipse.jdt.internal.ui.text.java.JavaReconcilingStrategy.reconcile(JavaReconcilingStrategy.java:131)
	at org.eclipse.jdt.internal.ui.text.java.JavaReconcilingStrategy.access$0(JavaReconcilingStrategy.java:113)
	at org.eclipse.jdt.internal.ui.text.java.JavaReconcilingStrategy$1.run(JavaReconcilingStrategy.java:93)
	at org.eclipse.core.runtime.SafeRunner.run(SafeRunner.java:45)
	at org.eclipse.jdt.internal.ui.text.java.JavaReconcilingStrategy.reconcile(JavaReconcilingStrategy.java:90)
	at org.eclipse.jdt.internal.ui.text.java.JavaReconcilingStrategy.reconcile(JavaReconcilingStrategy.java:157)
	at org.eclipse.jdt.internal.ui.text.CompositeReconcilingStrategy.reconcile(CompositeReconcilingStrategy.java:94)
	at org.eclipse.jdt.internal.ui.text.JavaCompositeReconcilingStrategy.reconcile(JavaCompositeReconcilingStrategy.java:107)
	at org.eclipse.jface.text.reconciler.MonoReconciler.process(MonoReconciler.java:76)
	at org.eclipse.jface.text.reconciler.AbstractReconciler$BackgroundThread.run(AbstractReconciler.java:210)

!ENTRY org.eclipse.jdt.core 4 4 2026-07-16 19:09:31.225
!MESSAGE Exception occurred during compilation unit conversion:
----------------------------------- SOURCE BEGIN -------------------------------------
package practice;

public class ex4 {

	public static void main(String[] args) {
          
		/*int(정수형: 정수) 변수끼리 연산하면 int 값이, 
		 * float(실수형: 소수점) 변수끼리 연산하면 float 값이 나옵니다.
		 * 
		 * 하지만 서로 다른 데이터 타입의 변수로 산술 연산을 하면 두 데이터 타입 중 나타낼 수 있는 
		 * 데이터의 범위가 큰 타입으로 값이 나옵니다.
		 * 즉, int 변수와 float 변수끼리 연산하면 float 값이 나옵니다
		 */
		
		System.out.println("7/2=" + 7/2);
		
		System.out.println("7/2.0=" + 7/2.0);

		System.out.println("7.0/2=" + 7.0/2);

		System.out.println("7.0/2.0=" + 7.0/2.0);

		
		System.out.println((float)7/2);
		// float 형으로 변환된 7을 2로 나눈 값
		System.out.println(7/(float)2);
		// 7을 float 형으로 변환된 2로 나눈 값
		System.out.println((float)(7/2));
		// 7을 2로 나눈 값을 float 형으로 변환
		
		System.out.println("3+2*8-4=" + (3+2*8-4));
		0//3+2×8-4=15”를 시스템 콘솔에 출력
		System.out.println("(3+2)*(8-4)=" + (3+2)*(8-4));
		“(3+2)×(8-4)=20”를 시스템 콘솔에 출력 
		System.out.println("3<<2=" + (3<<2));
		“3<<2=12”를 시스템 콘솔에 출력
		System.out.println("8>>3=" + (8>>
		
		
		
	}

}

----------------------------------- SOURCE END -------------------------------------
!STACK 0
java.lang.IllegalArgumentException
	at org.eclipse.jdt.core.dom.InfixExpression.setOperator(InfixExpression.java:383)
	at org.eclipse.jdt.core.dom.ASTConverter.convert(ASTConverter.java:1287)
	at org.eclipse.jdt.core.dom.ASTConverter.convert(ASTConverter.java:2031)
	at org.eclipse.jdt.core.dom.ASTConverter.convertToParenthesizedExpression(ASTConverter.java:3795)
	at org.eclipse.jdt.core.dom.ASTConverter.convert(ASTConverter.java:1943)
	at org.eclipse.jdt.core.dom.ASTConverter.convert(ASTConverter.java:1204)
	at org.eclipse.jdt.core.dom.ASTConverter.convert(ASTConverter.java:1974)
	at org.eclipse.jdt.core.dom.ASTConverter.convert(ASTConverter.java:3052)
	at org.eclipse.jdt.core.dom.ASTConverter.convert(ASTConverter.java:751)
	at org.eclipse.jdt.core.dom.ASTConverter.buildBodyDeclarations(ASTConverter.java:208)
	at org.eclipse.jdt.core.dom.ASTConverter.convert(ASTConverter.java:3347)
	at org.eclipse.jdt.core.dom.ASTConverter.convert(ASTConverter.java:1524)
	at org.eclipse.jdt.core.dom.CompilationUnitResolver.convert(CompilationUnitResolver.java:323)
	at org.eclipse.jdt.core.dom.ASTParser.internalCreateAST(ASTParser.java:1231)
	at org.eclipse.jdt.core.dom.ASTParser.createAST(ASTParser.java:820)
	at org.eclipse.jdt.core.manipulation.CoreASTProvider$1.run(CoreASTProvider.java:272)
	at org.eclipse.core.runtime.SafeRunner.run(SafeRunner.java:45)
	at org.eclipse.jdt.core.manipulation.CoreASTProvider.createAST(CoreASTProvider.java:264)
	at org.eclipse.jdt.core.manipulation.CoreASTProvider.getAST(CoreASTProvider.java:197)
	at org.eclipse.jdt.core.manipulation.CoreASTProvider.getAST(CoreASTProvider.java:187)
	at org.eclipse.jdt.core.manipulation.SharedASTProviderCore.getAST(SharedASTProviderCore.java:138)
	at org.eclipse.jdt.internal.ui.viewsupport.SelectionListenerWithASTManager$PartListenerGroup.calculateASTandInform(SelectionListenerWithASTManager.java:166)
	at org.eclipse.jdt.internal.ui.viewsupport.SelectionListenerWithASTManager$PartListenerGroup$1.run(SelectionListenerWithASTManager.java:151)
	at org.eclipse.core.internal.jobs.Worker.run(Worker.java:63)

!ENTRY org.eclipse.jdt.core.manipulation 4 2 2026-07-16 19:09:31.225
!MESSAGE Problems occurred when invoking code from plug-in: "org.eclipse.jdt.core.manipulation".
!STACK 0
java.lang.IllegalArgumentException
	at org.eclipse.jdt.core.dom.InfixExpression.setOperator(InfixExpression.java:383)
	at org.eclipse.jdt.core.dom.ASTConverter.convert(ASTConverter.java:1287)
	at org.eclipse.jdt.core.dom.ASTConverter.convert(ASTConverter.java:2031)
	at org.eclipse.jdt.core.dom.ASTConverter.convertToParenthesizedExpression(ASTConverter.java:3795)
	at org.eclipse.jdt.core.dom.ASTConverter.convert(ASTConverter.java:1943)
	at org.eclipse.jdt.core.dom.ASTConverter.convert(ASTConverter.java:1204)
	at org.eclipse.jdt.core.dom.ASTConverter.convert(ASTConverter.java:1974)
	at org.eclipse.jdt.core.dom.ASTConverter.convert(ASTConverter.java:3052)
	at org.eclipse.jdt.core.dom.ASTConverter.convert(ASTConverter.java:751)
	at org.eclipse.jdt.core.dom.ASTConverter.buildBodyDeclarations(ASTConverter.java:208)
	at org.eclipse.jdt.core.dom.ASTConverter.convert(ASTConverter.java:3347)
	at org.eclipse.jdt.core.dom.ASTConverter.convert(ASTConverter.java:1524)
	at org.eclipse.jdt.core.dom.CompilationUnitResolver.convert(CompilationUnitResolver.java:323)
	at org.eclipse.jdt.core.dom.ASTParser.internalCreateAST(ASTParser.java:1231)
	at org.eclipse.jdt.core.dom.ASTParser.createAST(ASTParser.java:820)
	at org.eclipse.jdt.core.manipulation.CoreASTProvider$1.run(CoreASTProvider.java:272)
	at org.eclipse.core.runtime.SafeRunner.run(SafeRunner.java:45)
	at org.eclipse.jdt.core.manipulation.CoreASTProvider.createAST(CoreASTProvider.java:264)
	at org.eclipse.jdt.core.manipulation.CoreASTProvider.getAST(CoreASTProvider.java:197)
	at org.eclipse.jdt.core.manipulation.CoreASTProvider.getAST(CoreASTProvider.java:187)
	at org.eclipse.jdt.core.manipulation.SharedASTProviderCore.getAST(SharedASTProviderCore.java:138)
	at org.eclipse.jdt.internal.ui.viewsupport.SelectionListenerWithASTManager$PartListenerGroup.calculateASTandInform(SelectionListenerWithASTManager.java:166)
	at org.eclipse.jdt.internal.ui.viewsupport.SelectionListenerWithASTManager$PartListenerGroup$1.run(SelectionListenerWithASTManager.java:151)
	at org.eclipse.core.internal.jobs.Worker.run(Worker.java:63)

!ENTRY org.eclipse.jdt.core.manipulation 4 0 2026-07-16 19:09:31.226
!MESSAGE Error in JDT Core during AST creation
!STACK 0
java.lang.IllegalArgumentException
	at org.eclipse.jdt.core.dom.InfixExpression.setOperator(InfixExpression.java:383)
	at org.eclipse.jdt.core.dom.ASTConverter.convert(ASTConverter.java:1287)
	at org.eclipse.jdt.core.dom.ASTConverter.convert(ASTConverter.java:2031)
	at org.eclipse.jdt.core.dom.ASTConverter.convertToParenthesizedExpression(ASTConverter.java:3795)
	at org.eclipse.jdt.core.dom.ASTConverter.convert(ASTConverter.java:1943)
	at org.eclipse.jdt.core.dom.ASTConverter.convert(ASTConverter.java:1204)
	at org.eclipse.jdt.core.dom.ASTConverter.convert(ASTConverter.java:1974)
	at org.eclipse.jdt.core.dom.ASTConverter.convert(ASTConverter.java:3052)
	at org.eclipse.jdt.core.dom.ASTConverter.convert(ASTConverter.java:751)
	at org.eclipse.jdt.core.dom.ASTConverter.buildBodyDeclarations(ASTConverter.java:208)
	at org.eclipse.jdt.core.dom.ASTConverter.convert(ASTConverter.java:3347)
	at org.eclipse.jdt.core.dom.ASTConverter.convert(ASTConverter.java:1524)
	at org.eclipse.jdt.core.dom.CompilationUnitResolver.convert(CompilationUnitResolver.java:323)
	at org.eclipse.jdt.core.dom.ASTParser.internalCreateAST(ASTParser.java:1231)
	at org.eclipse.jdt.core.dom.ASTParser.createAST(ASTParser.java:820)
	at org.eclipse.jdt.core.manipulation.CoreASTProvider$1.run(CoreASTProvider.java:272)
	at org.eclipse.core.runtime.SafeRunner.run(SafeRunner.java:45)
	at org.eclipse.jdt.core.manipulation.CoreASTProvider.createAST(CoreASTProvider.java:264)
	at org.eclipse.jdt.core.manipulation.CoreASTProvider.getAST(CoreASTProvider.java:197)
	at org.eclipse.jdt.core.manipulation.CoreASTProvider.getAST(CoreASTProvider.java:187)
	at org.eclipse.jdt.core.manipulation.SharedASTProviderCore.getAST(SharedASTProviderCore.java:138)
	at org.eclipse.jdt.internal.ui.viewsupport.SelectionListenerWithASTManager$PartListenerGroup.calculateASTandInform(SelectionListenerWithASTManager.java:166)
	at org.eclipse.jdt.internal.ui.viewsupport.SelectionListenerWithASTManager$PartListenerGroup$1.run(SelectionListenerWithASTManager.java:151)
	at org.eclipse.core.internal.jobs.Worker.run(Worker.java:63)

!ENTRY org.eclipse.jdt.core 4 4 2026-07-16 19:09:32.725
!MESSAGE Exception occurred during compilation unit conversion:
----------------------------------- SOURCE BEGIN -------------------------------------
package practice;

public class ex4 {

	public static void main(String[] args) {
          
		/*int(정수형: 정수) 변수끼리 연산하면 int 값이, 
		 * float(실수형: 소수점) 변수끼리 연산하면 float 값이 나옵니다.
		 * 
		 * 하지만 서로 다른 데이터 타입의 변수로 산술 연산을 하면 두 데이터 타입 중 나타낼 수 있는 
		 * 데이터의 범위가 큰 타입으로 값이 나옵니다.
		 * 즉, int 변수와 float 변수끼리 연산하면 float 값이 나옵니다
		 */
		
		System.out.println("7/2=" + 7/2);
		
		System.out.println("7/2.0=" + 7/2.0);

		System.out.println("7.0/2=" + 7.0/2);

		System.out.println("7.0/2.0=" + 7.0/2.0);

		
		System.out.println((float)7/2);
		// float 형으로 변환된 7을 2로 나눈 값
		System.out.println(7/(float)2);
		// 7을 float 형으로 변환된 2로 나눈 값
		System.out.println((float)(7/2));
		// 7을 2로 나눈 값을 float 형으로 변환
		
		System.out.println("3+2*8-4=" + (3+2*8-4));
		//3+2×8-4=15”를 시스템 콘솔에 출력
		System.out.println("(3+2)*(8-4)=" + (3+2)*(8-4));
		“(3+2)×(8-4)=20”를 시스템 콘솔에 출력 
		System.out.println("3<<2=" + (3<<2));
		“3<<2=12”를 시스템 콘솔에 출력
		System.out.println("8>>3=" + (8>>
		
		
		
	}

}

----------------------------------- SOURCE END -------------------------------------
!STACK 0
java.lang.IllegalArgumentException
	at org.eclipse.jdt.core.dom.InfixExpression.setOperator(InfixExpression.java:383)
	at org.eclipse.jdt.core.dom.ASTConverter.convert(ASTConverter.java:1287)
	at org.eclipse.jdt.core.dom.ASTConverter.convert(ASTConverter.java:2031)
	at org.eclipse.jdt.core.dom.ASTConverter.convertToParenthesizedExpression(ASTConverter.java:3795)
	at org.eclipse.jdt.core.dom.ASTConverter.convert(ASTConverter.java:1943)
	at org.eclipse.jdt.core.dom.ASTConverter.convert(ASTConverter.java:1204)
	at org.eclipse.jdt.core.dom.ASTConverter.convert(ASTConverter.java:1974)
	at org.eclipse.jdt.core.dom.ASTConverter.convert(ASTConverter.java:3052)
	at org.eclipse.jdt.core.dom.ASTConverter.convert(ASTConverter.java:751)
	at org.eclipse.jdt.core.dom.ASTConverter.buildBodyDeclarations(ASTConverter.java:208)
	at org.eclipse.jdt.core.dom.ASTConverter.convert(ASTConverter.java:3347)
	at org.eclipse.jdt.core.dom.ASTConverter.convert(ASTConverter.java:1524)
	at org.eclipse.jdt.core.dom.AST.convertCompilationUnit(AST.java:494)
	at org.eclipse.jdt.internal.core.CompilationUnit.buildStructure(CompilationUnit.java:201)
	at org.eclipse.jdt.internal.core.Openable.generateInfos(Openable.java:266)
	at org.eclipse.jdt.internal.core.JavaElement.openWhenClosed(JavaElement.java:597)
	at org.eclipse.jdt.internal.core.CompilationUnit.makeConsistent(CompilationUnit.java:1142)
	at org.eclipse.jdt.internal.core.ReconcileWorkingCopyOperation.makeConsistent(ReconcileWorkingCopyOperation.java:173)
	at org.eclipse.jdt.internal.core.ReconcileWorkingCopyOperation.executeOperation(ReconcileWorkingCopyOperation.java:94)
	at org.eclipse.jdt.internal.core.JavaModelOperation.run(JavaModelOperation.java:740)
	at org.eclipse.jdt.internal.core.JavaModelOperation.runOperation(JavaModelOperation.java:806)
	at org.eclipse.jdt.internal.core.CompilationUnit.reconcile(CompilationUnit.java:1319)
	at org.eclipse.jdt.internal.ui.text.java.JavaReconcilingStrategy.reconcile(JavaReconcilingStrategy.java:131)
	at org.eclipse.jdt.internal.ui.text.java.JavaReconcilingStrategy.access$0(JavaReconcilingStrategy.java:113)
	at org.eclipse.jdt.internal.ui.text.java.JavaReconcilingStrategy$1.run(JavaReconcilingStrategy.java:93)
	at org.eclipse.core.runtime.SafeRunner.run(SafeRunner.java:45)
	at org.eclipse.jdt.internal.ui.text.java.JavaReconcilingStrategy.reconcile(JavaReconcilingStrategy.java:90)
	at org.eclipse.jdt.internal.ui.text.java.JavaReconcilingStrategy.reconcile(JavaReconcilingStrategy.java:157)
	at org.eclipse.jdt.internal.ui.text.CompositeReconcilingStrategy.reconcile(CompositeReconcilingStrategy.java:94)
	at org.eclipse.jdt.internal.ui.text.JavaCompositeReconcilingStrategy.reconcile(JavaCompositeReconcilingStrategy.java:107)
	at org.eclipse.jface.text.reconciler.MonoReconciler.process(MonoReconciler.java:76)
	at org.eclipse.jface.text.reconciler.AbstractReconciler$BackgroundThread.run(AbstractReconciler.java:210)

!ENTRY org.eclipse.jdt.ui 4 2 2026-07-16 19:09:32.726
!MESSAGE Problems occurred when invoking code from plug-in: "org.eclipse.jdt.ui".
!STACK 0
java.lang.IllegalArgumentException
	at org.eclipse.jdt.core.dom.InfixExpression.setOperator(InfixExpression.java:383)
	at org.eclipse.jdt.core.dom.ASTConverter.convert(ASTConverter.java:1287)
	at org.eclipse.jdt.core.dom.ASTConverter.convert(ASTConverter.java:2031)
	at org.eclipse.jdt.core.dom.ASTConverter.convertToParenthesizedExpression(ASTConverter.java:3795)
	at org.eclipse.jdt.core.dom.ASTConverter.convert(ASTConverter.java:1943)
	at org.eclipse.jdt.core.dom.ASTConverter.convert(ASTConverter.java:1204)
	at org.eclipse.jdt.core.dom.ASTConverter.convert(ASTConverter.java:1974)
	at org.eclipse.jdt.core.dom.ASTConverter.convert(ASTConverter.java:3052)
	at org.eclipse.jdt.core.dom.ASTConverter.convert(ASTConverter.java:751)
	at org.eclipse.jdt.core.dom.ASTConverter.buildBodyDeclarations(ASTConverter.java:208)
	at org.eclipse.jdt.core.dom.ASTConverter.convert(ASTConverter.java:3347)
	at org.eclipse.jdt.core.dom.ASTConverter.convert(ASTConverter.java:1524)
	at org.eclipse.jdt.core.dom.AST.convertCompilationUnit(AST.java:494)
	at org.eclipse.jdt.internal.core.CompilationUnit.buildStructure(CompilationUnit.java:201)
	at org.eclipse.jdt.internal.core.Openable.generateInfos(Openable.java:266)
	at org.eclipse.jdt.internal.core.JavaElement.openWhenClosed(JavaElement.java:597)
	at org.eclipse.jdt.internal.core.CompilationUnit.makeConsistent(CompilationUnit.java:1142)
	at org.eclipse.jdt.internal.core.ReconcileWorkingCopyOperation.makeConsistent(ReconcileWorkingCopyOperation.java:173)
	at org.eclipse.jdt.internal.core.ReconcileWorkingCopyOperation.executeOperation(ReconcileWorkingCopyOperation.java:94)
	at org.eclipse.jdt.internal.core.JavaModelOperation.run(JavaModelOperation.java:740)
	at org.eclipse.jdt.internal.core.JavaModelOperation.runOperation(JavaModelOperation.java:806)
	at org.eclipse.jdt.internal.core.CompilationUnit.reconcile(CompilationUnit.java:1319)
	at org.eclipse.jdt.internal.ui.text.java.JavaReconcilingStrategy.reconcile(JavaReconcilingStrategy.java:131)
	at org.eclipse.jdt.internal.ui.text.java.JavaReconcilingStrategy.access$0(JavaReconcilingStrategy.java:113)
	at org.eclipse.jdt.internal.ui.text.java.JavaReconcilingStrategy$1.run(JavaReconcilingStrategy.java:93)
	at org.eclipse.core.runtime.SafeRunner.run(SafeRunner.java:45)
	at org.eclipse.jdt.internal.ui.text.java.JavaReconcilingStrategy.reconcile(JavaReconcilingStrategy.java:90)
	at org.eclipse.jdt.internal.ui.text.java.JavaReconcilingStrategy.reconcile(JavaReconcilingStrategy.java:157)
	at org.eclipse.jdt.internal.ui.text.CompositeReconcilingStrategy.reconcile(CompositeReconcilingStrategy.java:94)
	at org.eclipse.jdt.internal.ui.text.JavaCompositeReconcilingStrategy.reconcile(JavaCompositeReconcilingStrategy.java:107)
	at org.eclipse.jface.text.reconciler.MonoReconciler.process(MonoReconciler.java:76)
	at org.eclipse.jface.text.reconciler.AbstractReconciler$BackgroundThread.run(AbstractReconciler.java:210)

!ENTRY org.eclipse.jdt.ui 4 0 2026-07-16 19:09:32.726
!MESSAGE Error in JDT Core during reconcile
!STACK 0
java.lang.IllegalArgumentException
	at org.eclipse.jdt.core.dom.InfixExpression.setOperator(InfixExpression.java:383)
	at org.eclipse.jdt.core.dom.ASTConverter.convert(ASTConverter.java:1287)
	at org.eclipse.jdt.core.dom.ASTConverter.convert(ASTConverter.java:2031)
	at org.eclipse.jdt.core.dom.ASTConverter.convertToParenthesizedExpression(ASTConverter.java:3795)
	at org.eclipse.jdt.core.dom.ASTConverter.convert(ASTConverter.java:1943)
	at org.eclipse.jdt.core.dom.ASTConverter.convert(ASTConverter.java:1204)
	at org.eclipse.jdt.core.dom.ASTConverter.convert(ASTConverter.java:1974)
	at org.eclipse.jdt.core.dom.ASTConverter.convert(ASTConverter.java:3052)
	at org.eclipse.jdt.core.dom.ASTConverter.convert(ASTConverter.java:751)
	at org.eclipse.jdt.core.dom.ASTConverter.buildBodyDeclarations(ASTConverter.java:208)
	at org.eclipse.jdt.core.dom.ASTConverter.convert(ASTConverter.java:3347)
	at org.eclipse.jdt.core.dom.ASTConverter.convert(ASTConverter.java:1524)
	at org.eclipse.jdt.core.dom.AST.convertCompilationUnit(AST.java:494)
	at org.eclipse.jdt.internal.core.CompilationUnit.buildStructure(CompilationUnit.java:201)
	at org.eclipse.jdt.internal.core.Openable.generateInfos(Openable.java:266)
	at org.eclipse.jdt.internal.core.JavaElement.openWhenClosed(JavaElement.java:597)
	at org.eclipse.jdt.internal.core.CompilationUnit.makeConsistent(CompilationUnit.java:1142)
	at org.eclipse.jdt.internal.core.ReconcileWorkingCopyOperation.makeConsistent(ReconcileWorkingCopyOperation.java:173)
	at org.eclipse.jdt.internal.core.ReconcileWorkingCopyOperation.executeOperation(ReconcileWorkingCopyOperation.java:94)
	at org.eclipse.jdt.internal.core.JavaModelOperation.run(JavaModelOperation.java:740)
	at org.eclipse.jdt.internal.core.JavaModelOperation.runOperation(JavaModelOperation.java:806)
	at org.eclipse.jdt.internal.core.CompilationUnit.reconcile(CompilationUnit.java:1319)
	at org.eclipse.jdt.internal.ui.text.java.JavaReconcilingStrategy.reconcile(JavaReconcilingStrategy.java:131)
	at org.eclipse.jdt.internal.ui.text.java.JavaReconcilingStrategy.access$0(JavaReconcilingStrategy.java:113)
	at org.eclipse.jdt.internal.ui.text.java.JavaReconcilingStrategy$1.run(JavaReconcilingStrategy.java:93)
	at org.eclipse.core.runtime.SafeRunner.run(SafeRunner.java:45)
	at org.eclipse.jdt.internal.ui.text.java.JavaReconcilingStrategy.reconcile(JavaReconcilingStrategy.java:90)
	at org.eclipse.jdt.internal.ui.text.java.JavaReconcilingStrategy.reconcile(JavaReconcilingStrategy.java:157)
	at org.eclipse.jdt.internal.ui.text.CompositeReconcilingStrategy.reconcile(CompositeReconcilingStrategy.java:94)
	at org.eclipse.jdt.internal.ui.text.JavaCompositeReconcilingStrategy.reconcile(JavaCompositeReconcilingStrategy.java:107)
	at org.eclipse.jface.text.reconciler.MonoReconciler.process(MonoReconciler.java:76)
	at org.eclipse.jface.text.reconciler.AbstractReconciler$BackgroundThread.run(AbstractReconciler.java:210)

!ENTRY org.eclipse.jdt.core 4 4 2026-07-16 19:09:32.730
!MESSAGE Exception occurred during compilation unit conversion:
----------------------------------- SOURCE BEGIN -------------------------------------
package practice;

public class ex4 {

	public static void main(String[] args) {
          
		/*int(정수형: 정수) 변수끼리 연산하면 int 값이, 
		 * float(실수형: 소수점) 변수끼리 연산하면 float 값이 나옵니다.
		 * 
		 * 하지만 서로 다른 데이터 타입의 변수로 산술 연산을 하면 두 데이터 타입 중 나타낼 수 있는 
		 * 데이터의 범위가 큰 타입으로 값이 나옵니다.
		 * 즉, int 변수와 float 변수끼리 연산하면 float 값이 나옵니다
		 */
		
		System.out.println("7/2=" + 7/2);
		
		System.out.println("7/2.0=" + 7/2.0);

		System.out.println("7.0/2=" + 7.0/2);

		System.out.println("7.0/2.0=" + 7.0/2.0);

		
		System.out.println((float)7/2);
		// float 형으로 변환된 7을 2로 나눈 값
		System.out.println(7/(float)2);
		// 7을 float 형으로 변환된 2로 나눈 값
		System.out.println((float)(7/2));
		// 7을 2로 나눈 값을 float 형으로 변환
		
		System.out.println("3+2*8-4=" + (3+2*8-4));
		//3+2×8-4=15”를 시스템 콘솔에 출력
		System.out.println("(3+2)*(8-4)=" + (3+2)*(8-4));
		“(3+2)×(8-4)=20”를 시스템 콘솔에 출력 
		System.out.println("3<<2=" + (3<<2));
		“3<<2=12”를 시스템 콘솔에 출력
		System.out.println("8>>3=" + (8>>
		
		
		
	}

}

----------------------------------- SOURCE END -------------------------------------
!STACK 0
java.lang.IllegalArgumentException
	at org.eclipse.jdt.core.dom.InfixExpression.setOperator(InfixExpression.java:383)
	at org.eclipse.jdt.core.dom.ASTConverter.convert(ASTConverter.java:1287)
	at org.eclipse.jdt.core.dom.ASTConverter.convert(ASTConverter.java:2031)
	at org.eclipse.jdt.core.dom.ASTConverter.convertToParenthesizedExpression(ASTConverter.java:3795)
	at org.eclipse.jdt.core.dom.ASTConverter.convert(ASTConverter.java:1943)
	at org.eclipse.jdt.core.dom.ASTConverter.convert(ASTConverter.java:1204)
	at org.eclipse.jdt.core.dom.ASTConverter.convert(ASTConverter.java:1974)
	at org.eclipse.jdt.core.dom.ASTConverter.convert(ASTConverter.java:3052)
	at org.eclipse.jdt.core.dom.ASTConverter.convert(ASTConverter.java:751)
	at org.eclipse.jdt.core.dom.ASTConverter.buildBodyDeclarations(ASTConverter.java:208)
	at org.eclipse.jdt.core.dom.ASTConverter.convert(ASTConverter.java:3347)
	at org.eclipse.jdt.core.dom.ASTConverter.convert(ASTConverter.java:1524)
	at org.eclipse.jdt.core.dom.CompilationUnitResolver.convert(CompilationUnitResolver.java:323)
	at org.eclipse.jdt.core.dom.ASTParser.internalCreateAST(ASTParser.java:1231)
	at org.eclipse.jdt.core.dom.ASTParser.createAST(ASTParser.java:820)
	at org.eclipse.jdt.core.manipulation.CoreASTProvider$1.run(CoreASTProvider.java:272)
	at org.eclipse.core.runtime.SafeRunner.run(SafeRunner.java:45)
	at org.eclipse.jdt.core.manipulation.CoreASTProvider.createAST(CoreASTProvider.java:264)
	at org.eclipse.jdt.core.manipulation.CoreASTProvider.getAST(CoreASTProvider.java:197)
	at org.eclipse.jdt.core.manipulation.CoreASTProvider.getAST(CoreASTProvider.java:187)
	at org.eclipse.jdt.core.manipulation.SharedASTProviderCore.getAST(SharedASTProviderCore.java:138)
	at org.eclipse.jdt.internal.ui.viewsupport.SelectionListenerWithASTManager$PartListenerGroup.calculateASTandInform(SelectionListenerWithASTManager.java:166)
	at org.eclipse.jdt.internal.ui.viewsupport.SelectionListenerWithASTManager$PartListenerGroup$1.run(SelectionListenerWithASTManager.java:151)
	at org.eclipse.core.internal.jobs.Worker.run(Worker.java:63)

!ENTRY org.eclipse.jdt.core.manipulation 4 2 2026-07-16 19:09:32.731
!MESSAGE Problems occurred when invoking code from plug-in: "org.eclipse.jdt.core.manipulation".
!STACK 0
java.lang.IllegalArgumentException
	at org.eclipse.jdt.core.dom.InfixExpression.setOperator(InfixExpression.java:383)
	at org.eclipse.jdt.core.dom.ASTConverter.convert(ASTConverter.java:1287)
	at org.eclipse.jdt.core.dom.ASTConverter.convert(ASTConverter.java:2031)
	at org.eclipse.jdt.core.dom.ASTConverter.convertToParenthesizedExpression(ASTConverter.java:3795)
	at org.eclipse.jdt.core.dom.ASTConverter.convert(ASTConverter.java:1943)
	at org.eclipse.jdt.core.dom.ASTConverter.convert(ASTConverter.java:1204)
	at org.eclipse.jdt.core.dom.ASTConverter.convert(ASTConverter.java:1974)
	at org.eclipse.jdt.core.dom.ASTConverter.convert(ASTConverter.java:3052)
	at org.eclipse.jdt.core.dom.ASTConverter.convert(ASTConverter.java:751)
	at org.eclipse.jdt.core.dom.ASTConverter.buildBodyDeclarations(ASTConverter.java:208)
	at org.eclipse.jdt.core.dom.ASTConverter.convert(ASTConverter.java:3347)
	at org.eclipse.jdt.core.dom.ASTConverter.convert(ASTConverter.java:1524)
	at org.eclipse.jdt.core.dom.CompilationUnitResolver.convert(CompilationUnitResolver.java:323)
	at org.eclipse.jdt.core.dom.ASTParser.internalCreateAST(ASTParser.java:1231)
	at org.eclipse.jdt.core.dom.ASTParser.createAST(ASTParser.java:820)
	at org.eclipse.jdt.core.manipulation.CoreASTProvider$1.run(CoreASTProvider.java:272)
	at org.eclipse.core.runtime.SafeRunner.run(SafeRunner.java:45)
	at org.eclipse.jdt.core.manipulation.CoreASTProvider.createAST(CoreASTProvider.java:264)
	at org.eclipse.jdt.core.manipulation.CoreASTProvider.getAST(CoreASTProvider.java:197)
	at org.eclipse.jdt.core.manipulation.CoreASTProvider.getAST(CoreASTProvider.java:187)
	at org.eclipse.jdt.core.manipulation.SharedASTProviderCore.getAST(SharedASTProviderCore.java:138)
	at org.eclipse.jdt.internal.ui.viewsupport.SelectionListenerWithASTManager$PartListenerGroup.calculateASTandInform(SelectionListenerWithASTManager.java:166)
	at org.eclipse.jdt.internal.ui.viewsupport.SelectionListenerWithASTManager$PartListenerGroup$1.run(SelectionListenerWithASTManager.java:151)
	at org.eclipse.core.internal.jobs.Worker.run(Worker.java:63)

!ENTRY org.eclipse.jdt.core.manipulation 4 0 2026-07-16 19:09:32.731
!MESSAGE Error in JDT Core during AST creation
!STACK 0
java.lang.IllegalArgumentException
	at org.eclipse.jdt.core.dom.InfixExpression.setOperator(InfixExpression.java:383)
	at org.eclipse.jdt.core.dom.ASTConverter.convert(ASTConverter.java:1287)
	at org.eclipse.jdt.core.dom.ASTConverter.convert(ASTConverter.java:2031)
	at org.eclipse.jdt.core.dom.ASTConverter.convertToParenthesizedExpression(ASTConverter.java:3795)
	at org.eclipse.jdt.core.dom.ASTConverter.convert(ASTConverter.java:1943)
	at org.eclipse.jdt.core.dom.ASTConverter.convert(ASTConverter.java:1204)
	at org.eclipse.jdt.core.dom.ASTConverter.convert(ASTConverter.java:1974)
	at org.eclipse.jdt.core.dom.ASTConverter.convert(ASTConverter.java:3052)
	at org.eclipse.jdt.core.dom.ASTConverter.convert(ASTConverter.java:751)
	at org.eclipse.jdt.core.dom.ASTConverter.buildBodyDeclarations(ASTConverter.java:208)
	at org.eclipse.jdt.core.dom.ASTConverter.convert(ASTConverter.java:3347)
	at org.eclipse.jdt.core.dom.ASTConverter.convert(ASTConverter.java:1524)
	at org.eclipse.jdt.core.dom.CompilationUnitResolver.convert(CompilationUnitResolver.java:323)
	at org.eclipse.jdt.core.dom.ASTParser.internalCreateAST(ASTParser.java:1231)
	at org.eclipse.jdt.core.dom.ASTParser.createAST(ASTParser.java:820)
	at org.eclipse.jdt.core.manipulation.CoreASTProvider$1.run(CoreASTProvider.java:272)
	at org.eclipse.core.runtime.SafeRunner.run(SafeRunner.java:45)
	at org.eclipse.jdt.core.manipulation.CoreASTProvider.createAST(CoreASTProvider.java:264)
	at org.eclipse.jdt.core.manipulation.CoreASTProvider.getAST(CoreASTProvider.java:197)
	at org.eclipse.jdt.core.manipulation.CoreASTProvider.getAST(CoreASTProvider.java:187)
	at org.eclipse.jdt.core.manipulation.SharedASTProviderCore.getAST(SharedASTProviderCore.java:138)
	at org.eclipse.jdt.internal.ui.viewsupport.SelectionListenerWithASTManager$PartListenerGroup.calculateASTandInform(SelectionListenerWithASTManager.java:166)
	at org.eclipse.jdt.internal.ui.viewsupport.SelectionListenerWithASTManager$PartListenerGroup$1.run(SelectionListenerWithASTManager.java:151)
	at org.eclipse.core.internal.jobs.Worker.run(Worker.java:63)
!SESSION 2026-07-20 14:35:07.597 -----------------------------------------------
eclipse.buildId=4.20.0.I20210611-1600
java.version=16.0.1
java.vendor=Oracle Corporation
BootLoader constants: OS=win32, ARCH=x86_64, WS=win32, NL=ko_KR
Framework arguments:  -product org.eclipse.epp.package.java.product
Command-line arguments:  -os win32 -ws win32 -arch x86_64 -product org.eclipse.epp.package.java.product

!ENTRY org.eclipse.jface 2 0 2026-07-20 14:35:12.575
!MESSAGE Keybinding conflicts occurred.  They may interfere with normal accelerator operation.
!SUBENTRY 1 org.eclipse.jface 2 0 2026-07-20 14:35:12.575
!MESSAGE A conflict occurred for CTRL+SHIFT+T:
Binding(CTRL+SHIFT+T,
	ParameterizedCommand(Command(org.eclipse.jdt.ui.navigate.open.type,Open Type,
		Open a type in a Java editor,
		Category(org.eclipse.ui.category.navigate,Navigate,null,true),
		org.eclipse.ui.internal.WorkbenchHandlerServiceHandler@6802d023,
		,,true),null),
	org.eclipse.ui.defaultAcceleratorConfiguration,
	org.eclipse.ui.contexts.window,,,system)
Binding(CTRL+SHIFT+T,
	ParameterizedCommand(Command(org.eclipse.lsp4e.symbolinworkspace,Go to Symbol in Workspace,
		,
		Category(org.eclipse.lsp4e.category,Language Servers,null,true),
		org.eclipse.ui.internal.WorkbenchHandlerServiceHandler@e895e3e,
		,,true),null),
	org.eclipse.ui.defaultAcceleratorConfiguration,
	org.eclipse.ui.contexts.window,,,system)

!ENTRY org.eclipse.egit.ui 2 0 2026-07-20 14:35:19.582
!MESSAGE Warning: The environment variable HOME is not set. The following directory will be used to store the Git
user global configuration and to define the default location to store repositories: 'C:\Users\USER'. If this is
not correct please set the HOME environment variable and restart Eclipse. Otherwise Git for Windows and
EGit might behave differently since they see different configuration options.
This warning can be switched off on the Team > Git > Confirmations and Warnings preference page.
!SESSION 2026-07-20 14:56:18.629 -----------------------------------------------
eclipse.buildId=4.20.0.I20210611-1600
java.version=16.0.1
java.vendor=Oracle Corporation
BootLoader constants: OS=win32, ARCH=x86_64, WS=win32, NL=ko_KR
Framework arguments:  -product org.eclipse.epp.package.java.product
Command-line arguments:  -os win32 -ws win32 -arch x86_64 -product org.eclipse.epp.package.java.product

!ENTRY org.eclipse.jface 2 0 2026-07-20 14:56:23.370
!MESSAGE Keybinding conflicts occurred.  They may interfere with normal accelerator operation.
!SUBENTRY 1 org.eclipse.jface 2 0 2026-07-20 14:56:23.370
!MESSAGE A conflict occurred for CTRL+SHIFT+T:
Binding(CTRL+SHIFT+T,
	ParameterizedCommand(Command(org.eclipse.jdt.ui.navigate.open.type,Open Type,
		Open a type in a Java editor,
		Category(org.eclipse.ui.category.navigate,Navigate,null,true),
		org.eclipse.ui.internal.WorkbenchHandlerServiceHandler@77476fcf,
		,,true),null),
	org.eclipse.ui.defaultAcceleratorConfiguration,
	org.eclipse.ui.contexts.window,,,system)
Binding(CTRL+SHIFT+T,
	ParameterizedCommand(Command(org.eclipse.lsp4e.symbolinworkspace,Go to Symbol in Workspace,
		,
		Category(org.eclipse.lsp4e.category,Language Servers,null,true),
		org.eclipse.ui.internal.WorkbenchHandlerServiceHandler@70805849,
		,,true),null),
	org.eclipse.ui.defaultAcceleratorConfiguration,
	org.eclipse.ui.contexts.window,,,system)

!ENTRY org.eclipse.egit.ui 2 0 2026-07-20 14:56:26.796
!MESSAGE Warning: The environment variable HOME is not set. The following directory will be used to store the Git
user global configuration and to define the default location to store repositories: 'C:\Users\USER'. If this is
not correct please set the HOME environment variable and restart Eclipse. Otherwise Git for Windows and
EGit might behave differently since they see different configuration options.
This warning can be switched off on the Team > Git > Confirmations and Warnings preference page.

!ENTRY org.eclipse.jdt.core 4 4 2026-07-20 15:48:11.552
!MESSAGE Exception occurred during compilation unit conversion:
----------------------------------- SOURCE BEGIN -------------------------------------
package ex;

import java.util.Scanner;

/*문]
	계승(factorial)을 계산하는 프로그램을 작성하시오.
	n 의 계승 n!를 계산
	
	n! = 1 x 2 x 3 x ..... xn
	
	결과
	정수입력 : 7
	7의 팩토리얼은 5040
	*/
public class ForEX06 {

	public static void main(String[] args) {
		Scanner sc = new Scanner(System.in);
		
		int n1,n2, result = 0;
		System.out.println("정수입력 :");
		
		for(1 < i)

	}

}

----------------------------------- SOURCE END -------------------------------------
!STACK 0
java.lang.IllegalArgumentException
	at org.eclipse.jdt.core.dom.InfixExpression.setOperator(InfixExpression.java:383)
	at org.eclipse.jdt.core.dom.ASTConverter.convert(ASTConverter.java:1287)
	at org.eclipse.jdt.core.dom.ASTConverter.convert(ASTConverter.java:2031)
	at org.eclipse.jdt.core.dom.ASTConverter.convertToParenthesizedExpression(ASTConverter.java:3795)
	at org.eclipse.jdt.core.dom.ASTConverter.convert(ASTConverter.java:1943)
	at org.eclipse.jdt.core.dom.ASTConverter.convert(ASTConverter.java:1204)
	at org.eclipse.jdt.core.dom.ASTConverter.convert(ASTConverter.java:1974)
	at org.eclipse.jdt.core.dom.ASTConverter.convertToExpression(ASTConverter.java:3647)
	at org.eclipse.jdt.core.dom.ASTConverter.convert(ASTConverter.java:2185)
	at org.eclipse.jdt.core.dom.ASTConverter.convert(ASTConverter.java:2991)
	at org.eclipse.jdt.core.dom.ASTConverter.convert(ASTConverter.java:751)
	at org.eclipse.jdt.core.dom.ASTConverter.buildBodyDeclarations(ASTConverter.java:208)
	at org.eclipse.jdt.core.dom.ASTConverter.convert(ASTConverter.java:3347)
	at org.eclipse.jdt.core.dom.ASTConverter.convert(ASTConverter.java:1524)
	at org.eclipse.jdt.core.dom.AST.convertCompilationUnit(AST.java:494)
	at org.eclipse.jdt.internal.core.CompilationUnit.buildStructure(CompilationUnit.java:201)
	at org.eclipse.jdt.internal.core.Openable.generateInfos(Openable.java:266)
	at org.eclipse.jdt.internal.core.JavaElement.openWhenClosed(JavaElement.java:597)
	at org.eclipse.jdt.internal.core.CompilationUnit.makeConsistent(CompilationUnit.java:1142)
	at org.eclipse.jdt.internal.core.ReconcileWorkingCopyOperation.makeConsistent(ReconcileWorkingCopyOperation.java:173)
	at org.eclipse.jdt.internal.core.ReconcileWorkingCopyOperation.executeOperation(ReconcileWorkingCopyOperation.java:94)
	at org.eclipse.jdt.internal.core.JavaModelOperation.run(JavaModelOperation.java:740)
	at org.eclipse.jdt.internal.core.JavaModelOperation.runOperation(JavaModelOperation.java:806)
	at org.eclipse.jdt.internal.core.CompilationUnit.reconcile(CompilationUnit.java:1319)
	at org.eclipse.jdt.internal.ui.text.java.JavaReconcilingStrategy.reconcile(JavaReconcilingStrategy.java:131)
	at org.eclipse.jdt.internal.ui.text.java.JavaReconcilingStrategy.access$0(JavaReconcilingStrategy.java:113)
	at org.eclipse.jdt.internal.ui.text.java.JavaReconcilingStrategy$1.run(JavaReconcilingStrategy.java:93)
	at org.eclipse.core.runtime.SafeRunner.run(SafeRunner.java:45)
	at org.eclipse.jdt.internal.ui.text.java.JavaReconcilingStrategy.reconcile(JavaReconcilingStrategy.java:90)
	at org.eclipse.jdt.internal.ui.text.java.JavaReconcilingStrategy.reconcile(JavaReconcilingStrategy.java:157)
	at org.eclipse.jdt.internal.ui.text.CompositeReconcilingStrategy.reconcile(CompositeReconcilingStrategy.java:94)
	at org.eclipse.jdt.internal.ui.text.JavaCompositeReconcilingStrategy.reconcile(JavaCompositeReconcilingStrategy.java:107)
	at org.eclipse.jface.text.reconciler.MonoReconciler.process(MonoReconciler.java:76)
	at org.eclipse.jface.text.reconciler.AbstractReconciler$BackgroundThread.run(AbstractReconciler.java:210)

!ENTRY org.eclipse.jdt.ui 4 2 2026-07-20 15:48:11.554
!MESSAGE Problems occurred when invoking code from plug-in: "org.eclipse.jdt.ui".
!STACK 0
java.lang.IllegalArgumentException
	at org.eclipse.jdt.core.dom.InfixExpression.setOperator(InfixExpression.java:383)
	at org.eclipse.jdt.core.dom.ASTConverter.convert(ASTConverter.java:1287)
	at org.eclipse.jdt.core.dom.ASTConverter.convert(ASTConverter.java:2031)
	at org.eclipse.jdt.core.dom.ASTConverter.convertToParenthesizedExpression(ASTConverter.java:3795)
	at org.eclipse.jdt.core.dom.ASTConverter.convert(ASTConverter.java:1943)
	at org.eclipse.jdt.core.dom.ASTConverter.convert(ASTConverter.java:1204)
	at org.eclipse.jdt.core.dom.ASTConverter.convert(ASTConverter.java:1974)
	at org.eclipse.jdt.core.dom.ASTConverter.convertToExpression(ASTConverter.java:3647)
	at org.eclipse.jdt.core.dom.ASTConverter.convert(ASTConverter.java:2185)
	at org.eclipse.jdt.core.dom.ASTConverter.convert(ASTConverter.java:2991)
	at org.eclipse.jdt.core.dom.ASTConverter.convert(ASTConverter.java:751)
	at org.eclipse.jdt.core.dom.ASTConverter.buildBodyDeclarations(ASTConverter.java:208)
	at org.eclipse.jdt.core.dom.ASTConverter.convert(ASTConverter.java:3347)
	at org.eclipse.jdt.core.dom.ASTConverter.convert(ASTConverter.java:1524)
	at org.eclipse.jdt.core.dom.AST.convertCompilationUnit(AST.java:494)
	at org.eclipse.jdt.internal.core.CompilationUnit.buildStructure(CompilationUnit.java:201)
	at org.eclipse.jdt.internal.core.Openable.generateInfos(Openable.java:266)
	at org.eclipse.jdt.internal.core.JavaElement.openWhenClosed(JavaElement.java:597)
	at org.eclipse.jdt.internal.core.CompilationUnit.makeConsistent(CompilationUnit.java:1142)
	at org.eclipse.jdt.internal.core.ReconcileWorkingCopyOperation.makeConsistent(ReconcileWorkingCopyOperation.java:173)
	at org.eclipse.jdt.internal.core.ReconcileWorkingCopyOperation.executeOperation(ReconcileWorkingCopyOperation.java:94)
	at org.eclipse.jdt.internal.core.JavaModelOperation.run(JavaModelOperation.java:740)
	at org.eclipse.jdt.internal.core.JavaModelOperation.runOperation(JavaModelOperation.java:806)
	at org.eclipse.jdt.internal.core.CompilationUnit.reconcile(CompilationUnit.java:1319)
	at org.eclipse.jdt.internal.ui.text.java.JavaReconcilingStrategy.reconcile(JavaReconcilingStrategy.java:131)
	at org.eclipse.jdt.internal.ui.text.java.JavaReconcilingStrategy.access$0(JavaReconcilingStrategy.java:113)
	at org.eclipse.jdt.internal.ui.text.java.JavaReconcilingStrategy$1.run(JavaReconcilingStrategy.java:93)
	at org.eclipse.core.runtime.SafeRunner.run(SafeRunner.java:45)
	at org.eclipse.jdt.internal.ui.text.java.JavaReconcilingStrategy.reconcile(JavaReconcilingStrategy.java:90)
	at org.eclipse.jdt.internal.ui.text.java.JavaReconcilingStrategy.reconcile(JavaReconcilingStrategy.java:157)
	at org.eclipse.jdt.internal.ui.text.CompositeReconcilingStrategy.reconcile(CompositeReconcilingStrategy.java:94)
	at org.eclipse.jdt.internal.ui.text.JavaCompositeReconcilingStrategy.reconcile(JavaCompositeReconcilingStrategy.java:107)
	at org.eclipse.jface.text.reconciler.MonoReconciler.process(MonoReconciler.java:76)
	at org.eclipse.jface.text.reconciler.AbstractReconciler$BackgroundThread.run(AbstractReconciler.java:210)

!ENTRY org.eclipse.jdt.ui 4 0 2026-07-20 15:48:11.554
!MESSAGE Error in JDT Core during reconcile
!STACK 0
java.lang.IllegalArgumentException
	at org.eclipse.jdt.core.dom.InfixExpression.setOperator(InfixExpression.java:383)
	at org.eclipse.jdt.core.dom.ASTConverter.convert(ASTConverter.java:1287)
	at org.eclipse.jdt.core.dom.ASTConverter.convert(ASTConverter.java:2031)
	at org.eclipse.jdt.core.dom.ASTConverter.convertToParenthesizedExpression(ASTConverter.java:3795)
	at org.eclipse.jdt.core.dom.ASTConverter.convert(ASTConverter.java:1943)
	at org.eclipse.jdt.core.dom.ASTConverter.convert(ASTConverter.java:1204)
	at org.eclipse.jdt.core.dom.ASTConverter.convert(ASTConverter.java:1974)
	at org.eclipse.jdt.core.dom.ASTConverter.convertToExpression(ASTConverter.java:3647)
	at org.eclipse.jdt.core.dom.ASTConverter.convert(ASTConverter.java:2185)
	at org.eclipse.jdt.core.dom.ASTConverter.convert(ASTConverter.java:2991)
	at org.eclipse.jdt.core.dom.ASTConverter.convert(ASTConverter.java:751)
	at org.eclipse.jdt.core.dom.ASTConverter.buildBodyDeclarations(ASTConverter.java:208)
	at org.eclipse.jdt.core.dom.ASTConverter.convert(ASTConverter.java:3347)
	at org.eclipse.jdt.core.dom.ASTConverter.convert(ASTConverter.java:1524)
	at org.eclipse.jdt.core.dom.AST.convertCompilationUnit(AST.java:494)
	at org.eclipse.jdt.internal.core.CompilationUnit.buildStructure(CompilationUnit.java:201)
	at org.eclipse.jdt.internal.core.Openable.generateInfos(Openable.java:266)
	at org.eclipse.jdt.internal.core.JavaElement.openWhenClosed(JavaElement.java:597)
	at org.eclipse.jdt.internal.core.CompilationUnit.makeConsistent(CompilationUnit.java:1142)
	at org.eclipse.jdt.internal.core.ReconcileWorkingCopyOperation.makeConsistent(ReconcileWorkingCopyOperation.java:173)
	at org.eclipse.jdt.internal.core.ReconcileWorkingCopyOperation.executeOperation(ReconcileWorkingCopyOperation.java:94)
	at org.eclipse.jdt.internal.core.JavaModelOperation.run(JavaModelOperation.java:740)
	at org.eclipse.jdt.internal.core.JavaModelOperation.runOperation(JavaModelOperation.java:806)
	at org.eclipse.jdt.internal.core.CompilationUnit.reconcile(CompilationUnit.java:1319)
	at org.eclipse.jdt.internal.ui.text.java.JavaReconcilingStrategy.reconcile(JavaReconcilingStrategy.java:131)
	at org.eclipse.jdt.internal.ui.text.java.JavaReconcilingStrategy.access$0(JavaReconcilingStrategy.java:113)
	at org.eclipse.jdt.internal.ui.text.java.JavaReconcilingStrategy$1.run(JavaReconcilingStrategy.java:93)
	at org.eclipse.core.runtime.SafeRunner.run(SafeRunner.java:45)
	at org.eclipse.jdt.internal.ui.text.java.JavaReconcilingStrategy.reconcile(JavaReconcilingStrategy.java:90)
	at org.eclipse.jdt.internal.ui.text.java.JavaReconcilingStrategy.reconcile(JavaReconcilingStrategy.java:157)
	at org.eclipse.jdt.internal.ui.text.CompositeReconcilingStrategy.reconcile(CompositeReconcilingStrategy.java:94)
	at org.eclipse.jdt.internal.ui.text.JavaCompositeReconcilingStrategy.reconcile(JavaCompositeReconcilingStrategy.java:107)
	at org.eclipse.jface.text.reconciler.MonoReconciler.process(MonoReconciler.java:76)
	at org.eclipse.jface.text.reconciler.AbstractReconciler$BackgroundThread.run(AbstractReconciler.java:210)

!ENTRY org.eclipse.jdt.core 4 4 2026-07-20 15:48:11.699
!MESSAGE Exception occurred during compilation unit conversion:
----------------------------------- SOURCE BEGIN -------------------------------------
package ex;

import java.util.Scanner;

/*문]
	계승(factorial)을 계산하는 프로그램을 작성하시오.
	n 의 계승 n!를 계산
	
	n! = 1 x 2 x 3 x ..... xn
	
	결과
	정수입력 : 7
	7의 팩토리얼은 5040
	*/
public class ForEX06 {

	public static void main(String[] args) {
		Scanner sc = new Scanner(System.in);
		
		int n1,n2, result = 0;
		System.out.println("정수입력 :");
		
		for(1 < i)

	}

}

----------------------------------- SOURCE END -------------------------------------
!STACK 0
java.lang.IllegalArgumentException
	at org.eclipse.jdt.core.dom.InfixExpression.setOperator(InfixExpression.java:383)
	at org.eclipse.jdt.core.dom.ASTConverter.convert(ASTConverter.java:1287)
	at org.eclipse.jdt.core.dom.ASTConverter.convert(ASTConverter.java:2031)
	at org.eclipse.jdt.core.dom.ASTConverter.convertToParenthesizedExpression(ASTConverter.java:3795)
	at org.eclipse.jdt.core.dom.ASTConverter.convert(ASTConverter.java:1943)
	at org.eclipse.jdt.core.dom.ASTConverter.convert(ASTConverter.java:1204)
	at org.eclipse.jdt.core.dom.ASTConverter.convert(ASTConverter.java:1974)
	at org.eclipse.jdt.core.dom.ASTConverter.convertToExpression(ASTConverter.java:3647)
	at org.eclipse.jdt.core.dom.ASTConverter.convert(ASTConverter.java:2185)
	at org.eclipse.jdt.core.dom.ASTConverter.convert(ASTConverter.java:2991)
	at org.eclipse.jdt.core.dom.ASTConverter.convert(ASTConverter.java:751)
	at org.eclipse.jdt.core.dom.ASTConverter.buildBodyDeclarations(ASTConverter.java:208)
	at org.eclipse.jdt.core.dom.ASTConverter.convert(ASTConverter.java:3347)
	at org.eclipse.jdt.core.dom.ASTConverter.convert(ASTConverter.java:1524)
	at org.eclipse.jdt.core.dom.CompilationUnitResolver.convert(CompilationUnitResolver.java:323)
	at org.eclipse.jdt.core.dom.ASTParser.internalCreateAST(ASTParser.java:1231)
	at org.eclipse.jdt.core.dom.ASTParser.createAST(ASTParser.java:820)
	at org.eclipse.jdt.core.manipulation.CoreASTProvider$1.run(CoreASTProvider.java:272)
	at org.eclipse.core.runtime.SafeRunner.run(SafeRunner.java:45)
	at org.eclipse.jdt.core.manipulation.CoreASTProvider.createAST(CoreASTProvider.java:264)
	at org.eclipse.jdt.core.manipulation.CoreASTProvider.getAST(CoreASTProvider.java:197)
	at org.eclipse.jdt.core.manipulation.SharedASTProviderCore.getAST(SharedASTProviderCore.java:138)
	at org.eclipse.jdt.internal.ui.viewsupport.SelectionListenerWithASTManager$PartListenerGroup.calculateASTandInform(SelectionListenerWithASTManager.java:166)
	at org.eclipse.jdt.internal.ui.viewsupport.SelectionListenerWithASTManager$PartListenerGroup$1.run(SelectionListenerWithASTManager.java:151)
	at org.eclipse.core.internal.jobs.Worker.run(Worker.java:63)

!ENTRY org.eclipse.jdt.core.manipulation 4 2 2026-07-20 15:48:11.700
!MESSAGE Problems occurred when invoking code from plug-in: "org.eclipse.jdt.core.manipulation".
!STACK 0
java.lang.IllegalArgumentException
	at org.eclipse.jdt.core.dom.InfixExpression.setOperator(InfixExpression.java:383)
	at org.eclipse.jdt.core.dom.ASTConverter.convert(ASTConverter.java:1287)
	at org.eclipse.jdt.core.dom.ASTConverter.convert(ASTConverter.java:2031)
	at org.eclipse.jdt.core.dom.ASTConverter.convertToParenthesizedExpression(ASTConverter.java:3795)
	at org.eclipse.jdt.core.dom.ASTConverter.convert(ASTConverter.java:1943)
	at org.eclipse.jdt.core.dom.ASTConverter.convert(ASTConverter.java:1204)
	at org.eclipse.jdt.core.dom.ASTConverter.convert(ASTConverter.java:1974)
	at org.eclipse.jdt.core.dom.ASTConverter.convertToExpression(ASTConverter.java:3647)
	at org.eclipse.jdt.core.dom.ASTConverter.convert(ASTConverter.java:2185)
	at org.eclipse.jdt.core.dom.ASTConverter.convert(ASTConverter.java:2991)
	at org.eclipse.jdt.core.dom.ASTConverter.convert(ASTConverter.java:751)
	at org.eclipse.jdt.core.dom.ASTConverter.buildBodyDeclarations(ASTConverter.java:208)
	at org.eclipse.jdt.core.dom.ASTConverter.convert(ASTConverter.java:3347)
	at org.eclipse.jdt.core.dom.ASTConverter.convert(ASTConverter.java:1524)
	at org.eclipse.jdt.core.dom.CompilationUnitResolver.convert(CompilationUnitResolver.java:323)
	at org.eclipse.jdt.core.dom.ASTParser.internalCreateAST(ASTParser.java:1231)
	at org.eclipse.jdt.core.dom.ASTParser.createAST(ASTParser.java:820)
	at org.eclipse.jdt.core.manipulation.CoreASTProvider$1.run(CoreASTProvider.java:272)
	at org.eclipse.core.runtime.SafeRunner.run(SafeRunner.java:45)
	at org.eclipse.jdt.core.manipulation.CoreASTProvider.createAST(CoreASTProvider.java:264)
	at org.eclipse.jdt.core.manipulation.CoreASTProvider.getAST(CoreASTProvider.java:197)
	at org.eclipse.jdt.core.manipulation.SharedASTProviderCore.getAST(SharedASTProviderCore.java:138)
	at org.eclipse.jdt.internal.ui.viewsupport.SelectionListenerWithASTManager$PartListenerGroup.calculateASTandInform(SelectionListenerWithASTManager.java:166)
	at org.eclipse.jdt.internal.ui.viewsupport.SelectionListenerWithASTManager$PartListenerGroup$1.run(SelectionListenerWithASTManager.java:151)
	at org.eclipse.core.internal.jobs.Worker.run(Worker.java:63)

!ENTRY org.eclipse.jdt.core.manipulation 4 0 2026-07-20 15:48:11.700
!MESSAGE Error in JDT Core during AST creation
!STACK 0
java.lang.IllegalArgumentException
	at org.eclipse.jdt.core.dom.InfixExpression.setOperator(InfixExpression.java:383)
	at org.eclipse.jdt.core.dom.ASTConverter.convert(ASTConverter.java:1287)
	at org.eclipse.jdt.core.dom.ASTConverter.convert(ASTConverter.java:2031)
	at org.eclipse.jdt.core.dom.ASTConverter.convertToParenthesizedExpression(ASTConverter.java:3795)
	at org.eclipse.jdt.core.dom.ASTConverter.convert(ASTConverter.java:1943)
	at org.eclipse.jdt.core.dom.ASTConverter.convert(ASTConverter.java:1204)
	at org.eclipse.jdt.core.dom.ASTConverter.convert(ASTConverter.java:1974)
	at org.eclipse.jdt.core.dom.ASTConverter.convertToExpression(ASTConverter.java:3647)
	at org.eclipse.jdt.core.dom.ASTConverter.convert(ASTConverter.java:2185)
	at org.eclipse.jdt.core.dom.ASTConverter.convert(ASTConverter.java:2991)
	at org.eclipse.jdt.core.dom.ASTConverter.convert(ASTConverter.java:751)
	at org.eclipse.jdt.core.dom.ASTConverter.buildBodyDeclarations(ASTConverter.java:208)
	at org.eclipse.jdt.core.dom.ASTConverter.convert(ASTConverter.java:3347)
	at org.eclipse.jdt.core.dom.ASTConverter.convert(ASTConverter.java:1524)
	at org.eclipse.jdt.core.dom.CompilationUnitResolver.convert(CompilationUnitResolver.java:323)
	at org.eclipse.jdt.core.dom.ASTParser.internalCreateAST(ASTParser.java:1231)
	at org.eclipse.jdt.core.dom.ASTParser.createAST(ASTParser.java:820)
	at org.eclipse.jdt.core.manipulation.CoreASTProvider$1.run(CoreASTProvider.java:272)
	at org.eclipse.core.runtime.SafeRunner.run(SafeRunner.java:45)
	at org.eclipse.jdt.core.manipulation.CoreASTProvider.createAST(CoreASTProvider.java:264)
	at org.eclipse.jdt.core.manipulation.CoreASTProvider.getAST(CoreASTProvider.java:197)
	at org.eclipse.jdt.core.manipulation.SharedASTProviderCore.getAST(SharedASTProviderCore.java:138)
	at org.eclipse.jdt.internal.ui.viewsupport.SelectionListenerWithASTManager$PartListenerGroup.calculateASTandInform(SelectionListenerWithASTManager.java:166)
	at org.eclipse.jdt.internal.ui.viewsupport.SelectionListenerWithASTManager$PartListenerGroup$1.run(SelectionListenerWithASTManager.java:151)
	at org.eclipse.core.internal.jobs.Worker.run(Worker.java:63)

!ENTRY org.eclipse.jdt.core 4 4 2026-07-20 16:44:42.266
!MESSAGE Exception occurred during compilation unit conversion:
----------------------------------- SOURCE BEGIN -------------------------------------
package ex;

/*문]
	사용자로부터 임의의 정수를 입력받아 1부터 입력받은 정수까지의
	전체의 합계, 짝수의 합계, 홀수의 합을 각각 출력하시오.
	단, 10단위로 출력하시오.
	
    정수 입력 : 59
    1 ~ 10까지의 전체의 합 :
    1 ~ 10까지의 짝수의 합 :
    1 ~ 10까지의 홀수의 합 :
    
    1 ~ 20까지의 전체의 합 :
    1 ~ 20까지의 짝수의 합 :
    1 ~ 20까지의 홀수의 합 :
    
    1 ~ 30까지의 짝수의 합 :
    1 ~ 30까지의 홀수의 합 :
    1 ~ 30까지의 전체의 합 :
    
    1 ~ 40까지의 짝수의 합 :
    1 ~ 40까지의 홀수의 합 :
    1 ~ 40까지의 전체의 합 :
    
    1 ~ 50까지의 짝수의 합 :
    1 ~ 50까지의 홀수의 합 :
    1 ~ 50까지의 전체의 합 :
    
    1 ~ 59까지의 짝수의 합 :
    1 ~ 59까지의 홀수의 합 :
    1 ~ 59까지의 전체의 합 :
*/
import java.util.Scanner;
public class ForEX07 {

	public static void main(String[] args) {
		Scanner sc = new Scanner(System.in);
		
		int n, result = 0, odd=0, even=0;
		// 전체의 합: result, 짝수의 합:even, 홀수의 합: odd
		System.out.println("정수 입력 :");
		n = sc.nextInt();
		// 1부터 n까지 반복문을 실행한다.
		for(int i = 1; i <=n; i++) {
		result += i;
		   if(i >= 1 && i <=10) {
			   System.out.println("1 ~ 10까지의 전체의 합 :"+result);
		   }else (i >= 1 && i <=10)
		
		
	}

}}

----------------------------------- SOURCE END -------------------------------------
!STACK 0
java.lang.IllegalArgumentException
	at org.eclipse.jdt.core.dom.InfixExpression.setOperator(InfixExpression.java:383)
	at org.eclipse.jdt.core.dom.ASTConverter.convert(ASTConverter.java:880)
	at org.eclipse.jdt.core.dom.ASTConverter.convert(ASTConverter.java:2022)
	at org.eclipse.jdt.core.dom.ASTConverter.convertToParenthesizedExpression(ASTConverter.java:3795)
	at org.eclipse.jdt.core.dom.ASTConverter.convert(ASTConverter.java:1943)
	at org.eclipse.jdt.core.dom.ASTConverter.convert(ASTConverter.java:1204)
	at org.eclipse.jdt.core.dom.ASTConverter.convert(ASTConverter.java:1974)
	at org.eclipse.jdt.core.dom.ASTConverter.convert(ASTConverter.java:3052)
	at org.eclipse.jdt.core.dom.ASTConverter.convert(ASTConverter.java:2219)
	at org.eclipse.jdt.core.dom.ASTConverter.convert(ASTConverter.java:2994)
	at org.eclipse.jdt.core.dom.ASTConverter.convert(ASTConverter.java:1383)
	at org.eclipse.jdt.core.dom.ASTConverter.convert(ASTConverter.java:2970)
	at org.eclipse.jdt.core.dom.ASTConverter.convert(ASTConverter.java:2204)
	at org.eclipse.jdt.core.dom.ASTConverter.convert(ASTConverter.java:2991)
	at org.eclipse.jdt.core.dom.ASTConverter.convert(ASTConverter.java:751)
	at org.eclipse.jdt.core.dom.ASTConverter.buildBodyDeclarations(ASTConverter.java:208)
	at org.eclipse.jdt.core.dom.ASTConverter.convert(ASTConverter.java:3347)
	at org.eclipse.jdt.core.dom.ASTConverter.convert(ASTConverter.java:1524)
	at org.eclipse.jdt.core.dom.AST.convertCompilationUnit(AST.java:494)
	at org.eclipse.jdt.internal.core.CompilationUnit.buildStructure(CompilationUnit.java:201)
	at org.eclipse.jdt.internal.core.Openable.generateInfos(Openable.java:266)
	at org.eclipse.jdt.internal.core.JavaElement.openWhenClosed(JavaElement.java:597)
	at org.eclipse.jdt.internal.core.CompilationUnit.makeConsistent(CompilationUnit.java:1142)
	at org.eclipse.jdt.internal.core.ReconcileWorkingCopyOperation.makeConsistent(ReconcileWorkingCopyOperation.java:173)
	at org.eclipse.jdt.internal.core.ReconcileWorkingCopyOperation.executeOperation(ReconcileWorkingCopyOperation.java:94)
	at org.eclipse.jdt.internal.core.JavaModelOperation.run(JavaModelOperation.java:740)
	at org.eclipse.jdt.internal.core.JavaModelOperation.runOperation(JavaModelOperation.java:806)
	at org.eclipse.jdt.internal.core.CompilationUnit.reconcile(CompilationUnit.java:1319)
	at org.eclipse.jdt.internal.ui.text.java.JavaReconcilingStrategy.reconcile(JavaReconcilingStrategy.java:131)
	at org.eclipse.jdt.internal.ui.text.java.JavaReconcilingStrategy.access$0(JavaReconcilingStrategy.java:113)
	at org.eclipse.jdt.internal.ui.text.java.JavaReconcilingStrategy$1.run(JavaReconcilingStrategy.java:93)
	at org.eclipse.core.runtime.SafeRunner.run(SafeRunner.java:45)
	at org.eclipse.jdt.internal.ui.text.java.JavaReconcilingStrategy.reconcile(JavaReconcilingStrategy.java:90)
	at org.eclipse.jdt.internal.ui.text.java.JavaReconcilingStrategy.reconcile(JavaReconcilingStrategy.java:157)
	at org.eclipse.jdt.internal.ui.text.CompositeReconcilingStrategy.reconcile(CompositeReconcilingStrategy.java:94)
	at org.eclipse.jdt.internal.ui.text.JavaCompositeReconcilingStrategy.reconcile(JavaCompositeReconcilingStrategy.java:107)
	at org.eclipse.jface.text.reconciler.MonoReconciler.process(MonoReconciler.java:76)
	at org.eclipse.jface.text.reconciler.AbstractReconciler$BackgroundThread.run(AbstractReconciler.java:210)

!ENTRY org.eclipse.jdt.ui 4 2 2026-07-20 16:44:42.267
!MESSAGE Problems occurred when invoking code from plug-in: "org.eclipse.jdt.ui".
!STACK 0
java.lang.IllegalArgumentException
	at org.eclipse.jdt.core.dom.InfixExpression.setOperator(InfixExpression.java:383)
	at org.eclipse.jdt.core.dom.ASTConverter.convert(ASTConverter.java:880)
	at org.eclipse.jdt.core.dom.ASTConverter.convert(ASTConverter.java:2022)
	at org.eclipse.jdt.core.dom.ASTConverter.convertToParenthesizedExpression(ASTConverter.java:3795)
	at org.eclipse.jdt.core.dom.ASTConverter.convert(ASTConverter.java:1943)
	at org.eclipse.jdt.core.dom.ASTConverter.convert(ASTConverter.java:1204)
	at org.eclipse.jdt.core.dom.ASTConverter.convert(ASTConverter.java:1974)
	at org.eclipse.jdt.core.dom.ASTConverter.convert(ASTConverter.java:3052)
	at org.eclipse.jdt.core.dom.ASTConverter.convert(ASTConverter.java:2219)
	at org.eclipse.jdt.core.dom.ASTConverter.convert(ASTConverter.java:2994)
	at org.eclipse.jdt.core.dom.ASTConverter.convert(ASTConverter.java:1383)
	at org.eclipse.jdt.core.dom.ASTConverter.convert(ASTConverter.java:2970)
	at org.eclipse.jdt.core.dom.ASTConverter.convert(ASTConverter.java:2204)
	at org.eclipse.jdt.core.dom.ASTConverter.convert(ASTConverter.java:2991)
	at org.eclipse.jdt.core.dom.ASTConverter.convert(ASTConverter.java:751)
	at org.eclipse.jdt.core.dom.ASTConverter.buildBodyDeclarations(ASTConverter.java:208)
	at org.eclipse.jdt.core.dom.ASTConverter.convert(ASTConverter.java:3347)
	at org.eclipse.jdt.core.dom.ASTConverter.convert(ASTConverter.java:1524)
	at org.eclipse.jdt.core.dom.AST.convertCompilationUnit(AST.java:494)
	at org.eclipse.jdt.internal.core.CompilationUnit.buildStructure(CompilationUnit.java:201)
	at org.eclipse.jdt.internal.core.Openable.generateInfos(Openable.java:266)
	at org.eclipse.jdt.internal.core.JavaElement.openWhenClosed(JavaElement.java:597)
	at org.eclipse.jdt.internal.core.CompilationUnit.makeConsistent(CompilationUnit.java:1142)
	at org.eclipse.jdt.internal.core.ReconcileWorkingCopyOperation.makeConsistent(ReconcileWorkingCopyOperation.java:173)
	at org.eclipse.jdt.internal.core.ReconcileWorkingCopyOperation.executeOperation(ReconcileWorkingCopyOperation.java:94)
	at org.eclipse.jdt.internal.core.JavaModelOperation.run(JavaModelOperation.java:740)
	at org.eclipse.jdt.internal.core.JavaModelOperation.runOperation(JavaModelOperation.java:806)
	at org.eclipse.jdt.internal.core.CompilationUnit.reconcile(CompilationUnit.java:1319)
	at org.eclipse.jdt.internal.ui.text.java.JavaReconcilingStrategy.reconcile(JavaReconcilingStrategy.java:131)
	at org.eclipse.jdt.internal.ui.text.java.JavaReconcilingStrategy.access$0(JavaReconcilingStrategy.java:113)
	at org.eclipse.jdt.internal.ui.text.java.JavaReconcilingStrategy$1.run(JavaReconcilingStrategy.java:93)
	at org.eclipse.core.runtime.SafeRunner.run(SafeRunner.java:45)
	at org.eclipse.jdt.internal.ui.text.java.JavaReconcilingStrategy.reconcile(JavaReconcilingStrategy.java:90)
	at org.eclipse.jdt.internal.ui.text.java.JavaReconcilingStrategy.reconcile(JavaReconcilingStrategy.java:157)
	at org.eclipse.jdt.internal.ui.text.CompositeReconcilingStrategy.reconcile(CompositeReconcilingStrategy.java:94)
	at org.eclipse.jdt.internal.ui.text.JavaCompositeReconcilingStrategy.reconcile(JavaCompositeReconcilingStrategy.java:107)
	at org.eclipse.jface.text.reconciler.MonoReconciler.process(MonoReconciler.java:76)
	at org.eclipse.jface.text.reconciler.AbstractReconciler$BackgroundThread.run(AbstractReconciler.java:210)

!ENTRY org.eclipse.jdt.ui 4 0 2026-07-20 16:44:42.267
!MESSAGE Error in JDT Core during reconcile
!STACK 0
java.lang.IllegalArgumentException
	at org.eclipse.jdt.core.dom.InfixExpression.setOperator(InfixExpression.java:383)
	at org.eclipse.jdt.core.dom.ASTConverter.convert(ASTConverter.java:880)
	at org.eclipse.jdt.core.dom.ASTConverter.convert(ASTConverter.java:2022)
	at org.eclipse.jdt.core.dom.ASTConverter.convertToParenthesizedExpression(ASTConverter.java:3795)
	at org.eclipse.jdt.core.dom.ASTConverter.convert(ASTConverter.java:1943)
	at org.eclipse.jdt.core.dom.ASTConverter.convert(ASTConverter.java:1204)
	at org.eclipse.jdt.core.dom.ASTConverter.convert(ASTConverter.java:1974)
	at org.eclipse.jdt.core.dom.ASTConverter.convert(ASTConverter.java:3052)
	at org.eclipse.jdt.core.dom.ASTConverter.convert(ASTConverter.java:2219)
	at org.eclipse.jdt.core.dom.ASTConverter.convert(ASTConverter.java:2994)
	at org.eclipse.jdt.core.dom.ASTConverter.convert(ASTConverter.java:1383)
	at org.eclipse.jdt.core.dom.ASTConverter.convert(ASTConverter.java:2970)
	at org.eclipse.jdt.core.dom.ASTConverter.convert(ASTConverter.java:2204)
	at org.eclipse.jdt.core.dom.ASTConverter.convert(ASTConverter.java:2991)
	at org.eclipse.jdt.core.dom.ASTConverter.convert(ASTConverter.java:751)
	at org.eclipse.jdt.core.dom.ASTConverter.buildBodyDeclarations(ASTConverter.java:208)
	at org.eclipse.jdt.core.dom.ASTConverter.convert(ASTConverter.java:3347)
	at org.eclipse.jdt.core.dom.ASTConverter.convert(ASTConverter.java:1524)
	at org.eclipse.jdt.core.dom.AST.convertCompilationUnit(AST.java:494)
	at org.eclipse.jdt.internal.core.CompilationUnit.buildStructure(CompilationUnit.java:201)
	at org.eclipse.jdt.internal.core.Openable.generateInfos(Openable.java:266)
	at org.eclipse.jdt.internal.core.JavaElement.openWhenClosed(JavaElement.java:597)
	at org.eclipse.jdt.internal.core.CompilationUnit.makeConsistent(CompilationUnit.java:1142)
	at org.eclipse.jdt.internal.core.ReconcileWorkingCopyOperation.makeConsistent(ReconcileWorkingCopyOperation.java:173)
	at org.eclipse.jdt.internal.core.ReconcileWorkingCopyOperation.executeOperation(ReconcileWorkingCopyOperation.java:94)
	at org.eclipse.jdt.internal.core.JavaModelOperation.run(JavaModelOperation.java:740)
	at org.eclipse.jdt.internal.core.JavaModelOperation.runOperation(JavaModelOperation.java:806)
	at org.eclipse.jdt.internal.core.CompilationUnit.reconcile(CompilationUnit.java:1319)
	at org.eclipse.jdt.internal.ui.text.java.JavaReconcilingStrategy.reconcile(JavaReconcilingStrategy.java:131)
	at org.eclipse.jdt.internal.ui.text.java.JavaReconcilingStrategy.access$0(JavaReconcilingStrategy.java:113)
	at org.eclipse.jdt.internal.ui.text.java.JavaReconcilingStrategy$1.run(JavaReconcilingStrategy.java:93)
	at org.eclipse.core.runtime.SafeRunner.run(SafeRunner.java:45)
	at org.eclipse.jdt.internal.ui.text.java.JavaReconcilingStrategy.reconcile(JavaReconcilingStrategy.java:90)
	at org.eclipse.jdt.internal.ui.text.java.JavaReconcilingStrategy.reconcile(JavaReconcilingStrategy.java:157)
	at org.eclipse.jdt.internal.ui.text.CompositeReconcilingStrategy.reconcile(CompositeReconcilingStrategy.java:94)
	at org.eclipse.jdt.internal.ui.text.JavaCompositeReconcilingStrategy.reconcile(JavaCompositeReconcilingStrategy.java:107)
	at org.eclipse.jface.text.reconciler.MonoReconciler.process(MonoReconciler.java:76)
	at org.eclipse.jface.text.reconciler.AbstractReconciler$BackgroundThread.run(AbstractReconciler.java:210)

!ENTRY org.eclipse.jdt.core 4 4 2026-07-20 16:44:44.271
!MESSAGE Exception occurred during compilation unit conversion:
----------------------------------- SOURCE BEGIN -------------------------------------
package ex;

/*문]
	사용자로부터 임의의 정수를 입력받아 1부터 입력받은 정수까지의
	전체의 합계, 짝수의 합계, 홀수의 합을 각각 출력하시오.
	단, 10단위로 출력하시오.
	
    정수 입력 : 59
    1 ~ 10까지의 전체의 합 :
    1 ~ 10까지의 짝수의 합 :
    1 ~ 10까지의 홀수의 합 :
    
    1 ~ 20까지의 전체의 합 :
    1 ~ 20까지의 짝수의 합 :
    1 ~ 20까지의 홀수의 합 :
    
    1 ~ 30까지의 짝수의 합 :
    1 ~ 30까지의 홀수의 합 :
    1 ~ 30까지의 전체의 합 :
    
    1 ~ 40까지의 짝수의 합 :
    1 ~ 40까지의 홀수의 합 :
    1 ~ 40까지의 전체의 합 :
    
    1 ~ 50까지의 짝수의 합 :
    1 ~ 50까지의 홀수의 합 :
    1 ~ 50까지의 전체의 합 :
    
    1 ~ 59까지의 짝수의 합 :
    1 ~ 59까지의 홀수의 합 :
    1 ~ 59까지의 전체의 합 :
*/
import java.util.Scanner;
public class ForEX07 {

	public static void main(String[] args) {
		Scanner sc = new Scanner(System.in);
		
		int n, result = 0, odd=0, even=0;
		// 전체의 합: result, 짝수의 합:even, 홀수의 합: odd
		System.out.println("정수 입력 :");
		n = sc.nextInt();
		// 1부터 n까지 반복문을 실행한다.
		for(int i = 1; i <=n; i++) {
		result += i;
		   if(i >= 1 && i <=10) {
			   System.out.println("1 ~ 10까지의 전체의 합 :"+result);
		   }else(i >= 1 && i <=10)
		
		
	}

}}

----------------------------------- SOURCE END -------------------------------------
!STACK 0
java.lang.IllegalArgumentException
	at org.eclipse.jdt.core.dom.InfixExpression.setOperator(InfixExpression.java:383)
	at org.eclipse.jdt.core.dom.ASTConverter.convert(ASTConverter.java:880)
	at org.eclipse.jdt.core.dom.ASTConverter.convert(ASTConverter.java:2022)
	at org.eclipse.jdt.core.dom.ASTConverter.convertToParenthesizedExpression(ASTConverter.java:3795)
	at org.eclipse.jdt.core.dom.ASTConverter.convert(ASTConverter.java:1943)
	at org.eclipse.jdt.core.dom.ASTConverter.convert(ASTConverter.java:1204)
	at org.eclipse.jdt.core.dom.ASTConverter.convert(ASTConverter.java:1974)
	at org.eclipse.jdt.core.dom.ASTConverter.convert(ASTConverter.java:3052)
	at org.eclipse.jdt.core.dom.ASTConverter.convert(ASTConverter.java:2219)
	at org.eclipse.jdt.core.dom.ASTConverter.convert(ASTConverter.java:2994)
	at org.eclipse.jdt.core.dom.ASTConverter.convert(ASTConverter.java:1383)
	at org.eclipse.jdt.core.dom.ASTConverter.convert(ASTConverter.java:2970)
	at org.eclipse.jdt.core.dom.ASTConverter.convert(ASTConverter.java:2204)
	at org.eclipse.jdt.core.dom.ASTConverter.convert(ASTConverter.java:2991)
	at org.eclipse.jdt.core.dom.ASTConverter.convert(ASTConverter.java:751)
	at org.eclipse.jdt.core.dom.ASTConverter.buildBodyDeclarations(ASTConverter.java:208)
	at org.eclipse.jdt.core.dom.ASTConverter.convert(ASTConverter.java:3347)
	at org.eclipse.jdt.core.dom.ASTConverter.convert(ASTConverter.java:1524)
	at org.eclipse.jdt.core.dom.AST.convertCompilationUnit(AST.java:494)
	at org.eclipse.jdt.internal.core.CompilationUnit.buildStructure(CompilationUnit.java:201)
	at org.eclipse.jdt.internal.core.Openable.generateInfos(Openable.java:266)
	at org.eclipse.jdt.internal.core.JavaElement.openWhenClosed(JavaElement.java:597)
	at org.eclipse.jdt.internal.core.CompilationUnit.makeConsistent(CompilationUnit.java:1142)
	at org.eclipse.jdt.internal.core.ReconcileWorkingCopyOperation.makeConsistent(ReconcileWorkingCopyOperation.java:173)
	at org.eclipse.jdt.internal.core.ReconcileWorkingCopyOperation.executeOperation(ReconcileWorkingCopyOperation.java:94)
	at org.eclipse.jdt.internal.core.JavaModelOperation.run(JavaModelOperation.java:740)
	at org.eclipse.jdt.internal.core.JavaModelOperation.runOperation(JavaModelOperation.java:806)
	at org.eclipse.jdt.internal.core.CompilationUnit.reconcile(CompilationUnit.java:1319)
	at org.eclipse.jdt.internal.ui.text.java.JavaReconcilingStrategy.reconcile(JavaReconcilingStrategy.java:131)
	at org.eclipse.jdt.internal.ui.text.java.JavaReconcilingStrategy.access$0(JavaReconcilingStrategy.java:113)
	at org.eclipse.jdt.internal.ui.text.java.JavaReconcilingStrategy$1.run(JavaReconcilingStrategy.java:93)
	at org.eclipse.core.runtime.SafeRunner.run(SafeRunner.java:45)
	at org.eclipse.jdt.internal.ui.text.java.JavaReconcilingStrategy.reconcile(JavaReconcilingStrategy.java:90)
	at org.eclipse.jdt.internal.ui.text.java.JavaReconcilingStrategy.reconcile(JavaReconcilingStrategy.java:157)
	at org.eclipse.jdt.internal.ui.text.CompositeReconcilingStrategy.reconcile(CompositeReconcilingStrategy.java:94)
	at org.eclipse.jdt.internal.ui.text.JavaCompositeReconcilingStrategy.reconcile(JavaCompositeReconcilingStrategy.java:107)
	at org.eclipse.jface.text.reconciler.MonoReconciler.process(MonoReconciler.java:76)
	at org.eclipse.jface.text.reconciler.AbstractReconciler$BackgroundThread.run(AbstractReconciler.java:210)

!ENTRY org.eclipse.jdt.ui 4 2 2026-07-20 16:44:44.272
!MESSAGE Problems occurred when invoking code from plug-in: "org.eclipse.jdt.ui".
!STACK 0
java.lang.IllegalArgumentException
	at org.eclipse.jdt.core.dom.InfixExpression.setOperator(InfixExpression.java:383)
	at org.eclipse.jdt.core.dom.ASTConverter.convert(ASTConverter.java:880)
	at org.eclipse.jdt.core.dom.ASTConverter.convert(ASTConverter.java:2022)
	at org.eclipse.jdt.core.dom.ASTConverter.convertToParenthesizedExpression(ASTConverter.java:3795)
	at org.eclipse.jdt.core.dom.ASTConverter.convert(ASTConverter.java:1943)
	at org.eclipse.jdt.core.dom.ASTConverter.convert(ASTConverter.java:1204)
	at org.eclipse.jdt.core.dom.ASTConverter.convert(ASTConverter.java:1974)
	at org.eclipse.jdt.core.dom.ASTConverter.convert(ASTConverter.java:3052)
	at org.eclipse.jdt.core.dom.ASTConverter.convert(ASTConverter.java:2219)
	at org.eclipse.jdt.core.dom.ASTConverter.convert(ASTConverter.java:2994)
	at org.eclipse.jdt.core.dom.ASTConverter.convert(ASTConverter.java:1383)
	at org.eclipse.jdt.core.dom.ASTConverter.convert(ASTConverter.java:2970)
	at org.eclipse.jdt.core.dom.ASTConverter.convert(ASTConverter.java:2204)
	at org.eclipse.jdt.core.dom.ASTConverter.convert(ASTConverter.java:2991)
	at org.eclipse.jdt.core.dom.ASTConverter.convert(ASTConverter.java:751)
	at org.eclipse.jdt.core.dom.ASTConverter.buildBodyDeclarations(ASTConverter.java:208)
	at org.eclipse.jdt.core.dom.ASTConverter.convert(ASTConverter.java:3347)
	at org.eclipse.jdt.core.dom.ASTConverter.convert(ASTConverter.java:1524)
	at org.eclipse.jdt.core.dom.AST.convertCompilationUnit(AST.java:494)
	at org.eclipse.jdt.internal.core.CompilationUnit.buildStructure(CompilationUnit.java:201)
	at org.eclipse.jdt.internal.core.Openable.generateInfos(Openable.java:266)
	at org.eclipse.jdt.internal.core.JavaElement.openWhenClosed(JavaElement.java:597)
	at org.eclipse.jdt.internal.core.CompilationUnit.makeConsistent(CompilationUnit.java:1142)
	at org.eclipse.jdt.internal.core.ReconcileWorkingCopyOperation.makeConsistent(ReconcileWorkingCopyOperation.java:173)
	at org.eclipse.jdt.internal.core.ReconcileWorkingCopyOperation.executeOperation(ReconcileWorkingCopyOperation.java:94)
	at org.eclipse.jdt.internal.core.JavaModelOperation.run(JavaModelOperation.java:740)
	at org.eclipse.jdt.internal.core.JavaModelOperation.runOperation(JavaModelOperation.java:806)
	at org.eclipse.jdt.internal.core.CompilationUnit.reconcile(CompilationUnit.java:1319)
	at org.eclipse.jdt.internal.ui.text.java.JavaReconcilingStrategy.reconcile(JavaReconcilingStrategy.java:131)
	at org.eclipse.jdt.internal.ui.text.java.JavaReconcilingStrategy.access$0(JavaReconcilingStrategy.java:113)
	at org.eclipse.jdt.internal.ui.text.java.JavaReconcilingStrategy$1.run(JavaReconcilingStrategy.java:93)
	at org.eclipse.core.runtime.SafeRunner.run(SafeRunner.java:45)
	at org.eclipse.jdt.internal.ui.text.java.JavaReconcilingStrategy.reconcile(JavaReconcilingStrategy.java:90)
	at org.eclipse.jdt.internal.ui.text.java.JavaReconcilingStrategy.reconcile(JavaReconcilingStrategy.java:157)
	at org.eclipse.jdt.internal.ui.text.CompositeReconcilingStrategy.reconcile(CompositeReconcilingStrategy.java:94)
	at org.eclipse.jdt.internal.ui.text.JavaCompositeReconcilingStrategy.reconcile(JavaCompositeReconcilingStrategy.java:107)
	at org.eclipse.jface.text.reconciler.MonoReconciler.process(MonoReconciler.java:76)
	at org.eclipse.jface.text.reconciler.AbstractReconciler$BackgroundThread.run(AbstractReconciler.java:210)

!ENTRY org.eclipse.jdt.ui 4 0 2026-07-20 16:44:44.273
!MESSAGE Error in JDT Core during reconcile
!STACK 0
java.lang.IllegalArgumentException
	at org.eclipse.jdt.core.dom.InfixExpression.setOperator(InfixExpression.java:383)
	at org.eclipse.jdt.core.dom.ASTConverter.convert(ASTConverter.java:880)
	at org.eclipse.jdt.core.dom.ASTConverter.convert(ASTConverter.java:2022)
	at org.eclipse.jdt.core.dom.ASTConverter.convertToParenthesizedExpression(ASTConverter.java:3795)
	at org.eclipse.jdt.core.dom.ASTConverter.convert(ASTConverter.java:1943)
	at org.eclipse.jdt.core.dom.ASTConverter.convert(ASTConverter.java:1204)
	at org.eclipse.jdt.core.dom.ASTConverter.convert(ASTConverter.java:1974)
	at org.eclipse.jdt.core.dom.ASTConverter.convert(ASTConverter.java:3052)
	at org.eclipse.jdt.core.dom.ASTConverter.convert(ASTConverter.java:2219)
	at org.eclipse.jdt.core.dom.ASTConverter.convert(ASTConverter.java:2994)
	at org.eclipse.jdt.core.dom.ASTConverter.convert(ASTConverter.java:1383)
	at org.eclipse.jdt.core.dom.ASTConverter.convert(ASTConverter.java:2970)
	at org.eclipse.jdt.core.dom.ASTConverter.convert(ASTConverter.java:2204)
	at org.eclipse.jdt.core.dom.ASTConverter.convert(ASTConverter.java:2991)
	at org.eclipse.jdt.core.dom.ASTConverter.convert(ASTConverter.java:751)
	at org.eclipse.jdt.core.dom.ASTConverter.buildBodyDeclarations(ASTConverter.java:208)
	at org.eclipse.jdt.core.dom.ASTConverter.convert(ASTConverter.java:3347)
	at org.eclipse.jdt.core.dom.ASTConverter.convert(ASTConverter.java:1524)
	at org.eclipse.jdt.core.dom.AST.convertCompilationUnit(AST.java:494)
	at org.eclipse.jdt.internal.core.CompilationUnit.buildStructure(CompilationUnit.java:201)
	at org.eclipse.jdt.internal.core.Openable.generateInfos(Openable.java:266)
	at org.eclipse.jdt.internal.core.JavaElement.openWhenClosed(JavaElement.java:597)
	at org.eclipse.jdt.internal.core.CompilationUnit.makeConsistent(CompilationUnit.java:1142)
	at org.eclipse.jdt.internal.core.ReconcileWorkingCopyOperation.makeConsistent(ReconcileWorkingCopyOperation.java:173)
	at org.eclipse.jdt.internal.core.ReconcileWorkingCopyOperation.executeOperation(ReconcileWorkingCopyOperation.java:94)
	at org.eclipse.jdt.internal.core.JavaModelOperation.run(JavaModelOperation.java:740)
	at org.eclipse.jdt.internal.core.JavaModelOperation.runOperation(JavaModelOperation.java:806)
	at org.eclipse.jdt.internal.core.CompilationUnit.reconcile(CompilationUnit.java:1319)
	at org.eclipse.jdt.internal.ui.text.java.JavaReconcilingStrategy.reconcile(JavaReconcilingStrategy.java:131)
	at org.eclipse.jdt.internal.ui.text.java.JavaReconcilingStrategy.access$0(JavaReconcilingStrategy.java:113)
	at org.eclipse.jdt.internal.ui.text.java.JavaReconcilingStrategy$1.run(JavaReconcilingStrategy.java:93)
	at org.eclipse.core.runtime.SafeRunner.run(SafeRunner.java:45)
	at org.eclipse.jdt.internal.ui.text.java.JavaReconcilingStrategy.reconcile(JavaReconcilingStrategy.java:90)
	at org.eclipse.jdt.internal.ui.text.java.JavaReconcilingStrategy.reconcile(JavaReconcilingStrategy.java:157)
	at org.eclipse.jdt.internal.ui.text.CompositeReconcilingStrategy.reconcile(CompositeReconcilingStrategy.java:94)
	at org.eclipse.jdt.internal.ui.text.JavaCompositeReconcilingStrategy.reconcile(JavaCompositeReconcilingStrategy.java:107)
	at org.eclipse.jface.text.reconciler.MonoReconciler.process(MonoReconciler.java:76)
	at org.eclipse.jface.text.reconciler.AbstractReconciler$BackgroundThread.run(AbstractReconciler.java:210)

!ENTRY org.eclipse.jdt.core 4 4 2026-07-20 16:44:48.925
!MESSAGE Exception occurred during compilation unit conversion:
----------------------------------- SOURCE BEGIN -------------------------------------
package ex;

/*문]
	사용자로부터 임의의 정수를 입력받아 1부터 입력받은 정수까지의
	전체의 합계, 짝수의 합계, 홀수의 합을 각각 출력하시오.
	단, 10단위로 출력하시오.
	
    정수 입력 : 59
    1 ~ 10까지의 전체의 합 :
    1 ~ 10까지의 짝수의 합 :
    1 ~ 10까지의 홀수의 합 :
    
    1 ~ 20까지의 전체의 합 :
    1 ~ 20까지의 짝수의 합 :
    1 ~ 20까지의 홀수의 합 :
    
    1 ~ 30까지의 짝수의 합 :
    1 ~ 30까지의 홀수의 합 :
    1 ~ 30까지의 전체의 합 :
    
    1 ~ 40까지의 짝수의 합 :
    1 ~ 40까지의 홀수의 합 :
    1 ~ 40까지의 전체의 합 :
    
    1 ~ 50까지의 짝수의 합 :
    1 ~ 50까지의 홀수의 합 :
    1 ~ 50까지의 전체의 합 :
    
    1 ~ 59까지의 짝수의 합 :
    1 ~ 59까지의 홀수의 합 :
    1 ~ 59까지의 전체의 합 :
*/
import java.util.Scanner;
public class ForEX07 {

	public static void main(String[] args) {
		Scanner sc = new Scanner(System.in);
		
		int n, result = 0, odd=0, even=0;
		// 전체의 합: result, 짝수의 합:even, 홀수의 합: odd
		System.out.println("정수 입력 :");
		n = sc.nextInt();
		// 1부터 n까지 반복문을 실행한다.
		for(int i = 1; i <=n; i++) {
		result += i;
		   if(i >= 1 && i <=10) {
			   System.out.println("1 ~ 10까지의 전체의 합 :"+result);
		   }else(i >= 1 && i <=10)
		
		
	}

}}

----------------------------------- SOURCE END -------------------------------------
!STACK 0
java.lang.IllegalArgumentException
	at org.eclipse.jdt.core.dom.InfixExpression.setOperator(InfixExpression.java:383)
	at org.eclipse.jdt.core.dom.ASTConverter.convert(ASTConverter.java:880)
	at org.eclipse.jdt.core.dom.ASTConverter.convert(ASTConverter.java:2022)
	at org.eclipse.jdt.core.dom.ASTConverter.convertToParenthesizedExpression(ASTConverter.java:3795)
	at org.eclipse.jdt.core.dom.ASTConverter.convert(ASTConverter.java:1943)
	at org.eclipse.jdt.core.dom.ASTConverter.convert(ASTConverter.java:1204)
	at org.eclipse.jdt.core.dom.ASTConverter.convert(ASTConverter.java:1974)
	at org.eclipse.jdt.core.dom.ASTConverter.convert(ASTConverter.java:3052)
	at org.eclipse.jdt.core.dom.ASTConverter.convert(ASTConverter.java:2219)
	at org.eclipse.jdt.core.dom.ASTConverter.convert(ASTConverter.java:2994)
	at org.eclipse.jdt.core.dom.ASTConverter.convert(ASTConverter.java:1383)
	at org.eclipse.jdt.core.dom.ASTConverter.convert(ASTConverter.java:2970)
	at org.eclipse.jdt.core.dom.ASTConverter.convert(ASTConverter.java:2204)
	at org.eclipse.jdt.core.dom.ASTConverter.convert(ASTConverter.java:2991)
	at org.eclipse.jdt.core.dom.ASTConverter.convert(ASTConverter.java:751)
	at org.eclipse.jdt.core.dom.ASTConverter.buildBodyDeclarations(ASTConverter.java:208)
	at org.eclipse.jdt.core.dom.ASTConverter.convert(ASTConverter.java:3347)
	at org.eclipse.jdt.core.dom.ASTConverter.convert(ASTConverter.java:1524)
	at org.eclipse.jdt.core.dom.CompilationUnitResolver.convert(CompilationUnitResolver.java:323)
	at org.eclipse.jdt.core.dom.ASTParser.internalCreateAST(ASTParser.java:1231)
	at org.eclipse.jdt.core.dom.ASTParser.createAST(ASTParser.java:820)
	at org.eclipse.jdt.core.manipulation.CoreASTProvider$1.run(CoreASTProvider.java:272)
	at org.eclipse.core.runtime.SafeRunner.run(SafeRunner.java:45)
	at org.eclipse.jdt.core.manipulation.CoreASTProvider.createAST(CoreASTProvider.java:264)
	at org.eclipse.jdt.core.manipulation.CoreASTProvider.getAST(CoreASTProvider.java:197)
	at org.eclipse.jdt.core.manipulation.SharedASTProviderCore.getAST(SharedASTProviderCore.java:138)
	at org.eclipse.jdt.internal.ui.javaeditor.ClipboardOperationAction.getClipboardData(ClipboardOperationAction.java:439)
	at org.eclipse.jdt.internal.ui.javaeditor.ClipboardOperationAction.doCutCopyWithImportsOperation(ClipboardOperationAction.java:366)
	at org.eclipse.jdt.internal.ui.javaeditor.ClipboardOperationAction.internalDoOperation(ClipboardOperationAction.java:326)
	at org.eclipse.swt.custom.BusyIndicator.showWhile(BusyIndicator.java:74)
	at org.eclipse.jdt.internal.ui.javaeditor.ClipboardOperationAction.run(ClipboardOperationAction.java:276)
	at org.eclipse.jface.action.Action.runWithEvent(Action.java:474)
	at org.eclipse.jface.commands.ActionHandler.execute(ActionHandler.java:121)
	at org.eclipse.ui.internal.handlers.E4HandlerProxy.execute(E4HandlerProxy.java:97)
	at jdk.internal.reflect.GeneratedMethodAccessor54.invoke(Unknown Source)
	at java.base/jdk.internal.reflect.DelegatingMethodAccessorImpl.invoke(DelegatingMethodAccessorImpl.java:43)
	at java.base/java.lang.reflect.Method.invoke(Method.java:567)
	at org.eclipse.e4.core.internal.di.MethodRequestor.execute(MethodRequestor.java:58)
	at org.eclipse.e4.core.internal.di.InjectorImpl.invokeUsingClass(InjectorImpl.java:319)
	at org.eclipse.e4.core.internal.di.InjectorImpl.invoke(InjectorImpl.java:253)
	at org.eclipse.e4.core.contexts.ContextInjectionFactory.invoke(ContextInjectionFactory.java:173)
	at org.eclipse.e4.core.commands.internal.HandlerServiceHandler.execute(HandlerServiceHandler.java:156)
	at org.eclipse.core.commands.Command.executeWithChecks(Command.java:488)
	at org.eclipse.core.commands.ParameterizedCommand.executeWithChecks(ParameterizedCommand.java:487)
	at org.eclipse.e4.core.commands.internal.HandlerServiceImpl.executeHandler(HandlerServiceImpl.java:213)
	at org.eclipse.e4.ui.bindings.keys.KeyBindingDispatcher.executeCommand(KeyBindingDispatcher.java:308)
	at org.eclipse.e4.ui.bindings.keys.KeyBindingDispatcher.press(KeyBindingDispatcher.java:584)
	at org.eclipse.e4.ui.bindings.keys.KeyBindingDispatcher.processKeyEvent(KeyBindingDispatcher.java:653)
	at org.eclipse.e4.ui.bindings.keys.KeyBindingDispatcher.filterKeySequenceBindings(KeyBindingDispatcher.java:443)
	at org.eclipse.e4.ui.bindings.keys.KeyBindingDispatcher$KeyDownFilter.handleEvent(KeyBindingDispatcher.java:96)
	at org.eclipse.swt.widgets.EventTable.sendEvent(EventTable.java:89)
	at org.eclipse.swt.widgets.Display.filterEvent(Display.java:1270)
	at org.eclipse.swt.widgets.Widget.sendEvent(Widget.java:1042)
	at org.eclipse.swt.widgets.Widget.sendEvent(Widget.java:1067)
	at org.eclipse.swt.widgets.Widget.sendEvent(Widget.java:1052)
	at org.eclipse.swt.widgets.Widget.sendKeyEvent(Widget.java:1094)
	at org.eclipse.swt.widgets.Widget.sendKeyEvent(Widget.java:1090)
	at org.eclipse.swt.widgets.Widget.wmChar(Widget.java:1519)
	at org.eclipse.swt.widgets.Control.WM_CHAR(Control.java:4882)
	at org.eclipse.swt.widgets.Canvas.WM_CHAR(Canvas.java:345)
	at org.eclipse.swt.widgets.Control.windowProc(Control.java:4760)
	at org.eclipse.swt.widgets.Canvas.windowProc(Canvas.java:340)
	at org.eclipse.swt.widgets.Display.windowProc(Display.java:4930)
	at org.eclipse.swt.internal.win32.OS.DispatchMessage(Native Method)
	at org.eclipse.swt.widgets.Display.readAndDispatch(Display.java:3624)
	at org.eclipse.e4.ui.internal.workbench.swt.PartRenderingEngine$5.run(PartRenderingEngine.java:1157)
	at org.eclipse.core.databinding.observable.Realm.runWithDefault(Realm.java:338)
	at org.eclipse.e4.ui.internal.workbench.swt.PartRenderingEngine.run(PartRenderingEngine.java:1046)
	at org.eclipse.e4.ui.internal.workbench.E4Workbench.createAndRunUI(E4Workbench.java:155)
	at org.eclipse.ui.internal.Workbench.lambda$3(Workbench.java:644)
	at org.eclipse.core.databinding.observable.Realm.runWithDefault(Realm.java:338)
	at org.eclipse.ui.internal.Workbench.createAndRunWorkbench(Workbench.java:551)
	at org.eclipse.ui.PlatformUI.createAndRunWorkbench(PlatformUI.java:156)
	at org.eclipse.ui.internal.ide.application.IDEApplication.start(IDEApplication.java:152)
	at org.eclipse.equinox.internal.app.EclipseAppHandle.run(EclipseAppHandle.java:203)
	at org.eclipse.core.runtime.internal.adaptor.EclipseAppLauncher.runApplication(EclipseAppLauncher.java:134)
	at org.eclipse.core.runtime.internal.adaptor.EclipseAppLauncher.start(EclipseAppLauncher.java:104)
	at org.eclipse.core.runtime.adaptor.EclipseStarter.run(EclipseStarter.java:401)
	at org.eclipse.core.runtime.adaptor.EclipseStarter.run(EclipseStarter.java:255)
	at java.base/jdk.internal.reflect.NativeMethodAccessorImpl.invoke0(Native Method)
	at java.base/jdk.internal.reflect.NativeMethodAccessorImpl.invoke(NativeMethodAccessorImpl.java:78)
	at java.base/jdk.internal.reflect.DelegatingMethodAccessorImpl.invoke(DelegatingMethodAccessorImpl.java:43)
	at java.base/java.lang.reflect.Method.invoke(Method.java:567)
	at org.eclipse.equinox.launcher.Main.invokeFramework(Main.java:654)
	at org.eclipse.equinox.launcher.Main.basicRun(Main.java:591)
	at org.eclipse.equinox.launcher.Main.run(Main.java:1462)

!ENTRY org.eclipse.jdt.core.manipulation 4 2 2026-07-20 16:44:48.926
!MESSAGE Problems occurred when invoking code from plug-in: "org.eclipse.jdt.core.manipulation".
!STACK 0
java.lang.IllegalArgumentException
	at org.eclipse.jdt.core.dom.InfixExpression.setOperator(InfixExpression.java:383)
	at org.eclipse.jdt.core.dom.ASTConverter.convert(ASTConverter.java:880)
	at org.eclipse.jdt.core.dom.ASTConverter.convert(ASTConverter.java:2022)
	at org.eclipse.jdt.core.dom.ASTConverter.convertToParenthesizedExpression(ASTConverter.java:3795)
	at org.eclipse.jdt.core.dom.ASTConverter.convert(ASTConverter.java:1943)
	at org.eclipse.jdt.core.dom.ASTConverter.convert(ASTConverter.java:1204)
	at org.eclipse.jdt.core.dom.ASTConverter.convert(ASTConverter.java:1974)
	at org.eclipse.jdt.core.dom.ASTConverter.convert(ASTConverter.java:3052)
	at org.eclipse.jdt.core.dom.ASTConverter.convert(ASTConverter.java:2219)
	at org.eclipse.jdt.core.dom.ASTConverter.convert(ASTConverter.java:2994)
	at org.eclipse.jdt.core.dom.ASTConverter.convert(ASTConverter.java:1383)
	at org.eclipse.jdt.core.dom.ASTConverter.convert(ASTConverter.java:2970)
	at org.eclipse.jdt.core.dom.ASTConverter.convert(ASTConverter.java:2204)
	at org.eclipse.jdt.core.dom.ASTConverter.convert(ASTConverter.java:2991)
	at org.eclipse.jdt.core.dom.ASTConverter.convert(ASTConverter.java:751)
	at org.eclipse.jdt.core.dom.ASTConverter.buildBodyDeclarations(ASTConverter.java:208)
	at org.eclipse.jdt.core.dom.ASTConverter.convert(ASTConverter.java:3347)
	at org.eclipse.jdt.core.dom.ASTConverter.convert(ASTConverter.java:1524)
	at org.eclipse.jdt.core.dom.CompilationUnitResolver.convert(CompilationUnitResolver.java:323)
	at org.eclipse.jdt.core.dom.ASTParser.internalCreateAST(ASTParser.java:1231)
	at org.eclipse.jdt.core.dom.ASTParser.createAST(ASTParser.java:820)
	at org.eclipse.jdt.core.manipulation.CoreASTProvider$1.run(CoreASTProvider.java:272)
	at org.eclipse.core.runtime.SafeRunner.run(SafeRunner.java:45)
	at org.eclipse.jdt.core.manipulation.CoreASTProvider.createAST(CoreASTProvider.java:264)
	at org.eclipse.jdt.core.manipulation.CoreASTProvider.getAST(CoreASTProvider.java:197)
	at org.eclipse.jdt.core.manipulation.SharedASTProviderCore.getAST(SharedASTProviderCore.java:138)
	at org.eclipse.jdt.internal.ui.javaeditor.ClipboardOperationAction.getClipboardData(ClipboardOperationAction.java:439)
	at org.eclipse.jdt.internal.ui.javaeditor.ClipboardOperationAction.doCutCopyWithImportsOperation(ClipboardOperationAction.java:366)
	at org.eclipse.jdt.internal.ui.javaeditor.ClipboardOperationAction.internalDoOperation(ClipboardOperationAction.java:326)
	at org.eclipse.swt.custom.BusyIndicator.showWhile(BusyIndicator.java:74)
	at org.eclipse.jdt.internal.ui.javaeditor.ClipboardOperationAction.run(ClipboardOperationAction.java:276)
	at org.eclipse.jface.action.Action.runWithEvent(Action.java:474)
	at org.eclipse.jface.commands.ActionHandler.execute(ActionHandler.java:121)
	at org.eclipse.ui.internal.handlers.E4HandlerProxy.execute(E4HandlerProxy.java:97)
	at jdk.internal.reflect.GeneratedMethodAccessor54.invoke(Unknown Source)
	at java.base/jdk.internal.reflect.DelegatingMethodAccessorImpl.invoke(DelegatingMethodAccessorImpl.java:43)
	at java.base/java.lang.reflect.Method.invoke(Method.java:567)
	at org.eclipse.e4.core.internal.di.MethodRequestor.execute(MethodRequestor.java:58)
	at org.eclipse.e4.core.internal.di.InjectorImpl.invokeUsingClass(InjectorImpl.java:319)
	at org.eclipse.e4.core.internal.di.InjectorImpl.invoke(InjectorImpl.java:253)
	at org.eclipse.e4.core.contexts.ContextInjectionFactory.invoke(ContextInjectionFactory.java:173)
	at org.eclipse.e4.core.commands.internal.HandlerServiceHandler.execute(HandlerServiceHandler.java:156)
	at org.eclipse.core.commands.Command.executeWithChecks(Command.java:488)
	at org.eclipse.core.commands.ParameterizedCommand.executeWithChecks(ParameterizedCommand.java:487)
	at org.eclipse.e4.core.commands.internal.HandlerServiceImpl.executeHandler(HandlerServiceImpl.java:213)
	at org.eclipse.e4.ui.bindings.keys.KeyBindingDispatcher.executeCommand(KeyBindingDispatcher.java:308)
	at org.eclipse.e4.ui.bindings.keys.KeyBindingDispatcher.press(KeyBindingDispatcher.java:584)
	at org.eclipse.e4.ui.bindings.keys.KeyBindingDispatcher.processKeyEvent(KeyBindingDispatcher.java:653)
	at org.eclipse.e4.ui.bindings.keys.KeyBindingDispatcher.filterKeySequenceBindings(KeyBindingDispatcher.java:443)
	at org.eclipse.e4.ui.bindings.keys.KeyBindingDispatcher$KeyDownFilter.handleEvent(KeyBindingDispatcher.java:96)
	at org.eclipse.swt.widgets.EventTable.sendEvent(EventTable.java:89)
	at org.eclipse.swt.widgets.Display.filterEvent(Display.java:1270)
	at org.eclipse.swt.widgets.Widget.sendEvent(Widget.java:1042)
	at org.eclipse.swt.widgets.Widget.sendEvent(Widget.java:1067)
	at org.eclipse.swt.widgets.Widget.sendEvent(Widget.java:1052)
	at org.eclipse.swt.widgets.Widget.sendKeyEvent(Widget.java:1094)
	at org.eclipse.swt.widgets.Widget.sendKeyEvent(Widget.java:1090)
	at org.eclipse.swt.widgets.Widget.wmChar(Widget.java:1519)
	at org.eclipse.swt.widgets.Control.WM_CHAR(Control.java:4882)
	at org.eclipse.swt.widgets.Canvas.WM_CHAR(Canvas.java:345)
	at org.eclipse.swt.widgets.Control.windowProc(Control.java:4760)
	at org.eclipse.swt.widgets.Canvas.windowProc(Canvas.java:340)
	at org.eclipse.swt.widgets.Display.windowProc(Display.java:4930)
	at org.eclipse.swt.internal.win32.OS.DispatchMessage(Native Method)
	at org.eclipse.swt.widgets.Display.readAndDispatch(Display.java:3624)
	at org.eclipse.e4.ui.internal.workbench.swt.PartRenderingEngine$5.run(PartRenderingEngine.java:1157)
	at org.eclipse.core.databinding.observable.Realm.runWithDefault(Realm.java:338)
	at org.eclipse.e4.ui.internal.workbench.swt.PartRenderingEngine.run(PartRenderingEngine.java:1046)
	at org.eclipse.e4.ui.internal.workbench.E4Workbench.createAndRunUI(E4Workbench.java:155)
	at org.eclipse.ui.internal.Workbench.lambda$3(Workbench.java:644)
	at org.eclipse.core.databinding.observable.Realm.runWithDefault(Realm.java:338)
	at org.eclipse.ui.internal.Workbench.createAndRunWorkbench(Workbench.java:551)
	at org.eclipse.ui.PlatformUI.createAndRunWorkbench(PlatformUI.java:156)
	at org.eclipse.ui.internal.ide.application.IDEApplication.start(IDEApplication.java:152)
	at org.eclipse.equinox.internal.app.EclipseAppHandle.run(EclipseAppHandle.java:203)
	at org.eclipse.core.runtime.internal.adaptor.EclipseAppLauncher.runApplication(EclipseAppLauncher.java:134)
	at org.eclipse.core.runtime.internal.adaptor.EclipseAppLauncher.start(EclipseAppLauncher.java:104)
	at org.eclipse.core.runtime.adaptor.EclipseStarter.run(EclipseStarter.java:401)
	at org.eclipse.core.runtime.adaptor.EclipseStarter.run(EclipseStarter.java:255)
	at java.base/jdk.internal.reflect.NativeMethodAccessorImpl.invoke0(Native Method)
	at java.base/jdk.internal.reflect.NativeMethodAccessorImpl.invoke(NativeMethodAccessorImpl.java:78)
	at java.base/jdk.internal.reflect.DelegatingMethodAccessorImpl.invoke(DelegatingMethodAccessorImpl.java:43)
	at java.base/java.lang.reflect.Method.invoke(Method.java:567)
	at org.eclipse.equinox.launcher.Main.invokeFramework(Main.java:654)
	at org.eclipse.equinox.launcher.Main.basicRun(Main.java:591)
	at org.eclipse.equinox.launcher.Main.run(Main.java:1462)

!ENTRY org.eclipse.jdt.core.manipulation 4 0 2026-07-20 16:44:48.926
!MESSAGE Error in JDT Core during AST creation
!STACK 0
java.lang.IllegalArgumentException
	at org.eclipse.jdt.core.dom.InfixExpression.setOperator(InfixExpression.java:383)
	at org.eclipse.jdt.core.dom.ASTConverter.convert(ASTConverter.java:880)
	at org.eclipse.jdt.core.dom.ASTConverter.convert(ASTConverter.java:2022)
	at org.eclipse.jdt.core.dom.ASTConverter.convertToParenthesizedExpression(ASTConverter.java:3795)
	at org.eclipse.jdt.core.dom.ASTConverter.convert(ASTConverter.java:1943)
	at org.eclipse.jdt.core.dom.ASTConverter.convert(ASTConverter.java:1204)
	at org.eclipse.jdt.core.dom.ASTConverter.convert(ASTConverter.java:1974)
	at org.eclipse.jdt.core.dom.ASTConverter.convert(ASTConverter.java:3052)
	at org.eclipse.jdt.core.dom.ASTConverter.convert(ASTConverter.java:2219)
	at org.eclipse.jdt.core.dom.ASTConverter.convert(ASTConverter.java:2994)
	at org.eclipse.jdt.core.dom.ASTConverter.convert(ASTConverter.java:1383)
	at org.eclipse.jdt.core.dom.ASTConverter.convert(ASTConverter.java:2970)
	at org.eclipse.jdt.core.dom.ASTConverter.convert(ASTConverter.java:2204)
	at org.eclipse.jdt.core.dom.ASTConverter.convert(ASTConverter.java:2991)
	at org.eclipse.jdt.core.dom.ASTConverter.convert(ASTConverter.java:751)
	at org.eclipse.jdt.core.dom.ASTConverter.buildBodyDeclarations(ASTConverter.java:208)
	at org.eclipse.jdt.core.dom.ASTConverter.convert(ASTConverter.java:3347)
	at org.eclipse.jdt.core.dom.ASTConverter.convert(ASTConverter.java:1524)
	at org.eclipse.jdt.core.dom.CompilationUnitResolver.convert(CompilationUnitResolver.java:323)
	at org.eclipse.jdt.core.dom.ASTParser.internalCreateAST(ASTParser.java:1231)
	at org.eclipse.jdt.core.dom.ASTParser.createAST(ASTParser.java:820)
	at org.eclipse.jdt.core.manipulation.CoreASTProvider$1.run(CoreASTProvider.java:272)
	at org.eclipse.core.runtime.SafeRunner.run(SafeRunner.java:45)
	at org.eclipse.jdt.core.manipulation.CoreASTProvider.createAST(CoreASTProvider.java:264)
	at org.eclipse.jdt.core.manipulation.CoreASTProvider.getAST(CoreASTProvider.java:197)
	at org.eclipse.jdt.core.manipulation.SharedASTProviderCore.getAST(SharedASTProviderCore.java:138)
	at org.eclipse.jdt.internal.ui.javaeditor.ClipboardOperationAction.getClipboardData(ClipboardOperationAction.java:439)
	at org.eclipse.jdt.internal.ui.javaeditor.ClipboardOperationAction.doCutCopyWithImportsOperation(ClipboardOperationAction.java:366)
	at org.eclipse.jdt.internal.ui.javaeditor.ClipboardOperationAction.internalDoOperation(ClipboardOperationAction.java:326)
	at org.eclipse.swt.custom.BusyIndicator.showWhile(BusyIndicator.java:74)
	at org.eclipse.jdt.internal.ui.javaeditor.ClipboardOperationAction.run(ClipboardOperationAction.java:276)
	at org.eclipse.jface.action.Action.runWithEvent(Action.java:474)
	at org.eclipse.jface.commands.ActionHandler.execute(ActionHandler.java:121)
	at org.eclipse.ui.internal.handlers.E4HandlerProxy.execute(E4HandlerProxy.java:97)
	at jdk.internal.reflect.GeneratedMethodAccessor54.invoke(Unknown Source)
	at java.base/jdk.internal.reflect.DelegatingMethodAccessorImpl.invoke(DelegatingMethodAccessorImpl.java:43)
	at java.base/java.lang.reflect.Method.invoke(Method.java:567)
	at org.eclipse.e4.core.internal.di.MethodRequestor.execute(MethodRequestor.java:58)
	at org.eclipse.e4.core.internal.di.InjectorImpl.invokeUsingClass(InjectorImpl.java:319)
	at org.eclipse.e4.core.internal.di.InjectorImpl.invoke(InjectorImpl.java:253)
	at org.eclipse.e4.core.contexts.ContextInjectionFactory.invoke(ContextInjectionFactory.java:173)
	at org.eclipse.e4.core.commands.internal.HandlerServiceHandler.execute(HandlerServiceHandler.java:156)
	at org.eclipse.core.commands.Command.executeWithChecks(Command.java:488)
	at org.eclipse.core.commands.ParameterizedCommand.executeWithChecks(ParameterizedCommand.java:487)
	at org.eclipse.e4.core.commands.internal.HandlerServiceImpl.executeHandler(HandlerServiceImpl.java:213)
	at org.eclipse.e4.ui.bindings.keys.KeyBindingDispatcher.executeCommand(KeyBindingDispatcher.java:308)
	at org.eclipse.e4.ui.bindings.keys.KeyBindingDispatcher.press(KeyBindingDispatcher.java:584)
	at org.eclipse.e4.ui.bindings.keys.KeyBindingDispatcher.processKeyEvent(KeyBindingDispatcher.java:653)
	at org.eclipse.e4.ui.bindings.keys.KeyBindingDispatcher.filterKeySequenceBindings(KeyBindingDispatcher.java:443)
	at org.eclipse.e4.ui.bindings.keys.KeyBindingDispatcher$KeyDownFilter.handleEvent(KeyBindingDispatcher.java:96)
	at org.eclipse.swt.widgets.EventTable.sendEvent(EventTable.java:89)
	at org.eclipse.swt.widgets.Display.filterEvent(Display.java:1270)
	at org.eclipse.swt.widgets.Widget.sendEvent(Widget.java:1042)
	at org.eclipse.swt.widgets.Widget.sendEvent(Widget.java:1067)
	at org.eclipse.swt.widgets.Widget.sendEvent(Widget.java:1052)
	at org.eclipse.swt.widgets.Widget.sendKeyEvent(Widget.java:1094)
	at org.eclipse.swt.widgets.Widget.sendKeyEvent(Widget.java:1090)
	at org.eclipse.swt.widgets.Widget.wmChar(Widget.java:1519)
	at org.eclipse.swt.widgets.Control.WM_CHAR(Control.java:4882)
	at org.eclipse.swt.widgets.Canvas.WM_CHAR(Canvas.java:345)
	at org.eclipse.swt.widgets.Control.windowProc(Control.java:4760)
	at org.eclipse.swt.widgets.Canvas.windowProc(Canvas.java:340)
	at org.eclipse.swt.widgets.Display.windowProc(Display.java:4930)
	at org.eclipse.swt.internal.win32.OS.DispatchMessage(Native Method)
	at org.eclipse.swt.widgets.Display.readAndDispatch(Display.java:3624)
	at org.eclipse.e4.ui.internal.workbench.swt.PartRenderingEngine$5.run(PartRenderingEngine.java:1157)
	at org.eclipse.core.databinding.observable.Realm.runWithDefault(Realm.java:338)
	at org.eclipse.e4.ui.internal.workbench.swt.PartRenderingEngine.run(PartRenderingEngine.java:1046)
	at org.eclipse.e4.ui.internal.workbench.E4Workbench.createAndRunUI(E4Workbench.java:155)
	at org.eclipse.ui.internal.Workbench.lambda$3(Workbench.java:644)
	at org.eclipse.core.databinding.observable.Realm.runWithDefault(Realm.java:338)
	at org.eclipse.ui.internal.Workbench.createAndRunWorkbench(Workbench.java:551)
	at org.eclipse.ui.PlatformUI.createAndRunWorkbench(PlatformUI.java:156)
	at org.eclipse.ui.internal.ide.application.IDEApplication.start(IDEApplication.java:152)
	at org.eclipse.equinox.internal.app.EclipseAppHandle.run(EclipseAppHandle.java:203)
	at org.eclipse.core.runtime.internal.adaptor.EclipseAppLauncher.runApplication(EclipseAppLauncher.java:134)
	at org.eclipse.core.runtime.internal.adaptor.EclipseAppLauncher.start(EclipseAppLauncher.java:104)
	at org.eclipse.core.runtime.adaptor.EclipseStarter.run(EclipseStarter.java:401)
	at org.eclipse.core.runtime.adaptor.EclipseStarter.run(EclipseStarter.java:255)
	at java.base/jdk.internal.reflect.NativeMethodAccessorImpl.invoke0(Native Method)
	at java.base/jdk.internal.reflect.NativeMethodAccessorImpl.invoke(NativeMethodAccessorImpl.java:78)
	at java.base/jdk.internal.reflect.DelegatingMethodAccessorImpl.invoke(DelegatingMethodAccessorImpl.java:43)
	at java.base/java.lang.reflect.Method.invoke(Method.java:567)
	at org.eclipse.equinox.launcher.Main.invokeFramework(Main.java:654)
	at org.eclipse.equinox.launcher.Main.basicRun(Main.java:591)
	at org.eclipse.equinox.launcher.Main.run(Main.java:1462)

!ENTRY org.eclipse.jdt.core 4 4 2026-07-20 16:44:59.790
!MESSAGE Exception occurred during compilation unit conversion:
----------------------------------- SOURCE BEGIN -------------------------------------
package ex;

/*문]
	사용자로부터 임의의 정수를 입력받아 1부터 입력받은 정수까지의
	전체의 합계, 짝수의 합계, 홀수의 합을 각각 출력하시오.
	단, 10단위로 출력하시오.
	
    정수 입력 : 59
    1 ~ 10까지의 전체의 합 :
    1 ~ 10까지의 짝수의 합 :
    1 ~ 10까지의 홀수의 합 :
    
    1 ~ 20까지의 전체의 합 :
    1 ~ 20까지의 짝수의 합 :
    1 ~ 20까지의 홀수의 합 :
    
    1 ~ 30까지의 짝수의 합 :
    1 ~ 30까지의 홀수의 합 :
    1 ~ 30까지의 전체의 합 :
    
    1 ~ 40까지의 짝수의 합 :
    1 ~ 40까지의 홀수의 합 :
    1 ~ 40까지의 전체의 합 :
    
    1 ~ 50까지의 짝수의 합 :
    1 ~ 50까지의 홀수의 합 :
    1 ~ 50까지의 전체의 합 :
    
    1 ~ 59까지의 짝수의 합 :
    1 ~ 59까지의 홀수의 합 :
    1 ~ 59까지의 전체의 합 :
*/
import java.util.Scanner;
public class ForEX07 {

	public static void main(String[] args) {
		Scanner sc = new Scanner(System.in);
		
		int n, result = 0, odd=0, even=0;
		// 전체의 합: result, 짝수의 합:even, 홀수의 합: odd
		System.out.println("정수 입력 :");
		n = sc.nextInt();
		// 1부터 n까지 반복문을 실행한다.
		for(int i = 1; i <=n; i++) {
		result += i;
		   if(i >= 1 && i <=10) {
			   System.out.println("1 ~ 10까지의 전체의 합 :"+result);
		   }else(i >= 1 && i <=10)
		   System.out.println();
		
		
	}

}}

----------------------------------- SOURCE END -------------------------------------
!STACK 0
java.lang.IllegalArgumentException
	at org.eclipse.jdt.core.dom.InfixExpression.setOperator(InfixExpression.java:383)
	at org.eclipse.jdt.core.dom.ASTConverter.convert(ASTConverter.java:880)
	at org.eclipse.jdt.core.dom.ASTConverter.convert(ASTConverter.java:2022)
	at org.eclipse.jdt.core.dom.ASTConverter.convertToParenthesizedExpression(ASTConverter.java:3795)
	at org.eclipse.jdt.core.dom.ASTConverter.convert(ASTConverter.java:1943)
	at org.eclipse.jdt.core.dom.ASTConverter.convert(ASTConverter.java:1204)
	at org.eclipse.jdt.core.dom.ASTConverter.convert(ASTConverter.java:1974)
	at org.eclipse.jdt.core.dom.ASTConverter.convert(ASTConverter.java:3052)
	at org.eclipse.jdt.core.dom.ASTConverter.convert(ASTConverter.java:2219)
	at org.eclipse.jdt.core.dom.ASTConverter.convert(ASTConverter.java:2994)
	at org.eclipse.jdt.core.dom.ASTConverter.convert(ASTConverter.java:1383)
	at org.eclipse.jdt.core.dom.ASTConverter.convert(ASTConverter.java:2970)
	at org.eclipse.jdt.core.dom.ASTConverter.convert(ASTConverter.java:2204)
	at org.eclipse.jdt.core.dom.ASTConverter.convert(ASTConverter.java:2991)
	at org.eclipse.jdt.core.dom.ASTConverter.convert(ASTConverter.java:751)
	at org.eclipse.jdt.core.dom.ASTConverter.buildBodyDeclarations(ASTConverter.java:208)
	at org.eclipse.jdt.core.dom.ASTConverter.convert(ASTConverter.java:3347)
	at org.eclipse.jdt.core.dom.ASTConverter.convert(ASTConverter.java:1524)
	at org.eclipse.jdt.core.dom.AST.convertCompilationUnit(AST.java:494)
	at org.eclipse.jdt.internal.core.CompilationUnit.buildStructure(CompilationUnit.java:201)
	at org.eclipse.jdt.internal.core.Openable.generateInfos(Openable.java:266)
	at org.eclipse.jdt.internal.core.JavaElement.openWhenClosed(JavaElement.java:597)
	at org.eclipse.jdt.internal.core.CompilationUnit.makeConsistent(CompilationUnit.java:1142)
	at org.eclipse.jdt.internal.core.ReconcileWorkingCopyOperation.makeConsistent(ReconcileWorkingCopyOperation.java:173)
	at org.eclipse.jdt.internal.core.ReconcileWorkingCopyOperation.executeOperation(ReconcileWorkingCopyOperation.java:94)
	at org.eclipse.jdt.internal.core.JavaModelOperation.run(JavaModelOperation.java:740)
	at org.eclipse.jdt.internal.core.JavaModelOperation.runOperation(JavaModelOperation.java:806)
	at org.eclipse.jdt.internal.core.CompilationUnit.reconcile(CompilationUnit.java:1319)
	at org.eclipse.jdt.internal.ui.text.java.JavaReconcilingStrategy.reconcile(JavaReconcilingStrategy.java:131)
	at org.eclipse.jdt.internal.ui.text.java.JavaReconcilingStrategy.access$0(JavaReconcilingStrategy.java:113)
	at org.eclipse.jdt.internal.ui.text.java.JavaReconcilingStrategy$1.run(JavaReconcilingStrategy.java:93)
	at org.eclipse.core.runtime.SafeRunner.run(SafeRunner.java:45)
	at org.eclipse.jdt.internal.ui.text.java.JavaReconcilingStrategy.reconcile(JavaReconcilingStrategy.java:90)
	at org.eclipse.jdt.internal.ui.text.java.JavaReconcilingStrategy.reconcile(JavaReconcilingStrategy.java:157)
	at org.eclipse.jdt.internal.ui.text.CompositeReconcilingStrategy.reconcile(CompositeReconcilingStrategy.java:94)
	at org.eclipse.jdt.internal.ui.text.JavaCompositeReconcilingStrategy.reconcile(JavaCompositeReconcilingStrategy.java:107)
	at org.eclipse.jface.text.reconciler.MonoReconciler.process(MonoReconciler.java:76)
	at org.eclipse.jface.text.reconciler.AbstractReconciler$BackgroundThread.run(AbstractReconciler.java:210)

!ENTRY org.eclipse.jdt.ui 4 2 2026-07-20 16:44:59.791
!MESSAGE Problems occurred when invoking code from plug-in: "org.eclipse.jdt.ui".
!STACK 0
java.lang.IllegalArgumentException
	at org.eclipse.jdt.core.dom.InfixExpression.setOperator(InfixExpression.java:383)
	at org.eclipse.jdt.core.dom.ASTConverter.convert(ASTConverter.java:880)
	at org.eclipse.jdt.core.dom.ASTConverter.convert(ASTConverter.java:2022)
	at org.eclipse.jdt.core.dom.ASTConverter.convertToParenthesizedExpression(ASTConverter.java:3795)
	at org.eclipse.jdt.core.dom.ASTConverter.convert(ASTConverter.java:1943)
	at org.eclipse.jdt.core.dom.ASTConverter.convert(ASTConverter.java:1204)
	at org.eclipse.jdt.core.dom.ASTConverter.convert(ASTConverter.java:1974)
	at org.eclipse.jdt.core.dom.ASTConverter.convert(ASTConverter.java:3052)
	at org.eclipse.jdt.core.dom.ASTConverter.convert(ASTConverter.java:2219)
	at org.eclipse.jdt.core.dom.ASTConverter.convert(ASTConverter.java:2994)
	at org.eclipse.jdt.core.dom.ASTConverter.convert(ASTConverter.java:1383)
	at org.eclipse.jdt.core.dom.ASTConverter.convert(ASTConverter.java:2970)
	at org.eclipse.jdt.core.dom.ASTConverter.convert(ASTConverter.java:2204)
	at org.eclipse.jdt.core.dom.ASTConverter.convert(ASTConverter.java:2991)
	at org.eclipse.jdt.core.dom.ASTConverter.convert(ASTConverter.java:751)
	at org.eclipse.jdt.core.dom.ASTConverter.buildBodyDeclarations(ASTConverter.java:208)
	at org.eclipse.jdt.core.dom.ASTConverter.convert(ASTConverter.java:3347)
	at org.eclipse.jdt.core.dom.ASTConverter.convert(ASTConverter.java:1524)
	at org.eclipse.jdt.core.dom.AST.convertCompilationUnit(AST.java:494)
	at org.eclipse.jdt.internal.core.CompilationUnit.buildStructure(CompilationUnit.java:201)
	at org.eclipse.jdt.internal.core.Openable.generateInfos(Openable.java:266)
	at org.eclipse.jdt.internal.core.JavaElement.openWhenClosed(JavaElement.java:597)
	at org.eclipse.jdt.internal.core.CompilationUnit.makeConsistent(CompilationUnit.java:1142)
	at org.eclipse.jdt.internal.core.ReconcileWorkingCopyOperation.makeConsistent(ReconcileWorkingCopyOperation.java:173)
	at org.eclipse.jdt.internal.core.ReconcileWorkingCopyOperation.executeOperation(ReconcileWorkingCopyOperation.java:94)
	at org.eclipse.jdt.internal.core.JavaModelOperation.run(JavaModelOperation.java:740)
	at org.eclipse.jdt.internal.core.JavaModelOperation.runOperation(JavaModelOperation.java:806)
	at org.eclipse.jdt.internal.core.CompilationUnit.reconcile(CompilationUnit.java:1319)
	at org.eclipse.jdt.internal.ui.text.java.JavaReconcilingStrategy.reconcile(JavaReconcilingStrategy.java:131)
	at org.eclipse.jdt.internal.ui.text.java.JavaReconcilingStrategy.access$0(JavaReconcilingStrategy.java:113)
	at org.eclipse.jdt.internal.ui.text.java.JavaReconcilingStrategy$1.run(JavaReconcilingStrategy.java:93)
	at org.eclipse.core.runtime.SafeRunner.run(SafeRunner.java:45)
	at org.eclipse.jdt.internal.ui.text.java.JavaReconcilingStrategy.reconcile(JavaReconcilingStrategy.java:90)
	at org.eclipse.jdt.internal.ui.text.java.JavaReconcilingStrategy.reconcile(JavaReconcilingStrategy.java:157)
	at org.eclipse.jdt.internal.ui.text.CompositeReconcilingStrategy.reconcile(CompositeReconcilingStrategy.java:94)
	at org.eclipse.jdt.internal.ui.text.JavaCompositeReconcilingStrategy.reconcile(JavaCompositeReconcilingStrategy.java:107)
	at org.eclipse.jface.text.reconciler.MonoReconciler.process(MonoReconciler.java:76)
	at org.eclipse.jface.text.reconciler.AbstractReconciler$BackgroundThread.run(AbstractReconciler.java:210)

!ENTRY org.eclipse.jdt.ui 4 0 2026-07-20 16:44:59.791
!MESSAGE Error in JDT Core during reconcile
!STACK 0
java.lang.IllegalArgumentException
	at org.eclipse.jdt.core.dom.InfixExpression.setOperator(InfixExpression.java:383)
	at org.eclipse.jdt.core.dom.ASTConverter.convert(ASTConverter.java:880)
	at org.eclipse.jdt.core.dom.ASTConverter.convert(ASTConverter.java:2022)
	at org.eclipse.jdt.core.dom.ASTConverter.convertToParenthesizedExpression(ASTConverter.java:3795)
	at org.eclipse.jdt.core.dom.ASTConverter.convert(ASTConverter.java:1943)
	at org.eclipse.jdt.core.dom.ASTConverter.convert(ASTConverter.java:1204)
	at org.eclipse.jdt.core.dom.ASTConverter.convert(ASTConverter.java:1974)
	at org.eclipse.jdt.core.dom.ASTConverter.convert(ASTConverter.java:3052)
	at org.eclipse.jdt.core.dom.ASTConverter.convert(ASTConverter.java:2219)
	at org.eclipse.jdt.core.dom.ASTConverter.convert(ASTConverter.java:2994)
	at org.eclipse.jdt.core.dom.ASTConverter.convert(ASTConverter.java:1383)
	at org.eclipse.jdt.core.dom.ASTConverter.convert(ASTConverter.java:2970)
	at org.eclipse.jdt.core.dom.ASTConverter.convert(ASTConverter.java:2204)
	at org.eclipse.jdt.core.dom.ASTConverter.convert(ASTConverter.java:2991)
	at org.eclipse.jdt.core.dom.ASTConverter.convert(ASTConverter.java:751)
	at org.eclipse.jdt.core.dom.ASTConverter.buildBodyDeclarations(ASTConverter.java:208)
	at org.eclipse.jdt.core.dom.ASTConverter.convert(ASTConverter.java:3347)
	at org.eclipse.jdt.core.dom.ASTConverter.convert(ASTConverter.java:1524)
	at org.eclipse.jdt.core.dom.AST.convertCompilationUnit(AST.java:494)
	at org.eclipse.jdt.internal.core.CompilationUnit.buildStructure(CompilationUnit.java:201)
	at org.eclipse.jdt.internal.core.Openable.generateInfos(Openable.java:266)
	at org.eclipse.jdt.internal.core.JavaElement.openWhenClosed(JavaElement.java:597)
	at org.eclipse.jdt.internal.core.CompilationUnit.makeConsistent(CompilationUnit.java:1142)
	at org.eclipse.jdt.internal.core.ReconcileWorkingCopyOperation.makeConsistent(ReconcileWorkingCopyOperation.java:173)
	at org.eclipse.jdt.internal.core.ReconcileWorkingCopyOperation.executeOperation(ReconcileWorkingCopyOperation.java:94)
	at org.eclipse.jdt.internal.core.JavaModelOperation.run(JavaModelOperation.java:740)
	at org.eclipse.jdt.internal.core.JavaModelOperation.runOperation(JavaModelOperation.java:806)
	at org.eclipse.jdt.internal.core.CompilationUnit.reconcile(CompilationUnit.java:1319)
	at org.eclipse.jdt.internal.ui.text.java.JavaReconcilingStrategy.reconcile(JavaReconcilingStrategy.java:131)
	at org.eclipse.jdt.internal.ui.text.java.JavaReconcilingStrategy.access$0(JavaReconcilingStrategy.java:113)
	at org.eclipse.jdt.internal.ui.text.java.JavaReconcilingStrategy$1.run(JavaReconcilingStrategy.java:93)
	at org.eclipse.core.runtime.SafeRunner.run(SafeRunner.java:45)
	at org.eclipse.jdt.internal.ui.text.java.JavaReconcilingStrategy.reconcile(JavaReconcilingStrategy.java:90)
	at org.eclipse.jdt.internal.ui.text.java.JavaReconcilingStrategy.reconcile(JavaReconcilingStrategy.java:157)
	at org.eclipse.jdt.internal.ui.text.CompositeReconcilingStrategy.reconcile(CompositeReconcilingStrategy.java:94)
	at org.eclipse.jdt.internal.ui.text.JavaCompositeReconcilingStrategy.reconcile(JavaCompositeReconcilingStrategy.java:107)
	at org.eclipse.jface.text.reconciler.MonoReconciler.process(MonoReconciler.java:76)
	at org.eclipse.jface.text.reconciler.AbstractReconciler$BackgroundThread.run(AbstractReconciler.java:210)

!ENTRY org.eclipse.jdt.core 4 4 2026-07-20 16:45:00.796
!MESSAGE Exception occurred during compilation unit conversion:
----------------------------------- SOURCE BEGIN -------------------------------------
package ex;

/*문]
	사용자로부터 임의의 정수를 입력받아 1부터 입력받은 정수까지의
	전체의 합계, 짝수의 합계, 홀수의 합을 각각 출력하시오.
	단, 10단위로 출력하시오.
	
    정수 입력 : 59
    1 ~ 10까지의 전체의 합 :
    1 ~ 10까지의 짝수의 합 :
    1 ~ 10까지의 홀수의 합 :
    
    1 ~ 20까지의 전체의 합 :
    1 ~ 20까지의 짝수의 합 :
    1 ~ 20까지의 홀수의 합 :
    
    1 ~ 30까지의 짝수의 합 :
    1 ~ 30까지의 홀수의 합 :
    1 ~ 30까지의 전체의 합 :
    
    1 ~ 40까지의 짝수의 합 :
    1 ~ 40까지의 홀수의 합 :
    1 ~ 40까지의 전체의 합 :
    
    1 ~ 50까지의 짝수의 합 :
    1 ~ 50까지의 홀수의 합 :
    1 ~ 50까지의 전체의 합 :
    
    1 ~ 59까지의 짝수의 합 :
    1 ~ 59까지의 홀수의 합 :
    1 ~ 59까지의 전체의 합 :
*/
import java.util.Scanner;
public class ForEX07 {

	public static void main(String[] args) {
		Scanner sc = new Scanner(System.in);
		
		int n, result = 0, odd=0, even=0;
		// 전체의 합: result, 짝수의 합:even, 홀수의 합: odd
		System.out.println("정수 입력 :");
		n = sc.nextInt();
		// 1부터 n까지 반복문을 실행한다.
		for(int i = 1; i <=n; i++) {
		result += i;
		   if(i >= 1 && i <=10) {
			   System.out.println("1 ~ 10까지의 전체의 합 :"+result);
		   }else(i >= 1 && i <=10)
		   System.out.println(1 ~ 10까지의 짝수의 합 :);
		
		
	}

}}

----------------------------------- SOURCE END -------------------------------------
!STACK 0
java.lang.IllegalArgumentException
	at org.eclipse.jdt.core.dom.InfixExpression.setOperator(InfixExpression.java:383)
	at org.eclipse.jdt.core.dom.ASTConverter.convert(ASTConverter.java:880)
	at org.eclipse.jdt.core.dom.ASTConverter.convert(ASTConverter.java:2022)
	at org.eclipse.jdt.core.dom.ASTConverter.convertToParenthesizedExpression(ASTConverter.java:3795)
	at org.eclipse.jdt.core.dom.ASTConverter.convert(ASTConverter.java:1943)
	at org.eclipse.jdt.core.dom.ASTConverter.convert(ASTConverter.java:1204)
	at org.eclipse.jdt.core.dom.ASTConverter.convert(ASTConverter.java:1974)
	at org.eclipse.jdt.core.dom.ASTConverter.convert(ASTConverter.java:3052)
	at org.eclipse.jdt.core.dom.ASTConverter.convert(ASTConverter.java:2219)
	at org.eclipse.jdt.core.dom.ASTConverter.convert(ASTConverter.java:2994)
	at org.eclipse.jdt.core.dom.ASTConverter.convert(ASTConverter.java:1383)
	at org.eclipse.jdt.core.dom.ASTConverter.convert(ASTConverter.java:2970)
	at org.eclipse.jdt.core.dom.ASTConverter.convert(ASTConverter.java:2204)
	at org.eclipse.jdt.core.dom.ASTConverter.convert(ASTConverter.java:2991)
	at org.eclipse.jdt.core.dom.ASTConverter.convert(ASTConverter.java:751)
	at org.eclipse.jdt.core.dom.ASTConverter.buildBodyDeclarations(ASTConverter.java:208)
	at org.eclipse.jdt.core.dom.ASTConverter.convert(ASTConverter.java:3347)
	at org.eclipse.jdt.core.dom.ASTConverter.convert(ASTConverter.java:1524)
	at org.eclipse.jdt.core.dom.AST.convertCompilationUnit(AST.java:494)
	at org.eclipse.jdt.internal.core.CompilationUnit.buildStructure(CompilationUnit.java:201)
	at org.eclipse.jdt.internal.core.Openable.generateInfos(Openable.java:266)
	at org.eclipse.jdt.internal.core.JavaElement.openWhenClosed(JavaElement.java:597)
	at org.eclipse.jdt.internal.core.CompilationUnit.makeConsistent(CompilationUnit.java:1142)
	at org.eclipse.jdt.internal.core.ReconcileWorkingCopyOperation.makeConsistent(ReconcileWorkingCopyOperation.java:173)
	at org.eclipse.jdt.internal.core.ReconcileWorkingCopyOperation.executeOperation(ReconcileWorkingCopyOperation.java:94)
	at org.eclipse.jdt.internal.core.JavaModelOperation.run(JavaModelOperation.java:740)
	at org.eclipse.jdt.internal.core.JavaModelOperation.runOperation(JavaModelOperation.java:806)
	at org.eclipse.jdt.internal.core.CompilationUnit.reconcile(CompilationUnit.java:1319)
	at org.eclipse.jdt.internal.ui.text.java.JavaReconcilingStrategy.reconcile(JavaReconcilingStrategy.java:131)
	at org.eclipse.jdt.internal.ui.text.java.JavaReconcilingStrategy.access$0(JavaReconcilingStrategy.java:113)
	at org.eclipse.jdt.internal.ui.text.java.JavaReconcilingStrategy$1.run(JavaReconcilingStrategy.java:93)
	at org.eclipse.core.runtime.SafeRunner.run(SafeRunner.java:45)
	at org.eclipse.jdt.internal.ui.text.java.JavaReconcilingStrategy.reconcile(JavaReconcilingStrategy.java:90)
	at org.eclipse.jdt.internal.ui.text.java.JavaReconcilingStrategy.reconcile(JavaReconcilingStrategy.java:157)
	at org.eclipse.jdt.internal.ui.text.CompositeReconcilingStrategy.reconcile(CompositeReconcilingStrategy.java:94)
	at org.eclipse.jdt.internal.ui.text.JavaCompositeReconcilingStrategy.reconcile(JavaCompositeReconcilingStrategy.java:107)
	at org.eclipse.jface.text.reconciler.MonoReconciler.process(MonoReconciler.java:76)
	at org.eclipse.jface.text.reconciler.AbstractReconciler$BackgroundThread.run(AbstractReconciler.java:210)

!ENTRY org.eclipse.jdt.ui 4 2 2026-07-20 16:45:00.796
!MESSAGE Problems occurred when invoking code from plug-in: "org.eclipse.jdt.ui".
!STACK 0
java.lang.IllegalArgumentException
	at org.eclipse.jdt.core.dom.InfixExpression.setOperator(InfixExpression.java:383)
	at org.eclipse.jdt.core.dom.ASTConverter.convert(ASTConverter.java:880)
	at org.eclipse.jdt.core.dom.ASTConverter.convert(ASTConverter.java:2022)
	at org.eclipse.jdt.core.dom.ASTConverter.convertToParenthesizedExpression(ASTConverter.java:3795)
	at org.eclipse.jdt.core.dom.ASTConverter.convert(ASTConverter.java:1943)
	at org.eclipse.jdt.core.dom.ASTConverter.convert(ASTConverter.java:1204)
	at org.eclipse.jdt.core.dom.ASTConverter.convert(ASTConverter.java:1974)
	at org.eclipse.jdt.core.dom.ASTConverter.convert(ASTConverter.java:3052)
	at org.eclipse.jdt.core.dom.ASTConverter.convert(ASTConverter.java:2219)
	at org.eclipse.jdt.core.dom.ASTConverter.convert(ASTConverter.java:2994)
	at org.eclipse.jdt.core.dom.ASTConverter.convert(ASTConverter.java:1383)
	at org.eclipse.jdt.core.dom.ASTConverter.convert(ASTConverter.java:2970)
	at org.eclipse.jdt.core.dom.ASTConverter.convert(ASTConverter.java:2204)
	at org.eclipse.jdt.core.dom.ASTConverter.convert(ASTConverter.java:2991)
	at org.eclipse.jdt.core.dom.ASTConverter.convert(ASTConverter.java:751)
	at org.eclipse.jdt.core.dom.ASTConverter.buildBodyDeclarations(ASTConverter.java:208)
	at org.eclipse.jdt.core.dom.ASTConverter.convert(ASTConverter.java:3347)
	at org.eclipse.jdt.core.dom.ASTConverter.convert(ASTConverter.java:1524)
	at org.eclipse.jdt.core.dom.AST.convertCompilationUnit(AST.java:494)
	at org.eclipse.jdt.internal.core.CompilationUnit.buildStructure(CompilationUnit.java:201)
	at org.eclipse.jdt.internal.core.Openable.generateInfos(Openable.java:266)
	at org.eclipse.jdt.internal.core.JavaElement.openWhenClosed(JavaElement.java:597)
	at org.eclipse.jdt.internal.core.CompilationUnit.makeConsistent(CompilationUnit.java:1142)
	at org.eclipse.jdt.internal.core.ReconcileWorkingCopyOperation.makeConsistent(ReconcileWorkingCopyOperation.java:173)
	at org.eclipse.jdt.internal.core.ReconcileWorkingCopyOperation.executeOperation(ReconcileWorkingCopyOperation.java:94)
	at org.eclipse.jdt.internal.core.JavaModelOperation.run(JavaModelOperation.java:740)
	at org.eclipse.jdt.internal.core.JavaModelOperation.runOperation(JavaModelOperation.java:806)
	at org.eclipse.jdt.internal.core.CompilationUnit.reconcile(CompilationUnit.java:1319)
	at org.eclipse.jdt.internal.ui.text.java.JavaReconcilingStrategy.reconcile(JavaReconcilingStrategy.java:131)
	at org.eclipse.jdt.internal.ui.text.java.JavaReconcilingStrategy.access$0(JavaReconcilingStrategy.java:113)
	at org.eclipse.jdt.internal.ui.text.java.JavaReconcilingStrategy$1.run(JavaReconcilingStrategy.java:93)
	at org.eclipse.core.runtime.SafeRunner.run(SafeRunner.java:45)
	at org.eclipse.jdt.internal.ui.text.java.JavaReconcilingStrategy.reconcile(JavaReconcilingStrategy.java:90)
	at org.eclipse.jdt.internal.ui.text.java.JavaReconcilingStrategy.reconcile(JavaReconcilingStrategy.java:157)
	at org.eclipse.jdt.internal.ui.text.CompositeReconcilingStrategy.reconcile(CompositeReconcilingStrategy.java:94)
	at org.eclipse.jdt.internal.ui.text.JavaCompositeReconcilingStrategy.reconcile(JavaCompositeReconcilingStrategy.java:107)
	at org.eclipse.jface.text.reconciler.MonoReconciler.process(MonoReconciler.java:76)
	at org.eclipse.jface.text.reconciler.AbstractReconciler$BackgroundThread.run(AbstractReconciler.java:210)

!ENTRY org.eclipse.jdt.ui 4 0 2026-07-20 16:45:00.797
!MESSAGE Error in JDT Core during reconcile
!STACK 0
java.lang.IllegalArgumentException
	at org.eclipse.jdt.core.dom.InfixExpression.setOperator(InfixExpression.java:383)
	at org.eclipse.jdt.core.dom.ASTConverter.convert(ASTConverter.java:880)
	at org.eclipse.jdt.core.dom.ASTConverter.convert(ASTConverter.java:2022)
	at org.eclipse.jdt.core.dom.ASTConverter.convertToParenthesizedExpression(ASTConverter.java:3795)
	at org.eclipse.jdt.core.dom.ASTConverter.convert(ASTConverter.java:1943)
	at org.eclipse.jdt.core.dom.ASTConverter.convert(ASTConverter.java:1204)
	at org.eclipse.jdt.core.dom.ASTConverter.convert(ASTConverter.java:1974)
	at org.eclipse.jdt.core.dom.ASTConverter.convert(ASTConverter.java:3052)
	at org.eclipse.jdt.core.dom.ASTConverter.convert(ASTConverter.java:2219)
	at org.eclipse.jdt.core.dom.ASTConverter.convert(ASTConverter.java:2994)
	at org.eclipse.jdt.core.dom.ASTConverter.convert(ASTConverter.java:1383)
	at org.eclipse.jdt.core.dom.ASTConverter.convert(ASTConverter.java:2970)
	at org.eclipse.jdt.core.dom.ASTConverter.convert(ASTConverter.java:2204)
	at org.eclipse.jdt.core.dom.ASTConverter.convert(ASTConverter.java:2991)
	at org.eclipse.jdt.core.dom.ASTConverter.convert(ASTConverter.java:751)
	at org.eclipse.jdt.core.dom.ASTConverter.buildBodyDeclarations(ASTConverter.java:208)
	at org.eclipse.jdt.core.dom.ASTConverter.convert(ASTConverter.java:3347)
	at org.eclipse.jdt.core.dom.ASTConverter.convert(ASTConverter.java:1524)
	at org.eclipse.jdt.core.dom.AST.convertCompilationUnit(AST.java:494)
	at org.eclipse.jdt.internal.core.CompilationUnit.buildStructure(CompilationUnit.java:201)
	at org.eclipse.jdt.internal.core.Openable.generateInfos(Openable.java:266)
	at org.eclipse.jdt.internal.core.JavaElement.openWhenClosed(JavaElement.java:597)
	at org.eclipse.jdt.internal.core.CompilationUnit.makeConsistent(CompilationUnit.java:1142)
	at org.eclipse.jdt.internal.core.ReconcileWorkingCopyOperation.makeConsistent(ReconcileWorkingCopyOperation.java:173)
	at org.eclipse.jdt.internal.core.ReconcileWorkingCopyOperation.executeOperation(ReconcileWorkingCopyOperation.java:94)
	at org.eclipse.jdt.internal.core.JavaModelOperation.run(JavaModelOperation.java:740)
	at org.eclipse.jdt.internal.core.JavaModelOperation.runOperation(JavaModelOperation.java:806)
	at org.eclipse.jdt.internal.core.CompilationUnit.reconcile(CompilationUnit.java:1319)
	at org.eclipse.jdt.internal.ui.text.java.JavaReconcilingStrategy.reconcile(JavaReconcilingStrategy.java:131)
	at org.eclipse.jdt.internal.ui.text.java.JavaReconcilingStrategy.access$0(JavaReconcilingStrategy.java:113)
	at org.eclipse.jdt.internal.ui.text.java.JavaReconcilingStrategy$1.run(JavaReconcilingStrategy.java:93)
	at org.eclipse.core.runtime.SafeRunner.run(SafeRunner.java:45)
	at org.eclipse.jdt.internal.ui.text.java.JavaReconcilingStrategy.reconcile(JavaReconcilingStrategy.java:90)
	at org.eclipse.jdt.internal.ui.text.java.JavaReconcilingStrategy.reconcile(JavaReconcilingStrategy.java:157)
	at org.eclipse.jdt.internal.ui.text.CompositeReconcilingStrategy.reconcile(CompositeReconcilingStrategy.java:94)
	at org.eclipse.jdt.internal.ui.text.JavaCompositeReconcilingStrategy.reconcile(JavaCompositeReconcilingStrategy.java:107)
	at org.eclipse.jface.text.reconciler.MonoReconciler.process(MonoReconciler.java:76)
	at org.eclipse.jface.text.reconciler.AbstractReconciler$BackgroundThread.run(AbstractReconciler.java:210)

!ENTRY org.eclipse.jdt.core 4 4 2026-07-20 16:45:03.803
!MESSAGE Exception occurred during compilation unit conversion:
----------------------------------- SOURCE BEGIN -------------------------------------
package ex;

/*문]
	사용자로부터 임의의 정수를 입력받아 1부터 입력받은 정수까지의
	전체의 합계, 짝수의 합계, 홀수의 합을 각각 출력하시오.
	단, 10단위로 출력하시오.
	
    정수 입력 : 59
    1 ~ 10까지의 전체의 합 :
    1 ~ 10까지의 짝수의 합 :
    1 ~ 10까지의 홀수의 합 :
    
    1 ~ 20까지의 전체의 합 :
    1 ~ 20까지의 짝수의 합 :
    1 ~ 20까지의 홀수의 합 :
    
    1 ~ 30까지의 짝수의 합 :
    1 ~ 30까지의 홀수의 합 :
    1 ~ 30까지의 전체의 합 :
    
    1 ~ 40까지의 짝수의 합 :
    1 ~ 40까지의 홀수의 합 :
    1 ~ 40까지의 전체의 합 :
    
    1 ~ 50까지의 짝수의 합 :
    1 ~ 50까지의 홀수의 합 :
    1 ~ 50까지의 전체의 합 :
    
    1 ~ 59까지의 짝수의 합 :
    1 ~ 59까지의 홀수의 합 :
    1 ~ 59까지의 전체의 합 :
*/
import java.util.Scanner;
public class ForEX07 {

	public static void main(String[] args) {
		Scanner sc = new Scanner(System.in);
		
		int n, result = 0, odd=0, even=0;
		// 전체의 합: result, 짝수의 합:even, 홀수의 합: odd
		System.out.println("정수 입력 :");
		n = sc.nextInt();
		// 1부터 n까지 반복문을 실행한다.
		for(int i = 1; i <=n; i++) {
		result += i;
		   if(i >= 1 && i <=10) {
			   System.out.println("1 ~ 10까지의 전체의 합 :"+result);
		   }else(i >= 1 && i <=10)
		   System.out.println(1 ~ 10까지의 짝수의 합 :"");
		
		
	}

}}

----------------------------------- SOURCE END -------------------------------------
!STACK 0
java.lang.IllegalArgumentException
	at org.eclipse.jdt.core.dom.InfixExpression.setOperator(InfixExpression.java:383)
	at org.eclipse.jdt.core.dom.ASTConverter.convert(ASTConverter.java:880)
	at org.eclipse.jdt.core.dom.ASTConverter.convert(ASTConverter.java:2022)
	at org.eclipse.jdt.core.dom.ASTConverter.convertToParenthesizedExpression(ASTConverter.java:3795)
	at org.eclipse.jdt.core.dom.ASTConverter.convert(ASTConverter.java:1943)
	at org.eclipse.jdt.core.dom.ASTConverter.convert(ASTConverter.java:1204)
	at org.eclipse.jdt.core.dom.ASTConverter.convert(ASTConverter.java:1974)
	at org.eclipse.jdt.core.dom.ASTConverter.convert(ASTConverter.java:3052)
	at org.eclipse.jdt.core.dom.ASTConverter.convert(ASTConverter.java:2219)
	at org.eclipse.jdt.core.dom.ASTConverter.convert(ASTConverter.java:2994)
	at org.eclipse.jdt.core.dom.ASTConverter.convert(ASTConverter.java:751)
	at org.eclipse.jdt.core.dom.ASTConverter.buildBodyDeclarations(ASTConverter.java:208)
	at org.eclipse.jdt.core.dom.ASTConverter.convert(ASTConverter.java:3347)
	at org.eclipse.jdt.core.dom.ASTConverter.convert(ASTConverter.java:1524)
	at org.eclipse.jdt.core.dom.AST.convertCompilationUnit(AST.java:494)
	at org.eclipse.jdt.internal.core.CompilationUnit.buildStructure(CompilationUnit.java:201)
	at org.eclipse.jdt.internal.core.Openable.generateInfos(Openable.java:266)
	at org.eclipse.jdt.internal.core.JavaElement.openWhenClosed(JavaElement.java:597)
	at org.eclipse.jdt.internal.core.CompilationUnit.makeConsistent(CompilationUnit.java:1142)
	at org.eclipse.jdt.internal.core.ReconcileWorkingCopyOperation.makeConsistent(ReconcileWorkingCopyOperation.java:173)
	at org.eclipse.jdt.internal.core.ReconcileWorkingCopyOperation.executeOperation(ReconcileWorkingCopyOperation.java:94)
	at org.eclipse.jdt.internal.core.JavaModelOperation.run(JavaModelOperation.java:740)
	at org.eclipse.jdt.internal.core.JavaModelOperation.runOperation(JavaModelOperation.java:806)
	at org.eclipse.jdt.internal.core.CompilationUnit.reconcile(CompilationUnit.java:1319)
	at org.eclipse.jdt.internal.ui.text.java.JavaReconcilingStrategy.reconcile(JavaReconcilingStrategy.java:131)
	at org.eclipse.jdt.internal.ui.text.java.JavaReconcilingStrategy.access$0(JavaReconcilingStrategy.java:113)
	at org.eclipse.jdt.internal.ui.text.java.JavaReconcilingStrategy$1.run(JavaReconcilingStrategy.java:93)
	at org.eclipse.core.runtime.SafeRunner.run(SafeRunner.java:45)
	at org.eclipse.jdt.internal.ui.text.java.JavaReconcilingStrategy.reconcile(JavaReconcilingStrategy.java:90)
	at org.eclipse.jdt.internal.ui.text.java.JavaReconcilingStrategy.reconcile(JavaReconcilingStrategy.java:157)
	at org.eclipse.jdt.internal.ui.text.CompositeReconcilingStrategy.reconcile(CompositeReconcilingStrategy.java:94)
	at org.eclipse.jdt.internal.ui.text.JavaCompositeReconcilingStrategy.reconcile(JavaCompositeReconcilingStrategy.java:107)
	at org.eclipse.jface.text.reconciler.MonoReconciler.process(MonoReconciler.java:76)
	at org.eclipse.jface.text.reconciler.AbstractReconciler$BackgroundThread.run(AbstractReconciler.java:210)

!ENTRY org.eclipse.jdt.ui 4 2 2026-07-20 16:45:03.804
!MESSAGE Problems occurred when invoking code from plug-in: "org.eclipse.jdt.ui".
!STACK 0
java.lang.IllegalArgumentException
	at org.eclipse.jdt.core.dom.InfixExpression.setOperator(InfixExpression.java:383)
	at org.eclipse.jdt.core.dom.ASTConverter.convert(ASTConverter.java:880)
	at org.eclipse.jdt.core.dom.ASTConverter.convert(ASTConverter.java:2022)
	at org.eclipse.jdt.core.dom.ASTConverter.convertToParenthesizedExpression(ASTConverter.java:3795)
	at org.eclipse.jdt.core.dom.ASTConverter.convert(ASTConverter.java:1943)
	at org.eclipse.jdt.core.dom.ASTConverter.convert(ASTConverter.java:1204)
	at org.eclipse.jdt.core.dom.ASTConverter.convert(ASTConverter.java:1974)
	at org.eclipse.jdt.core.dom.ASTConverter.convert(ASTConverter.java:3052)
	at org.eclipse.jdt.core.dom.ASTConverter.convert(ASTConverter.java:2219)
	at org.eclipse.jdt.core.dom.ASTConverter.convert(ASTConverter.java:2994)
	at org.eclipse.jdt.core.dom.ASTConverter.convert(ASTConverter.java:751)
	at org.eclipse.jdt.core.dom.ASTConverter.buildBodyDeclarations(ASTConverter.java:208)
	at org.eclipse.jdt.core.dom.ASTConverter.convert(ASTConverter.java:3347)
	at org.eclipse.jdt.core.dom.ASTConverter.convert(ASTConverter.java:1524)
	at org.eclipse.jdt.core.dom.AST.convertCompilationUnit(AST.java:494)
	at org.eclipse.jdt.internal.core.CompilationUnit.buildStructure(CompilationUnit.java:201)
	at org.eclipse.jdt.internal.core.Openable.generateInfos(Openable.java:266)
	at org.eclipse.jdt.internal.core.JavaElement.openWhenClosed(JavaElement.java:597)
	at org.eclipse.jdt.internal.core.CompilationUnit.makeConsistent(CompilationUnit.java:1142)
	at org.eclipse.jdt.internal.core.ReconcileWorkingCopyOperation.makeConsistent(ReconcileWorkingCopyOperation.java:173)
	at org.eclipse.jdt.internal.core.ReconcileWorkingCopyOperation.executeOperation(ReconcileWorkingCopyOperation.java:94)
	at org.eclipse.jdt.internal.core.JavaModelOperation.run(JavaModelOperation.java:740)
	at org.eclipse.jdt.internal.core.JavaModelOperation.runOperation(JavaModelOperation.java:806)
	at org.eclipse.jdt.internal.core.CompilationUnit.reconcile(CompilationUnit.java:1319)
	at org.eclipse.jdt.internal.ui.text.java.JavaReconcilingStrategy.reconcile(JavaReconcilingStrategy.java:131)
	at org.eclipse.jdt.internal.ui.text.java.JavaReconcilingStrategy.access$0(JavaReconcilingStrategy.java:113)
	at org.eclipse.jdt.internal.ui.text.java.JavaReconcilingStrategy$1.run(JavaReconcilingStrategy.java:93)
	at org.eclipse.core.runtime.SafeRunner.run(SafeRunner.java:45)
	at org.eclipse.jdt.internal.ui.text.java.JavaReconcilingStrategy.reconcile(JavaReconcilingStrategy.java:90)
	at org.eclipse.jdt.internal.ui.text.java.JavaReconcilingStrategy.reconcile(JavaReconcilingStrategy.java:157)
	at org.eclipse.jdt.internal.ui.text.CompositeReconcilingStrategy.reconcile(CompositeReconcilingStrategy.java:94)
	at org.eclipse.jdt.internal.ui.text.JavaCompositeReconcilingStrategy.reconcile(JavaCompositeReconcilingStrategy.java:107)
	at org.eclipse.jface.text.reconciler.MonoReconciler.process(MonoReconciler.java:76)
	at org.eclipse.jface.text.reconciler.AbstractReconciler$BackgroundThread.run(AbstractReconciler.java:210)

!ENTRY org.eclipse.jdt.ui 4 0 2026-07-20 16:45:03.804
!MESSAGE Error in JDT Core during reconcile
!STACK 0
java.lang.IllegalArgumentException
	at org.eclipse.jdt.core.dom.InfixExpression.setOperator(InfixExpression.java:383)
	at org.eclipse.jdt.core.dom.ASTConverter.convert(ASTConverter.java:880)
	at org.eclipse.jdt.core.dom.ASTConverter.convert(ASTConverter.java:2022)
	at org.eclipse.jdt.core.dom.ASTConverter.convertToParenthesizedExpression(ASTConverter.java:3795)
	at org.eclipse.jdt.core.dom.ASTConverter.convert(ASTConverter.java:1943)
	at org.eclipse.jdt.core.dom.ASTConverter.convert(ASTConverter.java:1204)
	at org.eclipse.jdt.core.dom.ASTConverter.convert(ASTConverter.java:1974)
	at org.eclipse.jdt.core.dom.ASTConverter.convert(ASTConverter.java:3052)
	at org.eclipse.jdt.core.dom.ASTConverter.convert(ASTConverter.java:2219)
	at org.eclipse.jdt.core.dom.ASTConverter.convert(ASTConverter.java:2994)
	at org.eclipse.jdt.core.dom.ASTConverter.convert(ASTConverter.java:751)
	at org.eclipse.jdt.core.dom.ASTConverter.buildBodyDeclarations(ASTConverter.java:208)
	at org.eclipse.jdt.core.dom.ASTConverter.convert(ASTConverter.java:3347)
	at org.eclipse.jdt.core.dom.ASTConverter.convert(ASTConverter.java:1524)
	at org.eclipse.jdt.core.dom.AST.convertCompilationUnit(AST.java:494)
	at org.eclipse.jdt.internal.core.CompilationUnit.buildStructure(CompilationUnit.java:201)
	at org.eclipse.jdt.internal.core.Openable.generateInfos(Openable.java:266)
	at org.eclipse.jdt.internal.core.JavaElement.openWhenClosed(JavaElement.java:597)
	at org.eclipse.jdt.internal.core.CompilationUnit.makeConsistent(CompilationUnit.java:1142)
	at org.eclipse.jdt.internal.core.ReconcileWorkingCopyOperation.makeConsistent(ReconcileWorkingCopyOperation.java:173)
	at org.eclipse.jdt.internal.core.ReconcileWorkingCopyOperation.executeOperation(ReconcileWorkingCopyOperation.java:94)
	at org.eclipse.jdt.internal.core.JavaModelOperation.run(JavaModelOperation.java:740)
	at org.eclipse.jdt.internal.core.JavaModelOperation.runOperation(JavaModelOperation.java:806)
	at org.eclipse.jdt.internal.core.CompilationUnit.reconcile(CompilationUnit.java:1319)
	at org.eclipse.jdt.internal.ui.text.java.JavaReconcilingStrategy.reconcile(JavaReconcilingStrategy.java:131)
	at org.eclipse.jdt.internal.ui.text.java.JavaReconcilingStrategy.access$0(JavaReconcilingStrategy.java:113)
	at org.eclipse.jdt.internal.ui.text.java.JavaReconcilingStrategy$1.run(JavaReconcilingStrategy.java:93)
	at org.eclipse.core.runtime.SafeRunner.run(SafeRunner.java:45)
	at org.eclipse.jdt.internal.ui.text.java.JavaReconcilingStrategy.reconcile(JavaReconcilingStrategy.java:90)
	at org.eclipse.jdt.internal.ui.text.java.JavaReconcilingStrategy.reconcile(JavaReconcilingStrategy.java:157)
	at org.eclipse.jdt.internal.ui.text.CompositeReconcilingStrategy.reconcile(CompositeReconcilingStrategy.java:94)
	at org.eclipse.jdt.internal.ui.text.JavaCompositeReconcilingStrategy.reconcile(JavaCompositeReconcilingStrategy.java:107)
	at org.eclipse.jface.text.reconciler.MonoReconciler.process(MonoReconciler.java:76)
	at org.eclipse.jface.text.reconciler.AbstractReconciler$BackgroundThread.run(AbstractReconciler.java:210)

!ENTRY org.eclipse.jdt.core 4 4 2026-07-20 16:45:05.309
!MESSAGE Exception occurred during compilation unit conversion:
----------------------------------- SOURCE BEGIN -------------------------------------
package ex;

/*문]
	사용자로부터 임의의 정수를 입력받아 1부터 입력받은 정수까지의
	전체의 합계, 짝수의 합계, 홀수의 합을 각각 출력하시오.
	단, 10단위로 출력하시오.
	
    정수 입력 : 59
    1 ~ 10까지의 전체의 합 :
    1 ~ 10까지의 짝수의 합 :
    1 ~ 10까지의 홀수의 합 :
    
    1 ~ 20까지의 전체의 합 :
    1 ~ 20까지의 짝수의 합 :
    1 ~ 20까지의 홀수의 합 :
    
    1 ~ 30까지의 짝수의 합 :
    1 ~ 30까지의 홀수의 합 :
    1 ~ 30까지의 전체의 합 :
    
    1 ~ 40까지의 짝수의 합 :
    1 ~ 40까지의 홀수의 합 :
    1 ~ 40까지의 전체의 합 :
    
    1 ~ 50까지의 짝수의 합 :
    1 ~ 50까지의 홀수의 합 :
    1 ~ 50까지의 전체의 합 :
    
    1 ~ 59까지의 짝수의 합 :
    1 ~ 59까지의 홀수의 합 :
    1 ~ 59까지의 전체의 합 :
*/
import java.util.Scanner;
public class ForEX07 {

	public static void main(String[] args) {
		Scanner sc = new Scanner(System.in);
		
		int n, result = 0, odd=0, even=0;
		// 전체의 합: result, 짝수의 합:even, 홀수의 합: odd
		System.out.println("정수 입력 :");
		n = sc.nextInt();
		// 1부터 n까지 반복문을 실행한다.
		for(int i = 1; i <=n; i++) {
		result += i;
		   if(i >= 1 && i <=10) {
			   System.out.println("1 ~ 10까지의 전체의 합 :"+result);
		   }else(i >= 1 && i <=10)
		   System.out.println(1 ~ 10까지의 짝수의 합 :"");
		
		
	}

}}

----------------------------------- SOURCE END -------------------------------------
!STACK 0
java.lang.IllegalArgumentException
	at org.eclipse.jdt.core.dom.InfixExpression.setOperator(InfixExpression.java:383)
	at org.eclipse.jdt.core.dom.ASTConverter.convert(ASTConverter.java:880)
	at org.eclipse.jdt.core.dom.ASTConverter.convert(ASTConverter.java:2022)
	at org.eclipse.jdt.core.dom.ASTConverter.convertToParenthesizedExpression(ASTConverter.java:3795)
	at org.eclipse.jdt.core.dom.ASTConverter.convert(ASTConverter.java:1943)
	at org.eclipse.jdt.core.dom.ASTConverter.convert(ASTConverter.java:1204)
	at org.eclipse.jdt.core.dom.ASTConverter.convert(ASTConverter.java:1974)
	at org.eclipse.jdt.core.dom.ASTConverter.convert(ASTConverter.java:3052)
	at org.eclipse.jdt.core.dom.ASTConverter.convert(ASTConverter.java:2219)
	at org.eclipse.jdt.core.dom.ASTConverter.convert(ASTConverter.java:2994)
	at org.eclipse.jdt.core.dom.ASTConverter.convert(ASTConverter.java:751)
	at org.eclipse.jdt.core.dom.ASTConverter.buildBodyDeclarations(ASTConverter.java:208)
	at org.eclipse.jdt.core.dom.ASTConverter.convert(ASTConverter.java:3347)
	at org.eclipse.jdt.core.dom.ASTConverter.convert(ASTConverter.java:1524)
	at org.eclipse.jdt.core.dom.AST.convertCompilationUnit(AST.java:494)
	at org.eclipse.jdt.internal.core.CompilationUnit.buildStructure(CompilationUnit.java:201)
	at org.eclipse.jdt.internal.core.Openable.generateInfos(Openable.java:266)
	at org.eclipse.jdt.internal.core.JavaElement.openWhenClosed(JavaElement.java:597)
	at org.eclipse.jdt.internal.core.CompilationUnit.makeConsistent(CompilationUnit.java:1142)
	at org.eclipse.jdt.internal.core.ReconcileWorkingCopyOperation.makeConsistent(ReconcileWorkingCopyOperation.java:173)
	at org.eclipse.jdt.internal.core.ReconcileWorkingCopyOperation.executeOperation(ReconcileWorkingCopyOperation.java:94)
	at org.eclipse.jdt.internal.core.JavaModelOperation.run(JavaModelOperation.java:740)
	at org.eclipse.jdt.internal.core.JavaModelOperation.runOperation(JavaModelOperation.java:806)
	at org.eclipse.jdt.internal.core.CompilationUnit.reconcile(CompilationUnit.java:1319)
	at org.eclipse.jdt.internal.ui.text.java.JavaReconcilingStrategy.reconcile(JavaReconcilingStrategy.java:131)
	at org.eclipse.jdt.internal.ui.text.java.JavaReconcilingStrategy.access$0(JavaReconcilingStrategy.java:113)
	at org.eclipse.jdt.internal.ui.text.java.JavaReconcilingStrategy$1.run(JavaReconcilingStrategy.java:93)
	at org.eclipse.core.runtime.SafeRunner.run(SafeRunner.java:45)
	at org.eclipse.jdt.internal.ui.text.java.JavaReconcilingStrategy.reconcile(JavaReconcilingStrategy.java:90)
	at org.eclipse.jdt.internal.ui.text.java.JavaReconcilingStrategy.reconcile(JavaReconcilingStrategy.java:157)
	at org.eclipse.jdt.internal.ui.text.CompositeReconcilingStrategy.reconcile(CompositeReconcilingStrategy.java:94)
	at org.eclipse.jdt.internal.ui.text.JavaCompositeReconcilingStrategy.reconcile(JavaCompositeReconcilingStrategy.java:107)
	at org.eclipse.jface.text.reconciler.MonoReconciler.process(MonoReconciler.java:76)
	at org.eclipse.jface.text.reconciler.AbstractReconciler$BackgroundThread.run(AbstractReconciler.java:210)

!ENTRY org.eclipse.jdt.ui 4 2 2026-07-20 16:45:05.310
!MESSAGE Problems occurred when invoking code from plug-in: "org.eclipse.jdt.ui".
!STACK 0
java.lang.IllegalArgumentException
	at org.eclipse.jdt.core.dom.InfixExpression.setOperator(InfixExpression.java:383)
	at org.eclipse.jdt.core.dom.ASTConverter.convert(ASTConverter.java:880)
	at org.eclipse.jdt.core.dom.ASTConverter.convert(ASTConverter.java:2022)
	at org.eclipse.jdt.core.dom.ASTConverter.convertToParenthesizedExpression(ASTConverter.java:3795)
	at org.eclipse.jdt.core.dom.ASTConverter.convert(ASTConverter.java:1943)
	at org.eclipse.jdt.core.dom.ASTConverter.convert(ASTConverter.java:1204)
	at org.eclipse.jdt.core.dom.ASTConverter.convert(ASTConverter.java:1974)
	at org.eclipse.jdt.core.dom.ASTConverter.convert(ASTConverter.java:3052)
	at org.eclipse.jdt.core.dom.ASTConverter.convert(ASTConverter.java:2219)
	at org.eclipse.jdt.core.dom.ASTConverter.convert(ASTConverter.java:2994)
	at org.eclipse.jdt.core.dom.ASTConverter.convert(ASTConverter.java:751)
	at org.eclipse.jdt.core.dom.ASTConverter.buildBodyDeclarations(ASTConverter.java:208)
	at org.eclipse.jdt.core.dom.ASTConverter.convert(ASTConverter.java:3347)
	at org.eclipse.jdt.core.dom.ASTConverter.convert(ASTConverter.java:1524)
	at org.eclipse.jdt.core.dom.AST.convertCompilationUnit(AST.java:494)
	at org.eclipse.jdt.internal.core.CompilationUnit.buildStructure(CompilationUnit.java:201)
	at org.eclipse.jdt.internal.core.Openable.generateInfos(Openable.java:266)
	at org.eclipse.jdt.internal.core.JavaElement.openWhenClosed(JavaElement.java:597)
	at org.eclipse.jdt.internal.core.CompilationUnit.makeConsistent(CompilationUnit.java:1142)
	at org.eclipse.jdt.internal.core.ReconcileWorkingCopyOperation.makeConsistent(ReconcileWorkingCopyOperation.java:173)
	at org.eclipse.jdt.internal.core.ReconcileWorkingCopyOperation.executeOperation(ReconcileWorkingCopyOperation.java:94)
	at org.eclipse.jdt.internal.core.JavaModelOperation.run(JavaModelOperation.java:740)
	at org.eclipse.jdt.internal.core.JavaModelOperation.runOperation(JavaModelOperation.java:806)
	at org.eclipse.jdt.internal.core.CompilationUnit.reconcile(CompilationUnit.java:1319)
	at org.eclipse.jdt.internal.ui.text.java.JavaReconcilingStrategy.reconcile(JavaReconcilingStrategy.java:131)
	at org.eclipse.jdt.internal.ui.text.java.JavaReconcilingStrategy.access$0(JavaReconcilingStrategy.java:113)
	at org.eclipse.jdt.internal.ui.text.java.JavaReconcilingStrategy$1.run(JavaReconcilingStrategy.java:93)
	at org.eclipse.core.runtime.SafeRunner.run(SafeRunner.java:45)
	at org.eclipse.jdt.internal.ui.text.java.JavaReconcilingStrategy.reconcile(JavaReconcilingStrategy.java:90)
	at org.eclipse.jdt.internal.ui.text.java.JavaReconcilingStrategy.reconcile(JavaReconcilingStrategy.java:157)
	at org.eclipse.jdt.internal.ui.text.CompositeReconcilingStrategy.reconcile(CompositeReconcilingStrategy.java:94)
	at org.eclipse.jdt.internal.ui.text.JavaCompositeReconcilingStrategy.reconcile(JavaCompositeReconcilingStrategy.java:107)
	at org.eclipse.jface.text.reconciler.MonoReconciler.process(MonoReconciler.java:76)
	at org.eclipse.jface.text.reconciler.AbstractReconciler$BackgroundThread.run(AbstractReconciler.java:210)

!ENTRY org.eclipse.jdt.ui 4 0 2026-07-20 16:45:05.310
!MESSAGE Error in JDT Core during reconcile
!STACK 0
java.lang.IllegalArgumentException
	at org.eclipse.jdt.core.dom.InfixExpression.setOperator(InfixExpression.java:383)
	at org.eclipse.jdt.core.dom.ASTConverter.convert(ASTConverter.java:880)
	at org.eclipse.jdt.core.dom.ASTConverter.convert(ASTConverter.java:2022)
	at org.eclipse.jdt.core.dom.ASTConverter.convertToParenthesizedExpression(ASTConverter.java:3795)
	at org.eclipse.jdt.core.dom.ASTConverter.convert(ASTConverter.java:1943)
	at org.eclipse.jdt.core.dom.ASTConverter.convert(ASTConverter.java:1204)
	at org.eclipse.jdt.core.dom.ASTConverter.convert(ASTConverter.java:1974)
	at org.eclipse.jdt.core.dom.ASTConverter.convert(ASTConverter.java:3052)
	at org.eclipse.jdt.core.dom.ASTConverter.convert(ASTConverter.java:2219)
	at org.eclipse.jdt.core.dom.ASTConverter.convert(ASTConverter.java:2994)
	at org.eclipse.jdt.core.dom.ASTConverter.convert(ASTConverter.java:751)
	at org.eclipse.jdt.core.dom.ASTConverter.buildBodyDeclarations(ASTConverter.java:208)
	at org.eclipse.jdt.core.dom.ASTConverter.convert(ASTConverter.java:3347)
	at org.eclipse.jdt.core.dom.ASTConverter.convert(ASTConverter.java:1524)
	at org.eclipse.jdt.core.dom.AST.convertCompilationUnit(AST.java:494)
	at org.eclipse.jdt.internal.core.CompilationUnit.buildStructure(CompilationUnit.java:201)
	at org.eclipse.jdt.internal.core.Openable.generateInfos(Openable.java:266)
	at org.eclipse.jdt.internal.core.JavaElement.openWhenClosed(JavaElement.java:597)
	at org.eclipse.jdt.internal.core.CompilationUnit.makeConsistent(CompilationUnit.java:1142)
	at org.eclipse.jdt.internal.core.ReconcileWorkingCopyOperation.makeConsistent(ReconcileWorkingCopyOperation.java:173)
	at org.eclipse.jdt.internal.core.ReconcileWorkingCopyOperation.executeOperation(ReconcileWorkingCopyOperation.java:94)
	at org.eclipse.jdt.internal.core.JavaModelOperation.run(JavaModelOperation.java:740)
	at org.eclipse.jdt.internal.core.JavaModelOperation.runOperation(JavaModelOperation.java:806)
	at org.eclipse.jdt.internal.core.CompilationUnit.reconcile(CompilationUnit.java:1319)
	at org.eclipse.jdt.internal.ui.text.java.JavaReconcilingStrategy.reconcile(JavaReconcilingStrategy.java:131)
	at org.eclipse.jdt.internal.ui.text.java.JavaReconcilingStrategy.access$0(JavaReconcilingStrategy.java:113)
	at org.eclipse.jdt.internal.ui.text.java.JavaReconcilingStrategy$1.run(JavaReconcilingStrategy.java:93)
	at org.eclipse.core.runtime.SafeRunner.run(SafeRunner.java:45)
	at org.eclipse.jdt.internal.ui.text.java.JavaReconcilingStrategy.reconcile(JavaReconcilingStrategy.java:90)
	at org.eclipse.jdt.internal.ui.text.java.JavaReconcilingStrategy.reconcile(JavaReconcilingStrategy.java:157)
	at org.eclipse.jdt.internal.ui.text.CompositeReconcilingStrategy.reconcile(CompositeReconcilingStrategy.java:94)
	at org.eclipse.jdt.internal.ui.text.JavaCompositeReconcilingStrategy.reconcile(JavaCompositeReconcilingStrategy.java:107)
	at org.eclipse.jface.text.reconciler.MonoReconciler.process(MonoReconciler.java:76)
	at org.eclipse.jface.text.reconciler.AbstractReconciler$BackgroundThread.run(AbstractReconciler.java:210)

!ENTRY org.eclipse.jdt.core 4 4 2026-07-20 16:45:06.315
!MESSAGE Exception occurred during compilation unit conversion:
----------------------------------- SOURCE BEGIN -------------------------------------
package ex;

/*문]
	사용자로부터 임의의 정수를 입력받아 1부터 입력받은 정수까지의
	전체의 합계, 짝수의 합계, 홀수의 합을 각각 출력하시오.
	단, 10단위로 출력하시오.
	
    정수 입력 : 59
    1 ~ 10까지의 전체의 합 :
    1 ~ 10까지의 짝수의 합 :
    1 ~ 10까지의 홀수의 합 :
    
    1 ~ 20까지의 전체의 합 :
    1 ~ 20까지의 짝수의 합 :
    1 ~ 20까지의 홀수의 합 :
    
    1 ~ 30까지의 짝수의 합 :
    1 ~ 30까지의 홀수의 합 :
    1 ~ 30까지의 전체의 합 :
    
    1 ~ 40까지의 짝수의 합 :
    1 ~ 40까지의 홀수의 합 :
    1 ~ 40까지의 전체의 합 :
    
    1 ~ 50까지의 짝수의 합 :
    1 ~ 50까지의 홀수의 합 :
    1 ~ 50까지의 전체의 합 :
    
    1 ~ 59까지의 짝수의 합 :
    1 ~ 59까지의 홀수의 합 :
    1 ~ 59까지의 전체의 합 :
*/
import java.util.Scanner;
public class ForEX07 {

	public static void main(String[] args) {
		Scanner sc = new Scanner(System.in);
		
		int n, result = 0, odd=0, even=0;
		// 전체의 합: result, 짝수의 합:even, 홀수의 합: odd
		System.out.println("정수 입력 :");
		n = sc.nextInt();
		// 1부터 n까지 반복문을 실행한다.
		for(int i = 1; i <=n; i++) {
		result += i;
		   if(i >= 1 && i <=10) {
			   System.out.println("1 ~ 10까지의 전체의 합 :"+result);
		   }else(i >= 1 && i <=10)
		   System.out.println(1 ~ 10까지의 짝수의 합 :");
		
		
	}

}}

----------------------------------- SOURCE END -------------------------------------
!STACK 0
java.lang.IllegalArgumentException
	at org.eclipse.jdt.core.dom.InfixExpression.setOperator(InfixExpression.java:383)
	at org.eclipse.jdt.core.dom.ASTConverter.convert(ASTConverter.java:880)
	at org.eclipse.jdt.core.dom.ASTConverter.convert(ASTConverter.java:2022)
	at org.eclipse.jdt.core.dom.ASTConverter.convertToParenthesizedExpression(ASTConverter.java:3795)
	at org.eclipse.jdt.core.dom.ASTConverter.convert(ASTConverter.java:1943)
	at org.eclipse.jdt.core.dom.ASTConverter.convert(ASTConverter.java:1204)
	at org.eclipse.jdt.core.dom.ASTConverter.convert(ASTConverter.java:1974)
	at org.eclipse.jdt.core.dom.ASTConverter.convert(ASTConverter.java:3052)
	at org.eclipse.jdt.core.dom.ASTConverter.convert(ASTConverter.java:2219)
	at org.eclipse.jdt.core.dom.ASTConverter.convert(ASTConverter.java:2994)
	at org.eclipse.jdt.core.dom.ASTConverter.convert(ASTConverter.java:751)
	at org.eclipse.jdt.core.dom.ASTConverter.buildBodyDeclarations(ASTConverter.java:208)
	at org.eclipse.jdt.core.dom.ASTConverter.convert(ASTConverter.java:3347)
	at org.eclipse.jdt.core.dom.ASTConverter.convert(ASTConverter.java:1524)
	at org.eclipse.jdt.core.dom.AST.convertCompilationUnit(AST.java:494)
	at org.eclipse.jdt.internal.core.CompilationUnit.buildStructure(CompilationUnit.java:201)
	at org.eclipse.jdt.internal.core.Openable.generateInfos(Openable.java:266)
	at org.eclipse.jdt.internal.core.JavaElement.openWhenClosed(JavaElement.java:597)
	at org.eclipse.jdt.internal.core.CompilationUnit.makeConsistent(CompilationUnit.java:1142)
	at org.eclipse.jdt.internal.core.ReconcileWorkingCopyOperation.makeConsistent(ReconcileWorkingCopyOperation.java:173)
	at org.eclipse.jdt.internal.core.ReconcileWorkingCopyOperation.executeOperation(ReconcileWorkingCopyOperation.java:94)
	at org.eclipse.jdt.internal.core.JavaModelOperation.run(JavaModelOperation.java:740)
	at org.eclipse.jdt.internal.core.JavaModelOperation.runOperation(JavaModelOperation.java:806)
	at org.eclipse.jdt.internal.core.CompilationUnit.reconcile(CompilationUnit.java:1319)
	at org.eclipse.jdt.internal.ui.text.java.JavaReconcilingStrategy.reconcile(JavaReconcilingStrategy.java:131)
	at org.eclipse.jdt.internal.ui.text.java.JavaReconcilingStrategy.access$0(JavaReconcilingStrategy.java:113)
	at org.eclipse.jdt.internal.ui.text.java.JavaReconcilingStrategy$1.run(JavaReconcilingStrategy.java:93)
	at org.eclipse.core.runtime.SafeRunner.run(SafeRunner.java:45)
	at org.eclipse.jdt.internal.ui.text.java.JavaReconcilingStrategy.reconcile(JavaReconcilingStrategy.java:90)
	at org.eclipse.jdt.internal.ui.text.java.JavaReconcilingStrategy.reconcile(JavaReconcilingStrategy.java:157)
	at org.eclipse.jdt.internal.ui.text.CompositeReconcilingStrategy.reconcile(CompositeReconcilingStrategy.java:94)
	at org.eclipse.jdt.internal.ui.text.JavaCompositeReconcilingStrategy.reconcile(JavaCompositeReconcilingStrategy.java:107)
	at org.eclipse.jface.text.reconciler.MonoReconciler.process(MonoReconciler.java:76)
	at org.eclipse.jface.text.reconciler.AbstractReconciler$BackgroundThread.run(AbstractReconciler.java:210)

!ENTRY org.eclipse.jdt.ui 4 2 2026-07-20 16:45:06.315
!MESSAGE Problems occurred when invoking code from plug-in: "org.eclipse.jdt.ui".
!STACK 0
java.lang.IllegalArgumentException
	at org.eclipse.jdt.core.dom.InfixExpression.setOperator(InfixExpression.java:383)
	at org.eclipse.jdt.core.dom.ASTConverter.convert(ASTConverter.java:880)
	at org.eclipse.jdt.core.dom.ASTConverter.convert(ASTConverter.java:2022)
	at org.eclipse.jdt.core.dom.ASTConverter.convertToParenthesizedExpression(ASTConverter.java:3795)
	at org.eclipse.jdt.core.dom.ASTConverter.convert(ASTConverter.java:1943)
	at org.eclipse.jdt.core.dom.ASTConverter.convert(ASTConverter.java:1204)
	at org.eclipse.jdt.core.dom.ASTConverter.convert(ASTConverter.java:1974)
	at org.eclipse.jdt.core.dom.ASTConverter.convert(ASTConverter.java:3052)
	at org.eclipse.jdt.core.dom.ASTConverter.convert(ASTConverter.java:2219)
	at org.eclipse.jdt.core.dom.ASTConverter.convert(ASTConverter.java:2994)
	at org.eclipse.jdt.core.dom.ASTConverter.convert(ASTConverter.java:751)
	at org.eclipse.jdt.core.dom.ASTConverter.buildBodyDeclarations(ASTConverter.java:208)
	at org.eclipse.jdt.core.dom.ASTConverter.convert(ASTConverter.java:3347)
	at org.eclipse.jdt.core.dom.ASTConverter.convert(ASTConverter.java:1524)
	at org.eclipse.jdt.core.dom.AST.convertCompilationUnit(AST.java:494)
	at org.eclipse.jdt.internal.core.CompilationUnit.buildStructure(CompilationUnit.java:201)
	at org.eclipse.jdt.internal.core.Openable.generateInfos(Openable.java:266)
	at org.eclipse.jdt.internal.core.JavaElement.openWhenClosed(JavaElement.java:597)
	at org.eclipse.jdt.internal.core.CompilationUnit.makeConsistent(CompilationUnit.java:1142)
	at org.eclipse.jdt.internal.core.ReconcileWorkingCopyOperation.makeConsistent(ReconcileWorkingCopyOperation.java:173)
	at org.eclipse.jdt.internal.core.ReconcileWorkingCopyOperation.executeOperation(ReconcileWorkingCopyOperation.java:94)
	at org.eclipse.jdt.internal.core.JavaModelOperation.run(JavaModelOperation.java:740)
	at org.eclipse.jdt.internal.core.JavaModelOperation.runOperation(JavaModelOperation.java:806)
	at org.eclipse.jdt.internal.core.CompilationUnit.reconcile(CompilationUnit.java:1319)
	at org.eclipse.jdt.internal.ui.text.java.JavaReconcilingStrategy.reconcile(JavaReconcilingStrategy.java:131)
	at org.eclipse.jdt.internal.ui.text.java.JavaReconcilingStrategy.access$0(JavaReconcilingStrategy.java:113)
	at org.eclipse.jdt.internal.ui.text.java.JavaReconcilingStrategy$1.run(JavaReconcilingStrategy.java:93)
	at org.eclipse.core.runtime.SafeRunner.run(SafeRunner.java:45)
	at org.eclipse.jdt.internal.ui.text.java.JavaReconcilingStrategy.reconcile(JavaReconcilingStrategy.java:90)
	at org.eclipse.jdt.internal.ui.text.java.JavaReconcilingStrategy.reconcile(JavaReconcilingStrategy.java:157)
	at org.eclipse.jdt.internal.ui.text.CompositeReconcilingStrategy.reconcile(CompositeReconcilingStrategy.java:94)
	at org.eclipse.jdt.internal.ui.text.JavaCompositeReconcilingStrategy.reconcile(JavaCompositeReconcilingStrategy.java:107)
	at org.eclipse.jface.text.reconciler.MonoReconciler.process(MonoReconciler.java:76)
	at org.eclipse.jface.text.reconciler.AbstractReconciler$BackgroundThread.run(AbstractReconciler.java:210)

!ENTRY org.eclipse.jdt.ui 4 0 2026-07-20 16:45:06.316
!MESSAGE Error in JDT Core during reconcile
!STACK 0
java.lang.IllegalArgumentException
	at org.eclipse.jdt.core.dom.InfixExpression.setOperator(InfixExpression.java:383)
	at org.eclipse.jdt.core.dom.ASTConverter.convert(ASTConverter.java:880)
	at org.eclipse.jdt.core.dom.ASTConverter.convert(ASTConverter.java:2022)
	at org.eclipse.jdt.core.dom.ASTConverter.convertToParenthesizedExpression(ASTConverter.java:3795)
	at org.eclipse.jdt.core.dom.ASTConverter.convert(ASTConverter.java:1943)
	at org.eclipse.jdt.core.dom.ASTConverter.convert(ASTConverter.java:1204)
	at org.eclipse.jdt.core.dom.ASTConverter.convert(ASTConverter.java:1974)
	at org.eclipse.jdt.core.dom.ASTConverter.convert(ASTConverter.java:3052)
	at org.eclipse.jdt.core.dom.ASTConverter.convert(ASTConverter.java:2219)
	at org.eclipse.jdt.core.dom.ASTConverter.convert(ASTConverter.java:2994)
	at org.eclipse.jdt.core.dom.ASTConverter.convert(ASTConverter.java:751)
	at org.eclipse.jdt.core.dom.ASTConverter.buildBodyDeclarations(ASTConverter.java:208)
	at org.eclipse.jdt.core.dom.ASTConverter.convert(ASTConverter.java:3347)
	at org.eclipse.jdt.core.dom.ASTConverter.convert(ASTConverter.java:1524)
	at org.eclipse.jdt.core.dom.AST.convertCompilationUnit(AST.java:494)
	at org.eclipse.jdt.internal.core.CompilationUnit.buildStructure(CompilationUnit.java:201)
	at org.eclipse.jdt.internal.core.Openable.generateInfos(Openable.java:266)
	at org.eclipse.jdt.internal.core.JavaElement.openWhenClosed(JavaElement.java:597)
	at org.eclipse.jdt.internal.core.CompilationUnit.makeConsistent(CompilationUnit.java:1142)
	at org.eclipse.jdt.internal.core.ReconcileWorkingCopyOperation.makeConsistent(ReconcileWorkingCopyOperation.java:173)
	at org.eclipse.jdt.internal.core.ReconcileWorkingCopyOperation.executeOperation(ReconcileWorkingCopyOperation.java:94)
	at org.eclipse.jdt.internal.core.JavaModelOperation.run(JavaModelOperation.java:740)
	at org.eclipse.jdt.internal.core.JavaModelOperation.runOperation(JavaModelOperation.java:806)
	at org.eclipse.jdt.internal.core.CompilationUnit.reconcile(CompilationUnit.java:1319)
	at org.eclipse.jdt.internal.ui.text.java.JavaReconcilingStrategy.reconcile(JavaReconcilingStrategy.java:131)
	at org.eclipse.jdt.internal.ui.text.java.JavaReconcilingStrategy.access$0(JavaReconcilingStrategy.java:113)
	at org.eclipse.jdt.internal.ui.text.java.JavaReconcilingStrategy$1.run(JavaReconcilingStrategy.java:93)
	at org.eclipse.core.runtime.SafeRunner.run(SafeRunner.java:45)
	at org.eclipse.jdt.internal.ui.text.java.JavaReconcilingStrategy.reconcile(JavaReconcilingStrategy.java:90)
	at org.eclipse.jdt.internal.ui.text.java.JavaReconcilingStrategy.reconcile(JavaReconcilingStrategy.java:157)
	at org.eclipse.jdt.internal.ui.text.CompositeReconcilingStrategy.reconcile(CompositeReconcilingStrategy.java:94)
	at org.eclipse.jdt.internal.ui.text.JavaCompositeReconcilingStrategy.reconcile(JavaCompositeReconcilingStrategy.java:107)
	at org.eclipse.jface.text.reconciler.MonoReconciler.process(MonoReconciler.java:76)
	at org.eclipse.jface.text.reconciler.AbstractReconciler$BackgroundThread.run(AbstractReconciler.java:210)

!ENTRY org.eclipse.jdt.core 4 4 2026-07-20 16:45:08.822
!MESSAGE Exception occurred during compilation unit conversion:
----------------------------------- SOURCE BEGIN -------------------------------------
package ex;

/*문]
	사용자로부터 임의의 정수를 입력받아 1부터 입력받은 정수까지의
	전체의 합계, 짝수의 합계, 홀수의 합을 각각 출력하시오.
	단, 10단위로 출력하시오.
	
    정수 입력 : 59
    1 ~ 10까지의 전체의 합 :
    1 ~ 10까지의 짝수의 합 :
    1 ~ 10까지의 홀수의 합 :
    
    1 ~ 20까지의 전체의 합 :
    1 ~ 20까지의 짝수의 합 :
    1 ~ 20까지의 홀수의 합 :
    
    1 ~ 30까지의 짝수의 합 :
    1 ~ 30까지의 홀수의 합 :
    1 ~ 30까지의 전체의 합 :
    
    1 ~ 40까지의 짝수의 합 :
    1 ~ 40까지의 홀수의 합 :
    1 ~ 40까지의 전체의 합 :
    
    1 ~ 50까지의 짝수의 합 :
    1 ~ 50까지의 홀수의 합 :
    1 ~ 50까지의 전체의 합 :
    
    1 ~ 59까지의 짝수의 합 :
    1 ~ 59까지의 홀수의 합 :
    1 ~ 59까지의 전체의 합 :
*/
import java.util.Scanner;
public class ForEX07 {

	public static void main(String[] args) {
		Scanner sc = new Scanner(System.in);
		
		int n, result = 0, odd=0, even=0;
		// 전체의 합: result, 짝수의 합:even, 홀수의 합: odd
		System.out.println("정수 입력 :");
		n = sc.nextInt();
		// 1부터 n까지 반복문을 실행한다.
		for(int i = 1; i <=n; i++) {
		result += i;
		   if(i >= 1 && i <=10) {
			   System.out.println("1 ~ 10까지의 전체의 합 :"+result);
		   }else(i >= 1 && i <=10)
		   System.out.println("1 ~ 10까지의 짝수의 합 :");
		
		
	}

}}

----------------------------------- SOURCE END -------------------------------------
!STACK 0
java.lang.IllegalArgumentException
	at org.eclipse.jdt.core.dom.InfixExpression.setOperator(InfixExpression.java:383)
	at org.eclipse.jdt.core.dom.ASTConverter.convert(ASTConverter.java:880)
	at org.eclipse.jdt.core.dom.ASTConverter.convert(ASTConverter.java:2022)
	at org.eclipse.jdt.core.dom.ASTConverter.convertToParenthesizedExpression(ASTConverter.java:3795)
	at org.eclipse.jdt.core.dom.ASTConverter.convert(ASTConverter.java:1943)
	at org.eclipse.jdt.core.dom.ASTConverter.convert(ASTConverter.java:1204)
	at org.eclipse.jdt.core.dom.ASTConverter.convert(ASTConverter.java:1974)
	at org.eclipse.jdt.core.dom.ASTConverter.convert(ASTConverter.java:3052)
	at org.eclipse.jdt.core.dom.ASTConverter.convert(ASTConverter.java:2219)
	at org.eclipse.jdt.core.dom.ASTConverter.convert(ASTConverter.java:2994)
	at org.eclipse.jdt.core.dom.ASTConverter.convert(ASTConverter.java:1383)
	at org.eclipse.jdt.core.dom.ASTConverter.convert(ASTConverter.java:2970)
	at org.eclipse.jdt.core.dom.ASTConverter.convert(ASTConverter.java:2204)
	at org.eclipse.jdt.core.dom.ASTConverter.convert(ASTConverter.java:2991)
	at org.eclipse.jdt.core.dom.ASTConverter.convert(ASTConverter.java:751)
	at org.eclipse.jdt.core.dom.ASTConverter.buildBodyDeclarations(ASTConverter.java:208)
	at org.eclipse.jdt.core.dom.ASTConverter.convert(ASTConverter.java:3347)
	at org.eclipse.jdt.core.dom.ASTConverter.convert(ASTConverter.java:1524)
	at org.eclipse.jdt.core.dom.AST.convertCompilationUnit(AST.java:494)
	at org.eclipse.jdt.internal.core.CompilationUnit.buildStructure(CompilationUnit.java:201)
	at org.eclipse.jdt.internal.core.Openable.generateInfos(Openable.java:266)
	at org.eclipse.jdt.internal.core.JavaElement.openWhenClosed(JavaElement.java:597)
	at org.eclipse.jdt.internal.core.CompilationUnit.makeConsistent(CompilationUnit.java:1142)
	at org.eclipse.jdt.internal.core.ReconcileWorkingCopyOperation.makeConsistent(ReconcileWorkingCopyOperation.java:173)
	at org.eclipse.jdt.internal.core.ReconcileWorkingCopyOperation.executeOperation(ReconcileWorkingCopyOperation.java:94)
	at org.eclipse.jdt.internal.core.JavaModelOperation.run(JavaModelOperation.java:740)
	at org.eclipse.jdt.internal.core.JavaModelOperation.runOperation(JavaModelOperation.java:806)
	at org.eclipse.jdt.internal.core.CompilationUnit.reconcile(CompilationUnit.java:1319)
	at org.eclipse.jdt.internal.ui.text.java.JavaReconcilingStrategy.reconcile(JavaReconcilingStrategy.java:131)
	at org.eclipse.jdt.internal.ui.text.java.JavaReconcilingStrategy.access$0(JavaReconcilingStrategy.java:113)
	at org.eclipse.jdt.internal.ui.text.java.JavaReconcilingStrategy$1.run(JavaReconcilingStrategy.java:93)
	at org.eclipse.core.runtime.SafeRunner.run(SafeRunner.java:45)
	at org.eclipse.jdt.internal.ui.text.java.JavaReconcilingStrategy.reconcile(JavaReconcilingStrategy.java:90)
	at org.eclipse.jdt.internal.ui.text.java.JavaReconcilingStrategy.reconcile(JavaReconcilingStrategy.java:157)
	at org.eclipse.jdt.internal.ui.text.CompositeReconcilingStrategy.reconcile(CompositeReconcilingStrategy.java:94)
	at org.eclipse.jdt.internal.ui.text.JavaCompositeReconcilingStrategy.reconcile(JavaCompositeReconcilingStrategy.java:107)
	at org.eclipse.jface.text.reconciler.MonoReconciler.process(MonoReconciler.java:76)
	at org.eclipse.jface.text.reconciler.AbstractReconciler$BackgroundThread.run(AbstractReconciler.java:210)

!ENTRY org.eclipse.jdt.ui 4 2 2026-07-20 16:45:08.823
!MESSAGE Problems occurred when invoking code from plug-in: "org.eclipse.jdt.ui".
!STACK 0
java.lang.IllegalArgumentException
	at org.eclipse.jdt.core.dom.InfixExpression.setOperator(InfixExpression.java:383)
	at org.eclipse.jdt.core.dom.ASTConverter.convert(ASTConverter.java:880)
	at org.eclipse.jdt.core.dom.ASTConverter.convert(ASTConverter.java:2022)
	at org.eclipse.jdt.core.dom.ASTConverter.convertToParenthesizedExpression(ASTConverter.java:3795)
	at org.eclipse.jdt.core.dom.ASTConverter.convert(ASTConverter.java:1943)
	at org.eclipse.jdt.core.dom.ASTConverter.convert(ASTConverter.java:1204)
	at org.eclipse.jdt.core.dom.ASTConverter.convert(ASTConverter.java:1974)
	at org.eclipse.jdt.core.dom.ASTConverter.convert(ASTConverter.java:3052)
	at org.eclipse.jdt.core.dom.ASTConverter.convert(ASTConverter.java:2219)
	at org.eclipse.jdt.core.dom.ASTConverter.convert(ASTConverter.java:2994)
	at org.eclipse.jdt.core.dom.ASTConverter.convert(ASTConverter.java:1383)
	at org.eclipse.jdt.core.dom.ASTConverter.convert(ASTConverter.java:2970)
	at org.eclipse.jdt.core.dom.ASTConverter.convert(ASTConverter.java:2204)
	at org.eclipse.jdt.core.dom.ASTConverter.convert(ASTConverter.java:2991)
	at org.eclipse.jdt.core.dom.ASTConverter.convert(ASTConverter.java:751)
	at org.eclipse.jdt.core.dom.ASTConverter.buildBodyDeclarations(ASTConverter.java:208)
	at org.eclipse.jdt.core.dom.ASTConverter.convert(ASTConverter.java:3347)
	at org.eclipse.jdt.core.dom.ASTConverter.convert(ASTConverter.java:1524)
	at org.eclipse.jdt.core.dom.AST.convertCompilationUnit(AST.java:494)
	at org.eclipse.jdt.internal.core.CompilationUnit.buildStructure(CompilationUnit.java:201)
	at org.eclipse.jdt.internal.core.Openable.generateInfos(Openable.java:266)
	at org.eclipse.jdt.internal.core.JavaElement.openWhenClosed(JavaElement.java:597)
	at org.eclipse.jdt.internal.core.CompilationUnit.makeConsistent(CompilationUnit.java:1142)
	at org.eclipse.jdt.internal.core.ReconcileWorkingCopyOperation.makeConsistent(ReconcileWorkingCopyOperation.java:173)
	at org.eclipse.jdt.internal.core.ReconcileWorkingCopyOperation.executeOperation(ReconcileWorkingCopyOperation.java:94)
	at org.eclipse.jdt.internal.core.JavaModelOperation.run(JavaModelOperation.java:740)
	at org.eclipse.jdt.internal.core.JavaModelOperation.runOperation(JavaModelOperation.java:806)
	at org.eclipse.jdt.internal.core.CompilationUnit.reconcile(CompilationUnit.java:1319)
	at org.eclipse.jdt.internal.ui.text.java.JavaReconcilingStrategy.reconcile(JavaReconcilingStrategy.java:131)
	at org.eclipse.jdt.internal.ui.text.java.JavaReconcilingStrategy.access$0(JavaReconcilingStrategy.java:113)
	at org.eclipse.jdt.internal.ui.text.java.JavaReconcilingStrategy$1.run(JavaReconcilingStrategy.java:93)
	at org.eclipse.core.runtime.SafeRunner.run(SafeRunner.java:45)
	at org.eclipse.jdt.internal.ui.text.java.JavaReconcilingStrategy.reconcile(JavaReconcilingStrategy.java:90)
	at org.eclipse.jdt.internal.ui.text.java.JavaReconcilingStrategy.reconcile(JavaReconcilingStrategy.java:157)
	at org.eclipse.jdt.internal.ui.text.CompositeReconcilingStrategy.reconcile(CompositeReconcilingStrategy.java:94)
	at org.eclipse.jdt.internal.ui.text.JavaCompositeReconcilingStrategy.reconcile(JavaCompositeReconcilingStrategy.java:107)
	at org.eclipse.jface.text.reconciler.MonoReconciler.process(MonoReconciler.java:76)
	at org.eclipse.jface.text.reconciler.AbstractReconciler$BackgroundThread.run(AbstractReconciler.java:210)

!ENTRY org.eclipse.jdt.ui 4 0 2026-07-20 16:45:08.823
!MESSAGE Error in JDT Core during reconcile
!STACK 0
java.lang.IllegalArgumentException
	at org.eclipse.jdt.core.dom.InfixExpression.setOperator(InfixExpression.java:383)
	at org.eclipse.jdt.core.dom.ASTConverter.convert(ASTConverter.java:880)
	at org.eclipse.jdt.core.dom.ASTConverter.convert(ASTConverter.java:2022)
	at org.eclipse.jdt.core.dom.ASTConverter.convertToParenthesizedExpression(ASTConverter.java:3795)
	at org.eclipse.jdt.core.dom.ASTConverter.convert(ASTConverter.java:1943)
	at org.eclipse.jdt.core.dom.ASTConverter.convert(ASTConverter.java:1204)
	at org.eclipse.jdt.core.dom.ASTConverter.convert(ASTConverter.java:1974)
	at org.eclipse.jdt.core.dom.ASTConverter.convert(ASTConverter.java:3052)
	at org.eclipse.jdt.core.dom.ASTConverter.convert(ASTConverter.java:2219)
	at org.eclipse.jdt.core.dom.ASTConverter.convert(ASTConverter.java:2994)
	at org.eclipse.jdt.core.dom.ASTConverter.convert(ASTConverter.java:1383)
	at org.eclipse.jdt.core.dom.ASTConverter.convert(ASTConverter.java:2970)
	at org.eclipse.jdt.core.dom.ASTConverter.convert(ASTConverter.java:2204)
	at org.eclipse.jdt.core.dom.ASTConverter.convert(ASTConverter.java:2991)
	at org.eclipse.jdt.core.dom.ASTConverter.convert(ASTConverter.java:751)
	at org.eclipse.jdt.core.dom.ASTConverter.buildBodyDeclarations(ASTConverter.java:208)
	at org.eclipse.jdt.core.dom.ASTConverter.convert(ASTConverter.java:3347)
	at org.eclipse.jdt.core.dom.ASTConverter.convert(ASTConverter.java:1524)
	at org.eclipse.jdt.core.dom.AST.convertCompilationUnit(AST.java:494)
	at org.eclipse.jdt.internal.core.CompilationUnit.buildStructure(CompilationUnit.java:201)
	at org.eclipse.jdt.internal.core.Openable.generateInfos(Openable.java:266)
	at org.eclipse.jdt.internal.core.JavaElement.openWhenClosed(JavaElement.java:597)
	at org.eclipse.jdt.internal.core.CompilationUnit.makeConsistent(CompilationUnit.java:1142)
	at org.eclipse.jdt.internal.core.ReconcileWorkingCopyOperation.makeConsistent(ReconcileWorkingCopyOperation.java:173)
	at org.eclipse.jdt.internal.core.ReconcileWorkingCopyOperation.executeOperation(ReconcileWorkingCopyOperation.java:94)
	at org.eclipse.jdt.internal.core.JavaModelOperation.run(JavaModelOperation.java:740)
	at org.eclipse.jdt.internal.core.JavaModelOperation.runOperation(JavaModelOperation.java:806)
	at org.eclipse.jdt.internal.core.CompilationUnit.reconcile(CompilationUnit.java:1319)
	at org.eclipse.jdt.internal.ui.text.java.JavaReconcilingStrategy.reconcile(JavaReconcilingStrategy.java:131)
	at org.eclipse.jdt.internal.ui.text.java.JavaReconcilingStrategy.access$0(JavaReconcilingStrategy.java:113)
	at org.eclipse.jdt.internal.ui.text.java.JavaReconcilingStrategy$1.run(JavaReconcilingStrategy.java:93)
	at org.eclipse.core.runtime.SafeRunner.run(SafeRunner.java:45)
	at org.eclipse.jdt.internal.ui.text.java.JavaReconcilingStrategy.reconcile(JavaReconcilingStrategy.java:90)
	at org.eclipse.jdt.internal.ui.text.java.JavaReconcilingStrategy.reconcile(JavaReconcilingStrategy.java:157)
	at org.eclipse.jdt.internal.ui.text.CompositeReconcilingStrategy.reconcile(CompositeReconcilingStrategy.java:94)
	at org.eclipse.jdt.internal.ui.text.JavaCompositeReconcilingStrategy.reconcile(JavaCompositeReconcilingStrategy.java:107)
	at org.eclipse.jface.text.reconciler.MonoReconciler.process(MonoReconciler.java:76)
	at org.eclipse.jface.text.reconciler.AbstractReconciler$BackgroundThread.run(AbstractReconciler.java:210)

!ENTRY org.eclipse.jdt.core 4 4 2026-07-20 16:45:13.831
!MESSAGE Exception occurred during compilation unit conversion:
----------------------------------- SOURCE BEGIN -------------------------------------
package ex;

/*문]
	사용자로부터 임의의 정수를 입력받아 1부터 입력받은 정수까지의
	전체의 합계, 짝수의 합계, 홀수의 합을 각각 출력하시오.
	단, 10단위로 출력하시오.
	
    정수 입력 : 59
    1 ~ 10까지의 전체의 합 :
    1 ~ 10까지의 짝수의 합 :
    1 ~ 10까지의 홀수의 합 :
    
    1 ~ 20까지의 전체의 합 :
    1 ~ 20까지의 짝수의 합 :
    1 ~ 20까지의 홀수의 합 :
    
    1 ~ 30까지의 짝수의 합 :
    1 ~ 30까지의 홀수의 합 :
    1 ~ 30까지의 전체의 합 :
    
    1 ~ 40까지의 짝수의 합 :
    1 ~ 40까지의 홀수의 합 :
    1 ~ 40까지의 전체의 합 :
    
    1 ~ 50까지의 짝수의 합 :
    1 ~ 50까지의 홀수의 합 :
    1 ~ 50까지의 전체의 합 :
    
    1 ~ 59까지의 짝수의 합 :
    1 ~ 59까지의 홀수의 합 :
    1 ~ 59까지의 전체의 합 :
*/
import java.util.Scanner;
public class ForEX07 {

	public static void main(String[] args) {
		Scanner sc = new Scanner(System.in);
		
		int n, result = 0, odd=0, even=0;
		// 전체의 합: result, 짝수의 합:even, 홀수의 합: odd
		System.out.println("정수 입력 :");
		n = sc.nextInt();
		// 1부터 n까지 반복문을 실행한다.
		for(int i = 1; i <=n; i++) {
		result += i;
		   if(i >= 1 && i <=10) {
			   System.out.println("1 ~ 10까지의 전체의 합 :"+result);
		   }else(i >= 1 && i <=10)
		   System.out.println("1 ~ 10까지의 짝수의 합 :"+result);
		
		
	}

}}

----------------------------------- SOURCE END -------------------------------------
!STACK 0
java.lang.IllegalArgumentException
	at org.eclipse.jdt.core.dom.InfixExpression.setOperator(InfixExpression.java:383)
	at org.eclipse.jdt.core.dom.ASTConverter.convert(ASTConverter.java:880)
	at org.eclipse.jdt.core.dom.ASTConverter.convert(ASTConverter.java:2022)
	at org.eclipse.jdt.core.dom.ASTConverter.convertToParenthesizedExpression(ASTConverter.java:3795)
	at org.eclipse.jdt.core.dom.ASTConverter.convert(ASTConverter.java:1943)
	at org.eclipse.jdt.core.dom.ASTConverter.convert(ASTConverter.java:1204)
	at org.eclipse.jdt.core.dom.ASTConverter.convert(ASTConverter.java:1974)
	at org.eclipse.jdt.core.dom.ASTConverter.convert(ASTConverter.java:3052)
	at org.eclipse.jdt.core.dom.ASTConverter.convert(ASTConverter.java:2219)
	at org.eclipse.jdt.core.dom.ASTConverter.convert(ASTConverter.java:2994)
	at org.eclipse.jdt.core.dom.ASTConverter.convert(ASTConverter.java:1383)
	at org.eclipse.jdt.core.dom.ASTConverter.convert(ASTConverter.java:2970)
	at org.eclipse.jdt.core.dom.ASTConverter.convert(ASTConverter.java:2204)
	at org.eclipse.jdt.core.dom.ASTConverter.convert(ASTConverter.java:2991)
	at org.eclipse.jdt.core.dom.ASTConverter.convert(ASTConverter.java:751)
	at org.eclipse.jdt.core.dom.ASTConverter.buildBodyDeclarations(ASTConverter.java:208)
	at org.eclipse.jdt.core.dom.ASTConverter.convert(ASTConverter.java:3347)
	at org.eclipse.jdt.core.dom.ASTConverter.convert(ASTConverter.java:1524)
	at org.eclipse.jdt.core.dom.AST.convertCompilationUnit(AST.java:494)
	at org.eclipse.jdt.internal.core.CompilationUnit.buildStructure(CompilationUnit.java:201)
	at org.eclipse.jdt.internal.core.Openable.generateInfos(Openable.java:266)
	at org.eclipse.jdt.internal.core.JavaElement.openWhenClosed(JavaElement.java:597)
	at org.eclipse.jdt.internal.core.CompilationUnit.makeConsistent(CompilationUnit.java:1142)
	at org.eclipse.jdt.internal.core.ReconcileWorkingCopyOperation.makeConsistent(ReconcileWorkingCopyOperation.java:173)
	at org.eclipse.jdt.internal.core.ReconcileWorkingCopyOperation.executeOperation(ReconcileWorkingCopyOperation.java:94)
	at org.eclipse.jdt.internal.core.JavaModelOperation.run(JavaModelOperation.java:740)
	at org.eclipse.jdt.internal.core.JavaModelOperation.runOperation(JavaModelOperation.java:806)
	at org.eclipse.jdt.internal.core.CompilationUnit.reconcile(CompilationUnit.java:1319)
	at org.eclipse.jdt.internal.ui.text.java.JavaReconcilingStrategy.reconcile(JavaReconcilingStrategy.java:131)
	at org.eclipse.jdt.internal.ui.text.java.JavaReconcilingStrategy.access$0(JavaReconcilingStrategy.java:113)
	at org.eclipse.jdt.internal.ui.text.java.JavaReconcilingStrategy$1.run(JavaReconcilingStrategy.java:93)
	at org.eclipse.core.runtime.SafeRunner.run(SafeRunner.java:45)
	at org.eclipse.jdt.internal.ui.text.java.JavaReconcilingStrategy.reconcile(JavaReconcilingStrategy.java:90)
	at org.eclipse.jdt.internal.ui.text.java.JavaReconcilingStrategy.reconcile(JavaReconcilingStrategy.java:157)
	at org.eclipse.jdt.internal.ui.text.CompositeReconcilingStrategy.reconcile(CompositeReconcilingStrategy.java:94)
	at org.eclipse.jdt.internal.ui.text.JavaCompositeReconcilingStrategy.reconcile(JavaCompositeReconcilingStrategy.java:107)
	at org.eclipse.jface.text.reconciler.MonoReconciler.process(MonoReconciler.java:76)
	at org.eclipse.jface.text.reconciler.AbstractReconciler$BackgroundThread.run(AbstractReconciler.java:210)

!ENTRY org.eclipse.jdt.ui 4 2 2026-07-20 16:45:13.832
!MESSAGE Problems occurred when invoking code from plug-in: "org.eclipse.jdt.ui".
!STACK 0
java.lang.IllegalArgumentException
	at org.eclipse.jdt.core.dom.InfixExpression.setOperator(InfixExpression.java:383)
	at org.eclipse.jdt.core.dom.ASTConverter.convert(ASTConverter.java:880)
	at org.eclipse.jdt.core.dom.ASTConverter.convert(ASTConverter.java:2022)
	at org.eclipse.jdt.core.dom.ASTConverter.convertToParenthesizedExpression(ASTConverter.java:3795)
	at org.eclipse.jdt.core.dom.ASTConverter.convert(ASTConverter.java:1943)
	at org.eclipse.jdt.core.dom.ASTConverter.convert(ASTConverter.java:1204)
	at org.eclipse.jdt.core.dom.ASTConverter.convert(ASTConverter.java:1974)
	at org.eclipse.jdt.core.dom.ASTConverter.convert(ASTConverter.java:3052)
	at org.eclipse.jdt.core.dom.ASTConverter.convert(ASTConverter.java:2219)
	at org.eclipse.jdt.core.dom.ASTConverter.convert(ASTConverter.java:2994)
	at org.eclipse.jdt.core.dom.ASTConverter.convert(ASTConverter.java:1383)
	at org.eclipse.jdt.core.dom.ASTConverter.convert(ASTConverter.java:2970)
	at org.eclipse.jdt.core.dom.ASTConverter.convert(ASTConverter.java:2204)
	at org.eclipse.jdt.core.dom.ASTConverter.convert(ASTConverter.java:2991)
	at org.eclipse.jdt.core.dom.ASTConverter.convert(ASTConverter.java:751)
	at org.eclipse.jdt.core.dom.ASTConverter.buildBodyDeclarations(ASTConverter.java:208)
	at org.eclipse.jdt.core.dom.ASTConverter.convert(ASTConverter.java:3347)
	at org.eclipse.jdt.core.dom.ASTConverter.convert(ASTConverter.java:1524)
	at org.eclipse.jdt.core.dom.AST.convertCompilationUnit(AST.java:494)
	at org.eclipse.jdt.internal.core.CompilationUnit.buildStructure(CompilationUnit.java:201)
	at org.eclipse.jdt.internal.core.Openable.generateInfos(Openable.java:266)
	at org.eclipse.jdt.internal.core.JavaElement.openWhenClosed(JavaElement.java:597)
	at org.eclipse.jdt.internal.core.CompilationUnit.makeConsistent(CompilationUnit.java:1142)
	at org.eclipse.jdt.internal.core.ReconcileWorkingCopyOperation.makeConsistent(ReconcileWorkingCopyOperation.java:173)
	at org.eclipse.jdt.internal.core.ReconcileWorkingCopyOperation.executeOperation(ReconcileWorkingCopyOperation.java:94)
	at org.eclipse.jdt.internal.core.JavaModelOperation.run(JavaModelOperation.java:740)
	at org.eclipse.jdt.internal.core.JavaModelOperation.runOperation(JavaModelOperation.java:806)
	at org.eclipse.jdt.internal.core.CompilationUnit.reconcile(CompilationUnit.java:1319)
	at org.eclipse.jdt.internal.ui.text.java.JavaReconcilingStrategy.reconcile(JavaReconcilingStrategy.java:131)
	at org.eclipse.jdt.internal.ui.text.java.JavaReconcilingStrategy.access$0(JavaReconcilingStrategy.java:113)
	at org.eclipse.jdt.internal.ui.text.java.JavaReconcilingStrategy$1.run(JavaReconcilingStrategy.java:93)
	at org.eclipse.core.runtime.SafeRunner.run(SafeRunner.java:45)
	at org.eclipse.jdt.internal.ui.text.java.JavaReconcilingStrategy.reconcile(JavaReconcilingStrategy.java:90)
	at org.eclipse.jdt.internal.ui.text.java.JavaReconcilingStrategy.reconcile(JavaReconcilingStrategy.java:157)
	at org.eclipse.jdt.internal.ui.text.CompositeReconcilingStrategy.reconcile(CompositeReconcilingStrategy.java:94)
	at org.eclipse.jdt.internal.ui.text.JavaCompositeReconcilingStrategy.reconcile(JavaCompositeReconcilingStrategy.java:107)
	at org.eclipse.jface.text.reconciler.MonoReconciler.process(MonoReconciler.java:76)
	at org.eclipse.jface.text.reconciler.AbstractReconciler$BackgroundThread.run(AbstractReconciler.java:210)

!ENTRY org.eclipse.jdt.ui 4 0 2026-07-20 16:45:13.832
!MESSAGE Error in JDT Core during reconcile
!STACK 0
java.lang.IllegalArgumentException
	at org.eclipse.jdt.core.dom.InfixExpression.setOperator(InfixExpression.java:383)
	at org.eclipse.jdt.core.dom.ASTConverter.convert(ASTConverter.java:880)
	at org.eclipse.jdt.core.dom.ASTConverter.convert(ASTConverter.java:2022)
	at org.eclipse.jdt.core.dom.ASTConverter.convertToParenthesizedExpression(ASTConverter.java:3795)
	at org.eclipse.jdt.core.dom.ASTConverter.convert(ASTConverter.java:1943)
	at org.eclipse.jdt.core.dom.ASTConverter.convert(ASTConverter.java:1204)
	at org.eclipse.jdt.core.dom.ASTConverter.convert(ASTConverter.java:1974)
	at org.eclipse.jdt.core.dom.ASTConverter.convert(ASTConverter.java:3052)
	at org.eclipse.jdt.core.dom.ASTConverter.convert(ASTConverter.java:2219)
	at org.eclipse.jdt.core.dom.ASTConverter.convert(ASTConverter.java:2994)
	at org.eclipse.jdt.core.dom.ASTConverter.convert(ASTConverter.java:1383)
	at org.eclipse.jdt.core.dom.ASTConverter.convert(ASTConverter.java:2970)
	at org.eclipse.jdt.core.dom.ASTConverter.convert(ASTConverter.java:2204)
	at org.eclipse.jdt.core.dom.ASTConverter.convert(ASTConverter.java:2991)
	at org.eclipse.jdt.core.dom.ASTConverter.convert(ASTConverter.java:751)
	at org.eclipse.jdt.core.dom.ASTConverter.buildBodyDeclarations(ASTConverter.java:208)
	at org.eclipse.jdt.core.dom.ASTConverter.convert(ASTConverter.java:3347)
	at org.eclipse.jdt.core.dom.ASTConverter.convert(ASTConverter.java:1524)
	at org.eclipse.jdt.core.dom.AST.convertCompilationUnit(AST.java:494)
	at org.eclipse.jdt.internal.core.CompilationUnit.buildStructure(CompilationUnit.java:201)
	at org.eclipse.jdt.internal.core.Openable.generateInfos(Openable.java:266)
	at org.eclipse.jdt.internal.core.JavaElement.openWhenClosed(JavaElement.java:597)
	at org.eclipse.jdt.internal.core.CompilationUnit.makeConsistent(CompilationUnit.java:1142)
	at org.eclipse.jdt.internal.core.ReconcileWorkingCopyOperation.makeConsistent(ReconcileWorkingCopyOperation.java:173)
	at org.eclipse.jdt.internal.core.ReconcileWorkingCopyOperation.executeOperation(ReconcileWorkingCopyOperation.java:94)
	at org.eclipse.jdt.internal.core.JavaModelOperation.run(JavaModelOperation.java:740)
	at org.eclipse.jdt.internal.core.JavaModelOperation.runOperation(JavaModelOperation.java:806)
	at org.eclipse.jdt.internal.core.CompilationUnit.reconcile(CompilationUnit.java:1319)
	at org.eclipse.jdt.internal.ui.text.java.JavaReconcilingStrategy.reconcile(JavaReconcilingStrategy.java:131)
	at org.eclipse.jdt.internal.ui.text.java.JavaReconcilingStrategy.access$0(JavaReconcilingStrategy.java:113)
	at org.eclipse.jdt.internal.ui.text.java.JavaReconcilingStrategy$1.run(JavaReconcilingStrategy.java:93)
	at org.eclipse.core.runtime.SafeRunner.run(SafeRunner.java:45)
	at org.eclipse.jdt.internal.ui.text.java.JavaReconcilingStrategy.reconcile(JavaReconcilingStrategy.java:90)
	at org.eclipse.jdt.internal.ui.text.java.JavaReconcilingStrategy.reconcile(JavaReconcilingStrategy.java:157)
	at org.eclipse.jdt.internal.ui.text.CompositeReconcilingStrategy.reconcile(CompositeReconcilingStrategy.java:94)
	at org.eclipse.jdt.internal.ui.text.JavaCompositeReconcilingStrategy.reconcile(JavaCompositeReconcilingStrategy.java:107)
	at org.eclipse.jface.text.reconciler.MonoReconciler.process(MonoReconciler.java:76)
	at org.eclipse.jface.text.reconciler.AbstractReconciler$BackgroundThread.run(AbstractReconciler.java:210)

!ENTRY org.eclipse.jdt.core 4 4 2026-07-20 16:45:18.958
!MESSAGE Exception occurred during compilation unit conversion:
----------------------------------- SOURCE BEGIN -------------------------------------
package ex;

/*문]
	사용자로부터 임의의 정수를 입력받아 1부터 입력받은 정수까지의
	전체의 합계, 짝수의 합계, 홀수의 합을 각각 출력하시오.
	단, 10단위로 출력하시오.
	
    정수 입력 : 59
    1 ~ 10까지의 전체의 합 :
    1 ~ 10까지의 짝수의 합 :
    1 ~ 10까지의 홀수의 합 :
    
    1 ~ 20까지의 전체의 합 :
    1 ~ 20까지의 짝수의 합 :
    1 ~ 20까지의 홀수의 합 :
    
    1 ~ 30까지의 짝수의 합 :
    1 ~ 30까지의 홀수의 합 :
    1 ~ 30까지의 전체의 합 :
    
    1 ~ 40까지의 짝수의 합 :
    1 ~ 40까지의 홀수의 합 :
    1 ~ 40까지의 전체의 합 :
    
    1 ~ 50까지의 짝수의 합 :
    1 ~ 50까지의 홀수의 합 :
    1 ~ 50까지의 전체의 합 :
    
    1 ~ 59까지의 짝수의 합 :
    1 ~ 59까지의 홀수의 합 :
    1 ~ 59까지의 전체의 합 :
*/
import java.util.Scanner;
public class ForEX07 {

	public static void main(String[] args) {
		Scanner sc = new Scanner(System.in);
		
		int n, result = 0, odd=0, even=0;
		// 전체의 합: result, 짝수의 합:even, 홀수의 합: odd
		System.out.println("정수 입력 :");
		n = sc.nextInt();
		// 1부터 n까지 반복문을 실행한다.
		for(int i = 1; i <=n; i++) {
		result += i;
		   if(i >= 1 && i <=10) {
			   System.out.println("1 ~ 10까지의 전체의 합 :"+result);
		   }else(i >= 1 && i <=10)
		   System.out.println("1 ~ 10까지의 짝수의 합 :"+result);
		
		
	}

}}

----------------------------------- SOURCE END -------------------------------------
!STACK 0
java.lang.IllegalArgumentException
	at org.eclipse.jdt.core.dom.InfixExpression.setOperator(InfixExpression.java:383)
	at org.eclipse.jdt.core.dom.ASTConverter.convert(ASTConverter.java:880)
	at org.eclipse.jdt.core.dom.ASTConverter.convert(ASTConverter.java:2022)
	at org.eclipse.jdt.core.dom.ASTConverter.convertToParenthesizedExpression(ASTConverter.java:3795)
	at org.eclipse.jdt.core.dom.ASTConverter.convert(ASTConverter.java:1943)
	at org.eclipse.jdt.core.dom.ASTConverter.convert(ASTConverter.java:1204)
	at org.eclipse.jdt.core.dom.ASTConverter.convert(ASTConverter.java:1974)
	at org.eclipse.jdt.core.dom.ASTConverter.convert(ASTConverter.java:3052)
	at org.eclipse.jdt.core.dom.ASTConverter.convert(ASTConverter.java:2219)
	at org.eclipse.jdt.core.dom.ASTConverter.convert(ASTConverter.java:2994)
	at org.eclipse.jdt.core.dom.ASTConverter.convert(ASTConverter.java:1383)
	at org.eclipse.jdt.core.dom.ASTConverter.convert(ASTConverter.java:2970)
	at org.eclipse.jdt.core.dom.ASTConverter.convert(ASTConverter.java:2204)
	at org.eclipse.jdt.core.dom.ASTConverter.convert(ASTConverter.java:2991)
	at org.eclipse.jdt.core.dom.ASTConverter.convert(ASTConverter.java:751)
	at org.eclipse.jdt.core.dom.ASTConverter.buildBodyDeclarations(ASTConverter.java:208)
	at org.eclipse.jdt.core.dom.ASTConverter.convert(ASTConverter.java:3347)
	at org.eclipse.jdt.core.dom.ASTConverter.convert(ASTConverter.java:1524)
	at org.eclipse.jdt.core.dom.CompilationUnitResolver.convert(CompilationUnitResolver.java:323)
	at org.eclipse.jdt.core.dom.ASTParser.internalCreateAST(ASTParser.java:1231)
	at org.eclipse.jdt.core.dom.ASTParser.createAST(ASTParser.java:820)
	at org.eclipse.jdt.core.manipulation.CoreASTProvider$1.run(CoreASTProvider.java:272)
	at org.eclipse.core.runtime.SafeRunner.run(SafeRunner.java:45)
	at org.eclipse.jdt.core.manipulation.CoreASTProvider.createAST(CoreASTProvider.java:264)
	at org.eclipse.jdt.core.manipulation.CoreASTProvider.getAST(CoreASTProvider.java:197)
	at org.eclipse.jdt.core.manipulation.SharedASTProviderCore.getAST(SharedASTProviderCore.java:138)
	at org.eclipse.jdt.internal.ui.javaeditor.ClipboardOperationAction.getClipboardData(ClipboardOperationAction.java:439)
	at org.eclipse.jdt.internal.ui.javaeditor.ClipboardOperationAction.doCutCopyWithImportsOperation(ClipboardOperationAction.java:366)
	at org.eclipse.jdt.internal.ui.javaeditor.ClipboardOperationAction.internalDoOperation(ClipboardOperationAction.java:326)
	at org.eclipse.swt.custom.BusyIndicator.showWhile(BusyIndicator.java:74)
	at org.eclipse.jdt.internal.ui.javaeditor.ClipboardOperationAction.run(ClipboardOperationAction.java:276)
	at org.eclipse.jface.action.Action.runWithEvent(Action.java:474)
	at org.eclipse.jface.commands.ActionHandler.execute(ActionHandler.java:121)
	at org.eclipse.ui.internal.handlers.E4HandlerProxy.execute(E4HandlerProxy.java:97)
	at jdk.internal.reflect.GeneratedMethodAccessor54.invoke(Unknown Source)
	at java.base/jdk.internal.reflect.DelegatingMethodAccessorImpl.invoke(DelegatingMethodAccessorImpl.java:43)
	at java.base/java.lang.reflect.Method.invoke(Method.java:567)
	at org.eclipse.e4.core.internal.di.MethodRequestor.execute(MethodRequestor.java:58)
	at org.eclipse.e4.core.internal.di.InjectorImpl.invokeUsingClass(InjectorImpl.java:319)
	at org.eclipse.e4.core.internal.di.InjectorImpl.invoke(InjectorImpl.java:253)
	at org.eclipse.e4.core.contexts.ContextInjectionFactory.invoke(ContextInjectionFactory.java:173)
	at org.eclipse.e4.core.commands.internal.HandlerServiceHandler.execute(HandlerServiceHandler.java:156)
	at org.eclipse.core.commands.Command.executeWithChecks(Command.java:488)
	at org.eclipse.core.commands.ParameterizedCommand.executeWithChecks(ParameterizedCommand.java:487)
	at org.eclipse.e4.core.commands.internal.HandlerServiceImpl.executeHandler(HandlerServiceImpl.java:213)
	at org.eclipse.e4.ui.bindings.keys.KeyBindingDispatcher.executeCommand(KeyBindingDispatcher.java:308)
	at org.eclipse.e4.ui.bindings.keys.KeyBindingDispatcher.press(KeyBindingDispatcher.java:584)
	at org.eclipse.e4.ui.bindings.keys.KeyBindingDispatcher.processKeyEvent(KeyBindingDispatcher.java:653)
	at org.eclipse.e4.ui.bindings.keys.KeyBindingDispatcher.filterKeySequenceBindings(KeyBindingDispatcher.java:443)
	at org.eclipse.e4.ui.bindings.keys.KeyBindingDispatcher$KeyDownFilter.handleEvent(KeyBindingDispatcher.java:96)
	at org.eclipse.swt.widgets.EventTable.sendEvent(EventTable.java:89)
	at org.eclipse.swt.widgets.Display.filterEvent(Display.java:1270)
	at org.eclipse.swt.widgets.Widget.sendEvent(Widget.java:1042)
	at org.eclipse.swt.widgets.Widget.sendEvent(Widget.java:1067)
	at org.eclipse.swt.widgets.Widget.sendEvent(Widget.java:1052)
	at org.eclipse.swt.widgets.Widget.sendKeyEvent(Widget.java:1094)
	at org.eclipse.swt.widgets.Widget.sendKeyEvent(Widget.java:1090)
	at org.eclipse.swt.widgets.Widget.wmChar(Widget.java:1519)
	at org.eclipse.swt.widgets.Control.WM_CHAR(Control.java:4882)
	at org.eclipse.swt.widgets.Canvas.WM_CHAR(Canvas.java:345)
	at org.eclipse.swt.widgets.Control.windowProc(Control.java:4760)
	at org.eclipse.swt.widgets.Canvas.windowProc(Canvas.java:340)
	at org.eclipse.swt.widgets.Display.windowProc(Display.java:4930)
	at org.eclipse.swt.internal.win32.OS.DispatchMessage(Native Method)
	at org.eclipse.swt.widgets.Display.readAndDispatch(Display.java:3624)
	at org.eclipse.e4.ui.internal.workbench.swt.PartRenderingEngine$5.run(PartRenderingEngine.java:1157)
	at org.eclipse.core.databinding.observable.Realm.runWithDefault(Realm.java:338)
	at org.eclipse.e4.ui.internal.workbench.swt.PartRenderingEngine.run(PartRenderingEngine.java:1046)
	at org.eclipse.e4.ui.internal.workbench.E4Workbench.createAndRunUI(E4Workbench.java:155)
	at org.eclipse.ui.internal.Workbench.lambda$3(Workbench.java:644)
	at org.eclipse.core.databinding.observable.Realm.runWithDefault(Realm.java:338)
	at org.eclipse.ui.internal.Workbench.createAndRunWorkbench(Workbench.java:551)
	at org.eclipse.ui.PlatformUI.createAndRunWorkbench(PlatformUI.java:156)
	at org.eclipse.ui.internal.ide.application.IDEApplication.start(IDEApplication.java:152)
	at org.eclipse.equinox.internal.app.EclipseAppHandle.run(EclipseAppHandle.java:203)
	at org.eclipse.core.runtime.internal.adaptor.EclipseAppLauncher.runApplication(EclipseAppLauncher.java:134)
	at org.eclipse.core.runtime.internal.adaptor.EclipseAppLauncher.start(EclipseAppLauncher.java:104)
	at org.eclipse.core.runtime.adaptor.EclipseStarter.run(EclipseStarter.java:401)
	at org.eclipse.core.runtime.adaptor.EclipseStarter.run(EclipseStarter.java:255)
	at java.base/jdk.internal.reflect.NativeMethodAccessorImpl.invoke0(Native Method)
	at java.base/jdk.internal.reflect.NativeMethodAccessorImpl.invoke(NativeMethodAccessorImpl.java:78)
	at java.base/jdk.internal.reflect.DelegatingMethodAccessorImpl.invoke(DelegatingMethodAccessorImpl.java:43)
	at java.base/java.lang.reflect.Method.invoke(Method.java:567)
	at org.eclipse.equinox.launcher.Main.invokeFramework(Main.java:654)
	at org.eclipse.equinox.launcher.Main.basicRun(Main.java:591)
	at org.eclipse.equinox.launcher.Main.run(Main.java:1462)

!ENTRY org.eclipse.jdt.core.manipulation 4 2 2026-07-20 16:45:18.958
!MESSAGE Problems occurred when invoking code from plug-in: "org.eclipse.jdt.core.manipulation".
!STACK 0
java.lang.IllegalArgumentException
	at org.eclipse.jdt.core.dom.InfixExpression.setOperator(InfixExpression.java:383)
	at org.eclipse.jdt.core.dom.ASTConverter.convert(ASTConverter.java:880)
	at org.eclipse.jdt.core.dom.ASTConverter.convert(ASTConverter.java:2022)
	at org.eclipse.jdt.core.dom.ASTConverter.convertToParenthesizedExpression(ASTConverter.java:3795)
	at org.eclipse.jdt.core.dom.ASTConverter.convert(ASTConverter.java:1943)
	at org.eclipse.jdt.core.dom.ASTConverter.convert(ASTConverter.java:1204)
	at org.eclipse.jdt.core.dom.ASTConverter.convert(ASTConverter.java:1974)
	at org.eclipse.jdt.core.dom.ASTConverter.convert(ASTConverter.java:3052)
	at org.eclipse.jdt.core.dom.ASTConverter.convert(ASTConverter.java:2219)
	at org.eclipse.jdt.core.dom.ASTConverter.convert(ASTConverter.java:2994)
	at org.eclipse.jdt.core.dom.ASTConverter.convert(ASTConverter.java:1383)
	at org.eclipse.jdt.core.dom.ASTConverter.convert(ASTConverter.java:2970)
	at org.eclipse.jdt.core.dom.ASTConverter.convert(ASTConverter.java:2204)
	at org.eclipse.jdt.core.dom.ASTConverter.convert(ASTConverter.java:2991)
	at org.eclipse.jdt.core.dom.ASTConverter.convert(ASTConverter.java:751)
	at org.eclipse.jdt.core.dom.ASTConverter.buildBodyDeclarations(ASTConverter.java:208)
	at org.eclipse.jdt.core.dom.ASTConverter.convert(ASTConverter.java:3347)
	at org.eclipse.jdt.core.dom.ASTConverter.convert(ASTConverter.java:1524)
	at org.eclipse.jdt.core.dom.CompilationUnitResolver.convert(CompilationUnitResolver.java:323)
	at org.eclipse.jdt.core.dom.ASTParser.internalCreateAST(ASTParser.java:1231)
	at org.eclipse.jdt.core.dom.ASTParser.createAST(ASTParser.java:820)
	at org.eclipse.jdt.core.manipulation.CoreASTProvider$1.run(CoreASTProvider.java:272)
	at org.eclipse.core.runtime.SafeRunner.run(SafeRunner.java:45)
	at org.eclipse.jdt.core.manipulation.CoreASTProvider.createAST(CoreASTProvider.java:264)
	at org.eclipse.jdt.core.manipulation.CoreASTProvider.getAST(CoreASTProvider.java:197)
	at org.eclipse.jdt.core.manipulation.SharedASTProviderCore.getAST(SharedASTProviderCore.java:138)
	at org.eclipse.jdt.internal.ui.javaeditor.ClipboardOperationAction.getClipboardData(ClipboardOperationAction.java:439)
	at org.eclipse.jdt.internal.ui.javaeditor.ClipboardOperationAction.doCutCopyWithImportsOperation(ClipboardOperationAction.java:366)
	at org.eclipse.jdt.internal.ui.javaeditor.ClipboardOperationAction.internalDoOperation(ClipboardOperationAction.java:326)
	at org.eclipse.swt.custom.BusyIndicator.showWhile(BusyIndicator.java:74)
	at org.eclipse.jdt.internal.ui.javaeditor.ClipboardOperationAction.run(ClipboardOperationAction.java:276)
	at org.eclipse.jface.action.Action.runWithEvent(Action.java:474)
	at org.eclipse.jface.commands.ActionHandler.execute(ActionHandler.java:121)
	at org.eclipse.ui.internal.handlers.E4HandlerProxy.execute(E4HandlerProxy.java:97)
	at jdk.internal.reflect.GeneratedMethodAccessor54.invoke(Unknown Source)
	at java.base/jdk.internal.reflect.DelegatingMethodAccessorImpl.invoke(DelegatingMethodAccessorImpl.java:43)
	at java.base/java.lang.reflect.Method.invoke(Method.java:567)
	at org.eclipse.e4.core.internal.di.MethodRequestor.execute(MethodRequestor.java:58)
	at org.eclipse.e4.core.internal.di.InjectorImpl.invokeUsingClass(InjectorImpl.java:319)
	at org.eclipse.e4.core.internal.di.InjectorImpl.invoke(InjectorImpl.java:253)
	at org.eclipse.e4.core.contexts.ContextInjectionFactory.invoke(ContextInjectionFactory.java:173)
	at org.eclipse.e4.core.commands.internal.HandlerServiceHandler.execute(HandlerServiceHandler.java:156)
	at org.eclipse.core.commands.Command.executeWithChecks(Command.java:488)
	at org.eclipse.core.commands.ParameterizedCommand.executeWithChecks(ParameterizedCommand.java:487)
	at org.eclipse.e4.core.commands.internal.HandlerServiceImpl.executeHandler(HandlerServiceImpl.java:213)
	at org.eclipse.e4.ui.bindings.keys.KeyBindingDispatcher.executeCommand(KeyBindingDispatcher.java:308)
	at org.eclipse.e4.ui.bindings.keys.KeyBindingDispatcher.press(KeyBindingDispatcher.java:584)
	at org.eclipse.e4.ui.bindings.keys.KeyBindingDispatcher.processKeyEvent(KeyBindingDispatcher.java:653)
	at org.eclipse.e4.ui.bindings.keys.KeyBindingDispatcher.filterKeySequenceBindings(KeyBindingDispatcher.java:443)
	at org.eclipse.e4.ui.bindings.keys.KeyBindingDispatcher$KeyDownFilter.handleEvent(KeyBindingDispatcher.java:96)
	at org.eclipse.swt.widgets.EventTable.sendEvent(EventTable.java:89)
	at org.eclipse.swt.widgets.Display.filterEvent(Display.java:1270)
	at org.eclipse.swt.widgets.Widget.sendEvent(Widget.java:1042)
	at org.eclipse.swt.widgets.Widget.sendEvent(Widget.java:1067)
	at org.eclipse.swt.widgets.Widget.sendEvent(Widget.java:1052)
	at org.eclipse.swt.widgets.Widget.sendKeyEvent(Widget.java:1094)
	at org.eclipse.swt.widgets.Widget.sendKeyEvent(Widget.java:1090)
	at org.eclipse.swt.widgets.Widget.wmChar(Widget.java:1519)
	at org.eclipse.swt.widgets.Control.WM_CHAR(Control.java:4882)
	at org.eclipse.swt.widgets.Canvas.WM_CHAR(Canvas.java:345)
	at org.eclipse.swt.widgets.Control.windowProc(Control.java:4760)
	at org.eclipse.swt.widgets.Canvas.windowProc(Canvas.java:340)
	at org.eclipse.swt.widgets.Display.windowProc(Display.java:4930)
	at org.eclipse.swt.internal.win32.OS.DispatchMessage(Native Method)
	at org.eclipse.swt.widgets.Display.readAndDispatch(Display.java:3624)
	at org.eclipse.e4.ui.internal.workbench.swt.PartRenderingEngine$5.run(PartRenderingEngine.java:1157)
	at org.eclipse.core.databinding.observable.Realm.runWithDefault(Realm.java:338)
	at org.eclipse.e4.ui.internal.workbench.swt.PartRenderingEngine.run(PartRenderingEngine.java:1046)
	at org.eclipse.e4.ui.internal.workbench.E4Workbench.createAndRunUI(E4Workbench.java:155)
	at org.eclipse.ui.internal.Workbench.lambda$3(Workbench.java:644)
	at org.eclipse.core.databinding.observable.Realm.runWithDefault(Realm.java:338)
	at org.eclipse.ui.internal.Workbench.createAndRunWorkbench(Workbench.java:551)
	at org.eclipse.ui.PlatformUI.createAndRunWorkbench(PlatformUI.java:156)
	at org.eclipse.ui.internal.ide.application.IDEApplication.start(IDEApplication.java:152)
	at org.eclipse.equinox.internal.app.EclipseAppHandle.run(EclipseAppHandle.java:203)
	at org.eclipse.core.runtime.internal.adaptor.EclipseAppLauncher.runApplication(EclipseAppLauncher.java:134)
	at org.eclipse.core.runtime.internal.adaptor.EclipseAppLauncher.start(EclipseAppLauncher.java:104)
	at org.eclipse.core.runtime.adaptor.EclipseStarter.run(EclipseStarter.java:401)
	at org.eclipse.core.runtime.adaptor.EclipseStarter.run(EclipseStarter.java:255)
	at java.base/jdk.internal.reflect.NativeMethodAccessorImpl.invoke0(Native Method)
	at java.base/jdk.internal.reflect.NativeMethodAccessorImpl.invoke(NativeMethodAccessorImpl.java:78)
	at java.base/jdk.internal.reflect.DelegatingMethodAccessorImpl.invoke(DelegatingMethodAccessorImpl.java:43)
	at java.base/java.lang.reflect.Method.invoke(Method.java:567)
	at org.eclipse.equinox.launcher.Main.invokeFramework(Main.java:654)
	at org.eclipse.equinox.launcher.Main.basicRun(Main.java:591)
	at org.eclipse.equinox.launcher.Main.run(Main.java:1462)

!ENTRY org.eclipse.jdt.core.manipulation 4 0 2026-07-20 16:45:18.958
!MESSAGE Error in JDT Core during AST creation
!STACK 0
java.lang.IllegalArgumentException
	at org.eclipse.jdt.core.dom.InfixExpression.setOperator(InfixExpression.java:383)
	at org.eclipse.jdt.core.dom.ASTConverter.convert(ASTConverter.java:880)
	at org.eclipse.jdt.core.dom.ASTConverter.convert(ASTConverter.java:2022)
	at org.eclipse.jdt.core.dom.ASTConverter.convertToParenthesizedExpression(ASTConverter.java:3795)
	at org.eclipse.jdt.core.dom.ASTConverter.convert(ASTConverter.java:1943)
	at org.eclipse.jdt.core.dom.ASTConverter.convert(ASTConverter.java:1204)
	at org.eclipse.jdt.core.dom.ASTConverter.convert(ASTConverter.java:1974)
	at org.eclipse.jdt.core.dom.ASTConverter.convert(ASTConverter.java:3052)
	at org.eclipse.jdt.core.dom.ASTConverter.convert(ASTConverter.java:2219)
	at org.eclipse.jdt.core.dom.ASTConverter.convert(ASTConverter.java:2994)
	at org.eclipse.jdt.core.dom.ASTConverter.convert(ASTConverter.java:1383)
	at org.eclipse.jdt.core.dom.ASTConverter.convert(ASTConverter.java:2970)
	at org.eclipse.jdt.core.dom.ASTConverter.convert(ASTConverter.java:2204)
	at org.eclipse.jdt.core.dom.ASTConverter.convert(ASTConverter.java:2991)
	at org.eclipse.jdt.core.dom.ASTConverter.convert(ASTConverter.java:751)
	at org.eclipse.jdt.core.dom.ASTConverter.buildBodyDeclarations(ASTConverter.java:208)
	at org.eclipse.jdt.core.dom.ASTConverter.convert(ASTConverter.java:3347)
	at org.eclipse.jdt.core.dom.ASTConverter.convert(ASTConverter.java:1524)
	at org.eclipse.jdt.core.dom.CompilationUnitResolver.convert(CompilationUnitResolver.java:323)
	at org.eclipse.jdt.core.dom.ASTParser.internalCreateAST(ASTParser.java:1231)
	at org.eclipse.jdt.core.dom.ASTParser.createAST(ASTParser.java:820)
	at org.eclipse.jdt.core.manipulation.CoreASTProvider$1.run(CoreASTProvider.java:272)
	at org.eclipse.core.runtime.SafeRunner.run(SafeRunner.java:45)
	at org.eclipse.jdt.core.manipulation.CoreASTProvider.createAST(CoreASTProvider.java:264)
	at org.eclipse.jdt.core.manipulation.CoreASTProvider.getAST(CoreASTProvider.java:197)
	at org.eclipse.jdt.core.manipulation.SharedASTProviderCore.getAST(SharedASTProviderCore.java:138)
	at org.eclipse.jdt.internal.ui.javaeditor.ClipboardOperationAction.getClipboardData(ClipboardOperationAction.java:439)
	at org.eclipse.jdt.internal.ui.javaeditor.ClipboardOperationAction.doCutCopyWithImportsOperation(ClipboardOperationAction.java:366)
	at org.eclipse.jdt.internal.ui.javaeditor.ClipboardOperationAction.internalDoOperation(ClipboardOperationAction.java:326)
	at org.eclipse.swt.custom.BusyIndicator.showWhile(BusyIndicator.java:74)
	at org.eclipse.jdt.internal.ui.javaeditor.ClipboardOperationAction.run(ClipboardOperationAction.java:276)
	at org.eclipse.jface.action.Action.runWithEvent(Action.java:474)
	at org.eclipse.jface.commands.ActionHandler.execute(ActionHandler.java:121)
	at org.eclipse.ui.internal.handlers.E4HandlerProxy.execute(E4HandlerProxy.java:97)
	at jdk.internal.reflect.GeneratedMethodAccessor54.invoke(Unknown Source)
	at java.base/jdk.internal.reflect.DelegatingMethodAccessorImpl.invoke(DelegatingMethodAccessorImpl.java:43)
	at java.base/java.lang.reflect.Method.invoke(Method.java:567)
	at org.eclipse.e4.core.internal.di.MethodRequestor.execute(MethodRequestor.java:58)
	at org.eclipse.e4.core.internal.di.InjectorImpl.invokeUsingClass(InjectorImpl.java:319)
	at org.eclipse.e4.core.internal.di.InjectorImpl.invoke(InjectorImpl.java:253)
	at org.eclipse.e4.core.contexts.ContextInjectionFactory.invoke(ContextInjectionFactory.java:173)
	at org.eclipse.e4.core.commands.internal.HandlerServiceHandler.execute(HandlerServiceHandler.java:156)
	at org.eclipse.core.commands.Command.executeWithChecks(Command.java:488)
	at org.eclipse.core.commands.ParameterizedCommand.executeWithChecks(ParameterizedCommand.java:487)
	at org.eclipse.e4.core.commands.internal.HandlerServiceImpl.executeHandler(HandlerServiceImpl.java:213)
	at org.eclipse.e4.ui.bindings.keys.KeyBindingDispatcher.executeCommand(KeyBindingDispatcher.java:308)
	at org.eclipse.e4.ui.bindings.keys.KeyBindingDispatcher.press(KeyBindingDispatcher.java:584)
	at org.eclipse.e4.ui.bindings.keys.KeyBindingDispatcher.processKeyEvent(KeyBindingDispatcher.java:653)
	at org.eclipse.e4.ui.bindings.keys.KeyBindingDispatcher.filterKeySequenceBindings(KeyBindingDispatcher.java:443)
	at org.eclipse.e4.ui.bindings.keys.KeyBindingDispatcher$KeyDownFilter.handleEvent(KeyBindingDispatcher.java:96)
	at org.eclipse.swt.widgets.EventTable.sendEvent(EventTable.java:89)
	at org.eclipse.swt.widgets.Display.filterEvent(Display.java:1270)
	at org.eclipse.swt.widgets.Widget.sendEvent(Widget.java:1042)
	at org.eclipse.swt.widgets.Widget.sendEvent(Widget.java:1067)
	at org.eclipse.swt.widgets.Widget.sendEvent(Widget.java:1052)
	at org.eclipse.swt.widgets.Widget.sendKeyEvent(Widget.java:1094)
	at org.eclipse.swt.widgets.Widget.sendKeyEvent(Widget.java:1090)
	at org.eclipse.swt.widgets.Widget.wmChar(Widget.java:1519)
	at org.eclipse.swt.widgets.Control.WM_CHAR(Control.java:4882)
	at org.eclipse.swt.widgets.Canvas.WM_CHAR(Canvas.java:345)
	at org.eclipse.swt.widgets.Control.windowProc(Control.java:4760)
	at org.eclipse.swt.widgets.Canvas.windowProc(Canvas.java:340)
	at org.eclipse.swt.widgets.Display.windowProc(Display.java:4930)
	at org.eclipse.swt.internal.win32.OS.DispatchMessage(Native Method)
	at org.eclipse.swt.widgets.Display.readAndDispatch(Display.java:3624)
	at org.eclipse.e4.ui.internal.workbench.swt.PartRenderingEngine$5.run(PartRenderingEngine.java:1157)
	at org.eclipse.core.databinding.observable.Realm.runWithDefault(Realm.java:338)
	at org.eclipse.e4.ui.internal.workbench.swt.PartRenderingEngine.run(PartRenderingEngine.java:1046)
	at org.eclipse.e4.ui.internal.workbench.E4Workbench.createAndRunUI(E4Workbench.java:155)
	at org.eclipse.ui.internal.Workbench.lambda$3(Workbench.java:644)
	at org.eclipse.core.databinding.observable.Realm.runWithDefault(Realm.java:338)
	at org.eclipse.ui.internal.Workbench.createAndRunWorkbench(Workbench.java:551)
	at org.eclipse.ui.PlatformUI.createAndRunWorkbench(PlatformUI.java:156)
	at org.eclipse.ui.internal.ide.application.IDEApplication.start(IDEApplication.java:152)
	at org.eclipse.equinox.internal.app.EclipseAppHandle.run(EclipseAppHandle.java:203)
	at org.eclipse.core.runtime.internal.adaptor.EclipseAppLauncher.runApplication(EclipseAppLauncher.java:134)
	at org.eclipse.core.runtime.internal.adaptor.EclipseAppLauncher.start(EclipseAppLauncher.java:104)
	at org.eclipse.core.runtime.adaptor.EclipseStarter.run(EclipseStarter.java:401)
	at org.eclipse.core.runtime.adaptor.EclipseStarter.run(EclipseStarter.java:255)
	at java.base/jdk.internal.reflect.NativeMethodAccessorImpl.invoke0(Native Method)
	at java.base/jdk.internal.reflect.NativeMethodAccessorImpl.invoke(NativeMethodAccessorImpl.java:78)
	at java.base/jdk.internal.reflect.DelegatingMethodAccessorImpl.invoke(DelegatingMethodAccessorImpl.java:43)
	at java.base/java.lang.reflect.Method.invoke(Method.java:567)
	at org.eclipse.equinox.launcher.Main.invokeFramework(Main.java:654)
	at org.eclipse.equinox.launcher.Main.basicRun(Main.java:591)
	at org.eclipse.equinox.launcher.Main.run(Main.java:1462)

!ENTRY org.eclipse.jdt.core 4 4 2026-07-20 16:45:20.343
!MESSAGE Exception occurred during compilation unit conversion:
----------------------------------- SOURCE BEGIN -------------------------------------
package ex;

/*문]
	사용자로부터 임의의 정수를 입력받아 1부터 입력받은 정수까지의
	전체의 합계, 짝수의 합계, 홀수의 합을 각각 출력하시오.
	단, 10단위로 출력하시오.
	
    정수 입력 : 59
    1 ~ 10까지의 전체의 합 :
    1 ~ 10까지의 짝수의 합 :
    1 ~ 10까지의 홀수의 합 :
    
    1 ~ 20까지의 전체의 합 :
    1 ~ 20까지의 짝수의 합 :
    1 ~ 20까지의 홀수의 합 :
    
    1 ~ 30까지의 짝수의 합 :
    1 ~ 30까지의 홀수의 합 :
    1 ~ 30까지의 전체의 합 :
    
    1 ~ 40까지의 짝수의 합 :
    1 ~ 40까지의 홀수의 합 :
    1 ~ 40까지의 전체의 합 :
    
    1 ~ 50까지의 짝수의 합 :
    1 ~ 50까지의 홀수의 합 :
    1 ~ 50까지의 전체의 합 :
    
    1 ~ 59까지의 짝수의 합 :
    1 ~ 59까지의 홀수의 합 :
    1 ~ 59까지의 전체의 합 :
*/
import java.util.Scanner;
public class ForEX07 {

	public static void main(String[] args) {
		Scanner sc = new Scanner(System.in);
		
		int n, result = 0, odd=0, even=0;
		// 전체의 합: result, 짝수의 합:even, 홀수의 합: odd
		System.out.println("정수 입력 :");
		n = sc.nextInt();
		// 1부터 n까지 반복문을 실행한다.
		for(int i = 1; i <=n; i++) {
		result += i;
		   if(i >= 1 && i <=10) {
			   System.out.println("1 ~ 10까지의 전체의 합 :"+result);
		   }else(i >= 1 && i <=10)
		   System.out.println("1 ~ 10까지의 짝수의 합 :"+result); }else(i >= 1 && i <=10)
		   System.out.println("1 ~ 10까지의 짝수의 합 :"+result);
		
		
	}

}}

----------------------------------- SOURCE END -------------------------------------
!STACK 0
java.lang.IllegalArgumentException
	at org.eclipse.jdt.core.dom.InfixExpression.setOperator(InfixExpression.java:383)
	at org.eclipse.jdt.core.dom.ASTConverter.convert(ASTConverter.java:880)
	at org.eclipse.jdt.core.dom.ASTConverter.convert(ASTConverter.java:2022)
	at org.eclipse.jdt.core.dom.ASTConverter.convertToParenthesizedExpression(ASTConverter.java:3795)
	at org.eclipse.jdt.core.dom.ASTConverter.convert(ASTConverter.java:1943)
	at org.eclipse.jdt.core.dom.ASTConverter.convert(ASTConverter.java:1204)
	at org.eclipse.jdt.core.dom.ASTConverter.convert(ASTConverter.java:1974)
	at org.eclipse.jdt.core.dom.ASTConverter.convert(ASTConverter.java:3052)
	at org.eclipse.jdt.core.dom.ASTConverter.convert(ASTConverter.java:2219)
	at org.eclipse.jdt.core.dom.ASTConverter.convert(ASTConverter.java:2994)
	at org.eclipse.jdt.core.dom.ASTConverter.convert(ASTConverter.java:1383)
	at org.eclipse.jdt.core.dom.ASTConverter.convert(ASTConverter.java:2970)
	at org.eclipse.jdt.core.dom.ASTConverter.convert(ASTConverter.java:2204)
	at org.eclipse.jdt.core.dom.ASTConverter.convert(ASTConverter.java:2991)
	at org.eclipse.jdt.core.dom.ASTConverter.convert(ASTConverter.java:751)
	at org.eclipse.jdt.core.dom.ASTConverter.buildBodyDeclarations(ASTConverter.java:208)
	at org.eclipse.jdt.core.dom.ASTConverter.convert(ASTConverter.java:3347)
	at org.eclipse.jdt.core.dom.ASTConverter.convert(ASTConverter.java:1524)
	at org.eclipse.jdt.core.dom.AST.convertCompilationUnit(AST.java:494)
	at org.eclipse.jdt.internal.core.CompilationUnit.buildStructure(CompilationUnit.java:201)
	at org.eclipse.jdt.internal.core.Openable.generateInfos(Openable.java:266)
	at org.eclipse.jdt.internal.core.JavaElement.openWhenClosed(JavaElement.java:597)
	at org.eclipse.jdt.internal.core.CompilationUnit.makeConsistent(CompilationUnit.java:1142)
	at org.eclipse.jdt.internal.core.ReconcileWorkingCopyOperation.makeConsistent(ReconcileWorkingCopyOperation.java:173)
	at org.eclipse.jdt.internal.core.ReconcileWorkingCopyOperation.executeOperation(ReconcileWorkingCopyOperation.java:94)
	at org.eclipse.jdt.internal.core.JavaModelOperation.run(JavaModelOperation.java:740)
	at org.eclipse.jdt.internal.core.JavaModelOperation.runOperation(JavaModelOperation.java:806)
	at org.eclipse.jdt.internal.core.CompilationUnit.reconcile(CompilationUnit.java:1319)
	at org.eclipse.jdt.internal.ui.text.java.JavaReconcilingStrategy.reconcile(JavaReconcilingStrategy.java:131)
	at org.eclipse.jdt.internal.ui.text.java.JavaReconcilingStrategy.access$0(JavaReconcilingStrategy.java:113)
	at org.eclipse.jdt.internal.ui.text.java.JavaReconcilingStrategy$1.run(JavaReconcilingStrategy.java:93)
	at org.eclipse.core.runtime.SafeRunner.run(SafeRunner.java:45)
	at org.eclipse.jdt.internal.ui.text.java.JavaReconcilingStrategy.reconcile(JavaReconcilingStrategy.java:90)
	at org.eclipse.jdt.internal.ui.text.java.JavaReconcilingStrategy.reconcile(JavaReconcilingStrategy.java:157)
	at org.eclipse.jdt.internal.ui.text.CompositeReconcilingStrategy.reconcile(CompositeReconcilingStrategy.java:94)
	at org.eclipse.jdt.internal.ui.text.JavaCompositeReconcilingStrategy.reconcile(JavaCompositeReconcilingStrategy.java:107)
	at org.eclipse.jface.text.reconciler.MonoReconciler.process(MonoReconciler.java:76)
	at org.eclipse.jface.text.reconciler.AbstractReconciler$BackgroundThread.run(AbstractReconciler.java:210)

!ENTRY org.eclipse.jdt.ui 4 2 2026-07-20 16:45:20.343
!MESSAGE Problems occurred when invoking code from plug-in: "org.eclipse.jdt.ui".
!STACK 0
java.lang.IllegalArgumentException
	at org.eclipse.jdt.core.dom.InfixExpression.setOperator(InfixExpression.java:383)
	at org.eclipse.jdt.core.dom.ASTConverter.convert(ASTConverter.java:880)
	at org.eclipse.jdt.core.dom.ASTConverter.convert(ASTConverter.java:2022)
	at org.eclipse.jdt.core.dom.ASTConverter.convertToParenthesizedExpression(ASTConverter.java:3795)
	at org.eclipse.jdt.core.dom.ASTConverter.convert(ASTConverter.java:1943)
	at org.eclipse.jdt.core.dom.ASTConverter.convert(ASTConverter.java:1204)
	at org.eclipse.jdt.core.dom.ASTConverter.convert(ASTConverter.java:1974)
	at org.eclipse.jdt.core.dom.ASTConverter.convert(ASTConverter.java:3052)
	at org.eclipse.jdt.core.dom.ASTConverter.convert(ASTConverter.java:2219)
	at org.eclipse.jdt.core.dom.ASTConverter.convert(ASTConverter.java:2994)
	at org.eclipse.jdt.core.dom.ASTConverter.convert(ASTConverter.java:1383)
	at org.eclipse.jdt.core.dom.ASTConverter.convert(ASTConverter.java:2970)
	at org.eclipse.jdt.core.dom.ASTConverter.convert(ASTConverter.java:2204)
	at org.eclipse.jdt.core.dom.ASTConverter.convert(ASTConverter.java:2991)
	at org.eclipse.jdt.core.dom.ASTConverter.convert(ASTConverter.java:751)
	at org.eclipse.jdt.core.dom.ASTConverter.buildBodyDeclarations(ASTConverter.java:208)
	at org.eclipse.jdt.core.dom.ASTConverter.convert(ASTConverter.java:3347)
	at org.eclipse.jdt.core.dom.ASTConverter.convert(ASTConverter.java:1524)
	at org.eclipse.jdt.core.dom.AST.convertCompilationUnit(AST.java:494)
	at org.eclipse.jdt.internal.core.CompilationUnit.buildStructure(CompilationUnit.java:201)
	at org.eclipse.jdt.internal.core.Openable.generateInfos(Openable.java:266)
	at org.eclipse.jdt.internal.core.JavaElement.openWhenClosed(JavaElement.java:597)
	at org.eclipse.jdt.internal.core.CompilationUnit.makeConsistent(CompilationUnit.java:1142)
	at org.eclipse.jdt.internal.core.ReconcileWorkingCopyOperation.makeConsistent(ReconcileWorkingCopyOperation.java:173)
	at org.eclipse.jdt.internal.core.ReconcileWorkingCopyOperation.executeOperation(ReconcileWorkingCopyOperation.java:94)
	at org.eclipse.jdt.internal.core.JavaModelOperation.run(JavaModelOperation.java:740)
	at org.eclipse.jdt.internal.core.JavaModelOperation.runOperation(JavaModelOperation.java:806)
	at org.eclipse.jdt.internal.core.CompilationUnit.reconcile(CompilationUnit.java:1319)
	at org.eclipse.jdt.internal.ui.text.java.JavaReconcilingStrategy.reconcile(JavaReconcilingStrategy.java:131)
	at org.eclipse.jdt.internal.ui.text.java.JavaReconcilingStrategy.access$0(JavaReconcilingStrategy.java:113)
	at org.eclipse.jdt.internal.ui.text.java.JavaReconcilingStrategy$1.run(JavaReconcilingStrategy.java:93)
	at org.eclipse.core.runtime.SafeRunner.run(SafeRunner.java:45)
	at org.eclipse.jdt.internal.ui.text.java.JavaReconcilingStrategy.reconcile(JavaReconcilingStrategy.java:90)
	at org.eclipse.jdt.internal.ui.text.java.JavaReconcilingStrategy.reconcile(JavaReconcilingStrategy.java:157)
	at org.eclipse.jdt.internal.ui.text.CompositeReconcilingStrategy.reconcile(CompositeReconcilingStrategy.java:94)
	at org.eclipse.jdt.internal.ui.text.JavaCompositeReconcilingStrategy.reconcile(JavaCompositeReconcilingStrategy.java:107)
	at org.eclipse.jface.text.reconciler.MonoReconciler.process(MonoReconciler.java:76)
	at org.eclipse.jface.text.reconciler.AbstractReconciler$BackgroundThread.run(AbstractReconciler.java:210)

!ENTRY org.eclipse.jdt.ui 4 0 2026-07-20 16:45:20.344
!MESSAGE Error in JDT Core during reconcile
!STACK 0
java.lang.IllegalArgumentException
	at org.eclipse.jdt.core.dom.InfixExpression.setOperator(InfixExpression.java:383)
	at org.eclipse.jdt.core.dom.ASTConverter.convert(ASTConverter.java:880)
	at org.eclipse.jdt.core.dom.ASTConverter.convert(ASTConverter.java:2022)
	at org.eclipse.jdt.core.dom.ASTConverter.convertToParenthesizedExpression(ASTConverter.java:3795)
	at org.eclipse.jdt.core.dom.ASTConverter.convert(ASTConverter.java:1943)
	at org.eclipse.jdt.core.dom.ASTConverter.convert(ASTConverter.java:1204)
	at org.eclipse.jdt.core.dom.ASTConverter.convert(ASTConverter.java:1974)
	at org.eclipse.jdt.core.dom.ASTConverter.convert(ASTConverter.java:3052)
	at org.eclipse.jdt.core.dom.ASTConverter.convert(ASTConverter.java:2219)
	at org.eclipse.jdt.core.dom.ASTConverter.convert(ASTConverter.java:2994)
	at org.eclipse.jdt.core.dom.ASTConverter.convert(ASTConverter.java:1383)
	at org.eclipse.jdt.core.dom.ASTConverter.convert(ASTConverter.java:2970)
	at org.eclipse.jdt.core.dom.ASTConverter.convert(ASTConverter.java:2204)
	at org.eclipse.jdt.core.dom.ASTConverter.convert(ASTConverter.java:2991)
	at org.eclipse.jdt.core.dom.ASTConverter.convert(ASTConverter.java:751)
	at org.eclipse.jdt.core.dom.ASTConverter.buildBodyDeclarations(ASTConverter.java:208)
	at org.eclipse.jdt.core.dom.ASTConverter.convert(ASTConverter.java:3347)
	at org.eclipse.jdt.core.dom.ASTConverter.convert(ASTConverter.java:1524)
	at org.eclipse.jdt.core.dom.AST.convertCompilationUnit(AST.java:494)
	at org.eclipse.jdt.internal.core.CompilationUnit.buildStructure(CompilationUnit.java:201)
	at org.eclipse.jdt.internal.core.Openable.generateInfos(Openable.java:266)
	at org.eclipse.jdt.internal.core.JavaElement.openWhenClosed(JavaElement.java:597)
	at org.eclipse.jdt.internal.core.CompilationUnit.makeConsistent(CompilationUnit.java:1142)
	at org.eclipse.jdt.internal.core.ReconcileWorkingCopyOperation.makeConsistent(ReconcileWorkingCopyOperation.java:173)
	at org.eclipse.jdt.internal.core.ReconcileWorkingCopyOperation.executeOperation(ReconcileWorkingCopyOperation.java:94)
	at org.eclipse.jdt.internal.core.JavaModelOperation.run(JavaModelOperation.java:740)
	at org.eclipse.jdt.internal.core.JavaModelOperation.runOperation(JavaModelOperation.java:806)
	at org.eclipse.jdt.internal.core.CompilationUnit.reconcile(CompilationUnit.java:1319)
	at org.eclipse.jdt.internal.ui.text.java.JavaReconcilingStrategy.reconcile(JavaReconcilingStrategy.java:131)
	at org.eclipse.jdt.internal.ui.text.java.JavaReconcilingStrategy.access$0(JavaReconcilingStrategy.java:113)
	at org.eclipse.jdt.internal.ui.text.java.JavaReconcilingStrategy$1.run(JavaReconcilingStrategy.java:93)
	at org.eclipse.core.runtime.SafeRunner.run(SafeRunner.java:45)
	at org.eclipse.jdt.internal.ui.text.java.JavaReconcilingStrategy.reconcile(JavaReconcilingStrategy.java:90)
	at org.eclipse.jdt.internal.ui.text.java.JavaReconcilingStrategy.reconcile(JavaReconcilingStrategy.java:157)
	at org.eclipse.jdt.internal.ui.text.CompositeReconcilingStrategy.reconcile(CompositeReconcilingStrategy.java:94)
	at org.eclipse.jdt.internal.ui.text.JavaCompositeReconcilingStrategy.reconcile(JavaCompositeReconcilingStrategy.java:107)
	at org.eclipse.jface.text.reconciler.MonoReconciler.process(MonoReconciler.java:76)
	at org.eclipse.jface.text.reconciler.AbstractReconciler$BackgroundThread.run(AbstractReconciler.java:210)

!ENTRY org.eclipse.jdt.core 4 4 2026-07-20 16:45:22.849
!MESSAGE Exception occurred during compilation unit conversion:
----------------------------------- SOURCE BEGIN -------------------------------------
package ex;

/*문]
	사용자로부터 임의의 정수를 입력받아 1부터 입력받은 정수까지의
	전체의 합계, 짝수의 합계, 홀수의 합을 각각 출력하시오.
	단, 10단위로 출력하시오.
	
    정수 입력 : 59
    1 ~ 10까지의 전체의 합 :
    1 ~ 10까지의 짝수의 합 :
    1 ~ 10까지의 홀수의 합 :
    
    1 ~ 20까지의 전체의 합 :
    1 ~ 20까지의 짝수의 합 :
    1 ~ 20까지의 홀수의 합 :
    
    1 ~ 30까지의 짝수의 합 :
    1 ~ 30까지의 홀수의 합 :
    1 ~ 30까지의 전체의 합 :
    
    1 ~ 40까지의 짝수의 합 :
    1 ~ 40까지의 홀수의 합 :
    1 ~ 40까지의 전체의 합 :
    
    1 ~ 50까지의 짝수의 합 :
    1 ~ 50까지의 홀수의 합 :
    1 ~ 50까지의 전체의 합 :
    
    1 ~ 59까지의 짝수의 합 :
    1 ~ 59까지의 홀수의 합 :
    1 ~ 59까지의 전체의 합 :
*/
import java.util.Scanner;
public class ForEX07 {

	public static void main(String[] args) {
		Scanner sc = new Scanner(System.in);
		
		int n, result = 0, odd=0, even=0;
		// 전체의 합: result, 짝수의 합:even, 홀수의 합: odd
		System.out.println("정수 입력 :");
		n = sc.nextInt();
		// 1부터 n까지 반복문을 실행한다.
		for(int i = 1; i <=n; i++) {
		result += i;
		   if(i >= 1 && i <=10) {
			   System.out.println("1 ~ 10까지의 전체의 합 :"+result);
		   }else(i >= 1 && i <=10)
		   System.out.println("1 ~ 10까지의 짝수의 합 :"+result); 
		   }else(i >= 1 && i <=10)
		   System.out.println("1 ~ 10까지의 짝수의 합 :"+result);
		
		
	}

}}

----------------------------------- SOURCE END -------------------------------------
!STACK 0
java.lang.IllegalArgumentException
	at org.eclipse.jdt.core.dom.InfixExpression.setOperator(InfixExpression.java:383)
	at org.eclipse.jdt.core.dom.ASTConverter.convert(ASTConverter.java:880)
	at org.eclipse.jdt.core.dom.ASTConverter.convert(ASTConverter.java:2022)
	at org.eclipse.jdt.core.dom.ASTConverter.convertToParenthesizedExpression(ASTConverter.java:3795)
	at org.eclipse.jdt.core.dom.ASTConverter.convert(ASTConverter.java:1943)
	at org.eclipse.jdt.core.dom.ASTConverter.convert(ASTConverter.java:1204)
	at org.eclipse.jdt.core.dom.ASTConverter.convert(ASTConverter.java:1974)
	at org.eclipse.jdt.core.dom.ASTConverter.convert(ASTConverter.java:3052)
	at org.eclipse.jdt.core.dom.ASTConverter.convert(ASTConverter.java:2219)
	at org.eclipse.jdt.core.dom.ASTConverter.convert(ASTConverter.java:2994)
	at org.eclipse.jdt.core.dom.ASTConverter.convert(ASTConverter.java:1383)
	at org.eclipse.jdt.core.dom.ASTConverter.convert(ASTConverter.java:2970)
	at org.eclipse.jdt.core.dom.ASTConverter.convert(ASTConverter.java:2204)
	at org.eclipse.jdt.core.dom.ASTConverter.convert(ASTConverter.java:2991)
	at org.eclipse.jdt.core.dom.ASTConverter.convert(ASTConverter.java:751)
	at org.eclipse.jdt.core.dom.ASTConverter.buildBodyDeclarations(ASTConverter.java:208)
	at org.eclipse.jdt.core.dom.ASTConverter.convert(ASTConverter.java:3347)
	at org.eclipse.jdt.core.dom.ASTConverter.convert(ASTConverter.java:1524)
	at org.eclipse.jdt.core.dom.AST.convertCompilationUnit(AST.java:494)
	at org.eclipse.jdt.internal.core.CompilationUnit.buildStructure(CompilationUnit.java:201)
	at org.eclipse.jdt.internal.core.Openable.generateInfos(Openable.java:266)
	at org.eclipse.jdt.internal.core.JavaElement.openWhenClosed(JavaElement.java:597)
	at org.eclipse.jdt.internal.core.CompilationUnit.makeConsistent(CompilationUnit.java:1142)
	at org.eclipse.jdt.internal.core.ReconcileWorkingCopyOperation.makeConsistent(ReconcileWorkingCopyOperation.java:173)
	at org.eclipse.jdt.internal.core.ReconcileWorkingCopyOperation.executeOperation(ReconcileWorkingCopyOperation.java:94)
	at org.eclipse.jdt.internal.core.JavaModelOperation.run(JavaModelOperation.java:740)
	at org.eclipse.jdt.internal.core.JavaModelOperation.runOperation(JavaModelOperation.java:806)
	at org.eclipse.jdt.internal.core.CompilationUnit.reconcile(CompilationUnit.java:1319)
	at org.eclipse.jdt.internal.ui.text.java.JavaReconcilingStrategy.reconcile(JavaReconcilingStrategy.java:131)
	at org.eclipse.jdt.internal.ui.text.java.JavaReconcilingStrategy.access$0(JavaReconcilingStrategy.java:113)
	at org.eclipse.jdt.internal.ui.text.java.JavaReconcilingStrategy$1.run(JavaReconcilingStrategy.java:93)
	at org.eclipse.core.runtime.SafeRunner.run(SafeRunner.java:45)
	at org.eclipse.jdt.internal.ui.text.java.JavaReconcilingStrategy.reconcile(JavaReconcilingStrategy.java:90)
	at org.eclipse.jdt.internal.ui.text.java.JavaReconcilingStrategy.reconcile(JavaReconcilingStrategy.java:157)
	at org.eclipse.jdt.internal.ui.text.CompositeReconcilingStrategy.reconcile(CompositeReconcilingStrategy.java:94)
	at org.eclipse.jdt.internal.ui.text.JavaCompositeReconcilingStrategy.reconcile(JavaCompositeReconcilingStrategy.java:107)
	at org.eclipse.jface.text.reconciler.MonoReconciler.process(MonoReconciler.java:76)
	at org.eclipse.jface.text.reconciler.AbstractReconciler$BackgroundThread.run(AbstractReconciler.java:210)

!ENTRY org.eclipse.jdt.ui 4 2 2026-07-20 16:45:22.849
!MESSAGE Problems occurred when invoking code from plug-in: "org.eclipse.jdt.ui".
!STACK 0
java.lang.IllegalArgumentException
	at org.eclipse.jdt.core.dom.InfixExpression.setOperator(InfixExpression.java:383)
	at org.eclipse.jdt.core.dom.ASTConverter.convert(ASTConverter.java:880)
	at org.eclipse.jdt.core.dom.ASTConverter.convert(ASTConverter.java:2022)
	at org.eclipse.jdt.core.dom.ASTConverter.convertToParenthesizedExpression(ASTConverter.java:3795)
	at org.eclipse.jdt.core.dom.ASTConverter.convert(ASTConverter.java:1943)
	at org.eclipse.jdt.core.dom.ASTConverter.convert(ASTConverter.java:1204)
	at org.eclipse.jdt.core.dom.ASTConverter.convert(ASTConverter.java:1974)
	at org.eclipse.jdt.core.dom.ASTConverter.convert(ASTConverter.java:3052)
	at org.eclipse.jdt.core.dom.ASTConverter.convert(ASTConverter.java:2219)
	at org.eclipse.jdt.core.dom.ASTConverter.convert(ASTConverter.java:2994)
	at org.eclipse.jdt.core.dom.ASTConverter.convert(ASTConverter.java:1383)
	at org.eclipse.jdt.core.dom.ASTConverter.convert(ASTConverter.java:2970)
	at org.eclipse.jdt.core.dom.ASTConverter.convert(ASTConverter.java:2204)
	at org.eclipse.jdt.core.dom.ASTConverter.convert(ASTConverter.java:2991)
	at org.eclipse.jdt.core.dom.ASTConverter.convert(ASTConverter.java:751)
	at org.eclipse.jdt.core.dom.ASTConverter.buildBodyDeclarations(ASTConverter.java:208)
	at org.eclipse.jdt.core.dom.ASTConverter.convert(ASTConverter.java:3347)
	at org.eclipse.jdt.core.dom.ASTConverter.convert(ASTConverter.java:1524)
	at org.eclipse.jdt.core.dom.AST.convertCompilationUnit(AST.java:494)
	at org.eclipse.jdt.internal.core.CompilationUnit.buildStructure(CompilationUnit.java:201)
	at org.eclipse.jdt.internal.core.Openable.generateInfos(Openable.java:266)
	at org.eclipse.jdt.internal.core.JavaElement.openWhenClosed(JavaElement.java:597)
	at org.eclipse.jdt.internal.core.CompilationUnit.makeConsistent(CompilationUnit.java:1142)
	at org.eclipse.jdt.internal.core.ReconcileWorkingCopyOperation.makeConsistent(ReconcileWorkingCopyOperation.java:173)
	at org.eclipse.jdt.internal.core.ReconcileWorkingCopyOperation.executeOperation(ReconcileWorkingCopyOperation.java:94)
	at org.eclipse.jdt.internal.core.JavaModelOperation.run(JavaModelOperation.java:740)
	at org.eclipse.jdt.internal.core.JavaModelOperation.runOperation(JavaModelOperation.java:806)
	at org.eclipse.jdt.internal.core.CompilationUnit.reconcile(CompilationUnit.java:1319)
	at org.eclipse.jdt.internal.ui.text.java.JavaReconcilingStrategy.reconcile(JavaReconcilingStrategy.java:131)
	at org.eclipse.jdt.internal.ui.text.java.JavaReconcilingStrategy.access$0(JavaReconcilingStrategy.java:113)
	at org.eclipse.jdt.internal.ui.text.java.JavaReconcilingStrategy$1.run(JavaReconcilingStrategy.java:93)
	at org.eclipse.core.runtime.SafeRunner.run(SafeRunner.java:45)
	at org.eclipse.jdt.internal.ui.text.java.JavaReconcilingStrategy.reconcile(JavaReconcilingStrategy.java:90)
	at org.eclipse.jdt.internal.ui.text.java.JavaReconcilingStrategy.reconcile(JavaReconcilingStrategy.java:157)
	at org.eclipse.jdt.internal.ui.text.CompositeReconcilingStrategy.reconcile(CompositeReconcilingStrategy.java:94)
	at org.eclipse.jdt.internal.ui.text.JavaCompositeReconcilingStrategy.reconcile(JavaCompositeReconcilingStrategy.java:107)
	at org.eclipse.jface.text.reconciler.MonoReconciler.process(MonoReconciler.java:76)
	at org.eclipse.jface.text.reconciler.AbstractReconciler$BackgroundThread.run(AbstractReconciler.java:210)

!ENTRY org.eclipse.jdt.ui 4 0 2026-07-20 16:45:22.850
!MESSAGE Error in JDT Core during reconcile
!STACK 0
java.lang.IllegalArgumentException
	at org.eclipse.jdt.core.dom.InfixExpression.setOperator(InfixExpression.java:383)
	at org.eclipse.jdt.core.dom.ASTConverter.convert(ASTConverter.java:880)
	at org.eclipse.jdt.core.dom.ASTConverter.convert(ASTConverter.java:2022)
	at org.eclipse.jdt.core.dom.ASTConverter.convertToParenthesizedExpression(ASTConverter.java:3795)
	at org.eclipse.jdt.core.dom.ASTConverter.convert(ASTConverter.java:1943)
	at org.eclipse.jdt.core.dom.ASTConverter.convert(ASTConverter.java:1204)
	at org.eclipse.jdt.core.dom.ASTConverter.convert(ASTConverter.java:1974)
	at org.eclipse.jdt.core.dom.ASTConverter.convert(ASTConverter.java:3052)
	at org.eclipse.jdt.core.dom.ASTConverter.convert(ASTConverter.java:2219)
	at org.eclipse.jdt.core.dom.ASTConverter.convert(ASTConverter.java:2994)
	at org.eclipse.jdt.core.dom.ASTConverter.convert(ASTConverter.java:1383)
	at org.eclipse.jdt.core.dom.ASTConverter.convert(ASTConverter.java:2970)
	at org.eclipse.jdt.core.dom.ASTConverter.convert(ASTConverter.java:2204)
	at org.eclipse.jdt.core.dom.ASTConverter.convert(ASTConverter.java:2991)
	at org.eclipse.jdt.core.dom.ASTConverter.convert(ASTConverter.java:751)
	at org.eclipse.jdt.core.dom.ASTConverter.buildBodyDeclarations(ASTConverter.java:208)
	at org.eclipse.jdt.core.dom.ASTConverter.convert(ASTConverter.java:3347)
	at org.eclipse.jdt.core.dom.ASTConverter.convert(ASTConverter.java:1524)
	at org.eclipse.jdt.core.dom.AST.convertCompilationUnit(AST.java:494)
	at org.eclipse.jdt.internal.core.CompilationUnit.buildStructure(CompilationUnit.java:201)
	at org.eclipse.jdt.internal.core.Openable.generateInfos(Openable.java:266)
	at org.eclipse.jdt.internal.core.JavaElement.openWhenClosed(JavaElement.java:597)
	at org.eclipse.jdt.internal.core.CompilationUnit.makeConsistent(CompilationUnit.java:1142)
	at org.eclipse.jdt.internal.core.ReconcileWorkingCopyOperation.makeConsistent(ReconcileWorkingCopyOperation.java:173)
	at org.eclipse.jdt.internal.core.ReconcileWorkingCopyOperation.executeOperation(ReconcileWorkingCopyOperation.java:94)
	at org.eclipse.jdt.internal.core.JavaModelOperation.run(JavaModelOperation.java:740)
	at org.eclipse.jdt.internal.core.JavaModelOperation.runOperation(JavaModelOperation.java:806)
	at org.eclipse.jdt.internal.core.CompilationUnit.reconcile(CompilationUnit.java:1319)
	at org.eclipse.jdt.internal.ui.text.java.JavaReconcilingStrategy.reconcile(JavaReconcilingStrategy.java:131)
	at org.eclipse.jdt.internal.ui.text.java.JavaReconcilingStrategy.access$0(JavaReconcilingStrategy.java:113)
	at org.eclipse.jdt.internal.ui.text.java.JavaReconcilingStrategy$1.run(JavaReconcilingStrategy.java:93)
	at org.eclipse.core.runtime.SafeRunner.run(SafeRunner.java:45)
	at org.eclipse.jdt.internal.ui.text.java.JavaReconcilingStrategy.reconcile(JavaReconcilingStrategy.java:90)
	at org.eclipse.jdt.internal.ui.text.java.JavaReconcilingStrategy.reconcile(JavaReconcilingStrategy.java:157)
	at org.eclipse.jdt.internal.ui.text.CompositeReconcilingStrategy.reconcile(CompositeReconcilingStrategy.java:94)
	at org.eclipse.jdt.internal.ui.text.JavaCompositeReconcilingStrategy.reconcile(JavaCompositeReconcilingStrategy.java:107)
	at org.eclipse.jface.text.reconciler.MonoReconciler.process(MonoReconciler.java:76)
	at org.eclipse.jface.text.reconciler.AbstractReconciler$BackgroundThread.run(AbstractReconciler.java:210)

!ENTRY org.eclipse.jdt.core 4 4 2026-07-20 16:45:28.356
!MESSAGE Exception occurred during compilation unit conversion:
----------------------------------- SOURCE BEGIN -------------------------------------
package ex;

/*문]
	사용자로부터 임의의 정수를 입력받아 1부터 입력받은 정수까지의
	전체의 합계, 짝수의 합계, 홀수의 합을 각각 출력하시오.
	단, 10단위로 출력하시오.
	
    정수 입력 : 59
    1 ~ 10까지의 전체의 합 :
    1 ~ 10까지의 짝수의 합 :
    1 ~ 10까지의 홀수의 합 :
    
    1 ~ 20까지의 전체의 합 :
    1 ~ 20까지의 짝수의 합 :
    1 ~ 20까지의 홀수의 합 :
    
    1 ~ 30까지의 짝수의 합 :
    1 ~ 30까지의 홀수의 합 :
    1 ~ 30까지의 전체의 합 :
    
    1 ~ 40까지의 짝수의 합 :
    1 ~ 40까지의 홀수의 합 :
    1 ~ 40까지의 전체의 합 :
    
    1 ~ 50까지의 짝수의 합 :
    1 ~ 50까지의 홀수의 합 :
    1 ~ 50까지의 전체의 합 :
    
    1 ~ 59까지의 짝수의 합 :
    1 ~ 59까지의 홀수의 합 :
    1 ~ 59까지의 전체의 합 :
*/
import java.util.Scanner;
public class ForEX07 {

	public static void main(String[] args) {
		Scanner sc = new Scanner(System.in);
		
		int n, result = 0, odd=0, even=0;
		// 전체의 합: result, 짝수의 합:even, 홀수의 합: odd
		System.out.println("정수 입력 :");
		n = sc.nextInt();
		// 1부터 n까지 반복문을 실행한다.
		for(int i = 1; i <=n; i++) {
		result += i;
		   if(i >= 1 && i <=10) {
			   System.out.println("1 ~ 10까지의 전체의 합 :"+result);
		   }else(i >= 1 && i <=10)
		   System.out.println("1 ~ 10까지의 짝수의 합 :"+result); 
		   }else(i >= 1 && i <=10)
		   System.out.println("1 ~ 10까지의 홀수의 합 :"+result);
		
		
	}

}}

----------------------------------- SOURCE END -------------------------------------
!STACK 0
java.lang.IllegalArgumentException
	at org.eclipse.jdt.core.dom.InfixExpression.setOperator(InfixExpression.java:383)
	at org.eclipse.jdt.core.dom.ASTConverter.convert(ASTConverter.java:880)
	at org.eclipse.jdt.core.dom.ASTConverter.convert(ASTConverter.java:2022)
	at org.eclipse.jdt.core.dom.ASTConverter.convertToParenthesizedExpression(ASTConverter.java:3795)
	at org.eclipse.jdt.core.dom.ASTConverter.convert(ASTConverter.java:1943)
	at org.eclipse.jdt.core.dom.ASTConverter.convert(ASTConverter.java:1204)
	at org.eclipse.jdt.core.dom.ASTConverter.convert(ASTConverter.java:1974)
	at org.eclipse.jdt.core.dom.ASTConverter.convert(ASTConverter.java:3052)
	at org.eclipse.jdt.core.dom.ASTConverter.convert(ASTConverter.java:2219)
	at org.eclipse.jdt.core.dom.ASTConverter.convert(ASTConverter.java:2994)
	at org.eclipse.jdt.core.dom.ASTConverter.convert(ASTConverter.java:1383)
	at org.eclipse.jdt.core.dom.ASTConverter.convert(ASTConverter.java:2970)
	at org.eclipse.jdt.core.dom.ASTConverter.convert(ASTConverter.java:2204)
	at org.eclipse.jdt.core.dom.ASTConverter.convert(ASTConverter.java:2991)
	at org.eclipse.jdt.core.dom.ASTConverter.convert(ASTConverter.java:751)
	at org.eclipse.jdt.core.dom.ASTConverter.buildBodyDeclarations(ASTConverter.java:208)
	at org.eclipse.jdt.core.dom.ASTConverter.convert(ASTConverter.java:3347)
	at org.eclipse.jdt.core.dom.ASTConverter.convert(ASTConverter.java:1524)
	at org.eclipse.jdt.core.dom.AST.convertCompilationUnit(AST.java:494)
	at org.eclipse.jdt.internal.core.CompilationUnit.buildStructure(CompilationUnit.java:201)
	at org.eclipse.jdt.internal.core.Openable.generateInfos(Openable.java:266)
	at org.eclipse.jdt.internal.core.JavaElement.openWhenClosed(JavaElement.java:597)
	at org.eclipse.jdt.internal.core.CompilationUnit.makeConsistent(CompilationUnit.java:1142)
	at org.eclipse.jdt.internal.core.ReconcileWorkingCopyOperation.makeConsistent(ReconcileWorkingCopyOperation.java:173)
	at org.eclipse.jdt.internal.core.ReconcileWorkingCopyOperation.executeOperation(ReconcileWorkingCopyOperation.java:94)
	at org.eclipse.jdt.internal.core.JavaModelOperation.run(JavaModelOperation.java:740)
	at org.eclipse.jdt.internal.core.JavaModelOperation.runOperation(JavaModelOperation.java:806)
	at org.eclipse.jdt.internal.core.CompilationUnit.reconcile(CompilationUnit.java:1319)
	at org.eclipse.jdt.internal.ui.text.java.JavaReconcilingStrategy.reconcile(JavaReconcilingStrategy.java:131)
	at org.eclipse.jdt.internal.ui.text.java.JavaReconcilingStrategy.access$0(JavaReconcilingStrategy.java:113)
	at org.eclipse.jdt.internal.ui.text.java.JavaReconcilingStrategy$1.run(JavaReconcilingStrategy.java:93)
	at org.eclipse.core.runtime.SafeRunner.run(SafeRunner.java:45)
	at org.eclipse.jdt.internal.ui.text.java.JavaReconcilingStrategy.reconcile(JavaReconcilingStrategy.java:90)
	at org.eclipse.jdt.internal.ui.text.java.JavaReconcilingStrategy.reconcile(JavaReconcilingStrategy.java:157)
	at org.eclipse.jdt.internal.ui.text.CompositeReconcilingStrategy.reconcile(CompositeReconcilingStrategy.java:94)
	at org.eclipse.jdt.internal.ui.text.JavaCompositeReconcilingStrategy.reconcile(JavaCompositeReconcilingStrategy.java:107)
	at org.eclipse.jface.text.reconciler.MonoReconciler.process(MonoReconciler.java:76)
	at org.eclipse.jface.text.reconciler.AbstractReconciler$BackgroundThread.run(AbstractReconciler.java:210)

!ENTRY org.eclipse.jdt.ui 4 2 2026-07-20 16:45:28.356
!MESSAGE Problems occurred when invoking code from plug-in: "org.eclipse.jdt.ui".
!STACK 0
java.lang.IllegalArgumentException
	at org.eclipse.jdt.core.dom.InfixExpression.setOperator(InfixExpression.java:383)
	at org.eclipse.jdt.core.dom.ASTConverter.convert(ASTConverter.java:880)
	at org.eclipse.jdt.core.dom.ASTConverter.convert(ASTConverter.java:2022)
	at org.eclipse.jdt.core.dom.ASTConverter.convertToParenthesizedExpression(ASTConverter.java:3795)
	at org.eclipse.jdt.core.dom.ASTConverter.convert(ASTConverter.java:1943)
	at org.eclipse.jdt.core.dom.ASTConverter.convert(ASTConverter.java:1204)
	at org.eclipse.jdt.core.dom.ASTConverter.convert(ASTConverter.java:1974)
	at org.eclipse.jdt.core.dom.ASTConverter.convert(ASTConverter.java:3052)
	at org.eclipse.jdt.core.dom.ASTConverter.convert(ASTConverter.java:2219)
	at org.eclipse.jdt.core.dom.ASTConverter.convert(ASTConverter.java:2994)
	at org.eclipse.jdt.core.dom.ASTConverter.convert(ASTConverter.java:1383)
	at org.eclipse.jdt.core.dom.ASTConverter.convert(ASTConverter.java:2970)
	at org.eclipse.jdt.core.dom.ASTConverter.convert(ASTConverter.java:2204)
	at org.eclipse.jdt.core.dom.ASTConverter.convert(ASTConverter.java:2991)
	at org.eclipse.jdt.core.dom.ASTConverter.convert(ASTConverter.java:751)
	at org.eclipse.jdt.core.dom.ASTConverter.buildBodyDeclarations(ASTConverter.java:208)
	at org.eclipse.jdt.core.dom.ASTConverter.convert(ASTConverter.java:3347)
	at org.eclipse.jdt.core.dom.ASTConverter.convert(ASTConverter.java:1524)
	at org.eclipse.jdt.core.dom.AST.convertCompilationUnit(AST.java:494)
	at org.eclipse.jdt.internal.core.CompilationUnit.buildStructure(CompilationUnit.java:201)
	at org.eclipse.jdt.internal.core.Openable.generateInfos(Openable.java:266)
	at org.eclipse.jdt.internal.core.JavaElement.openWhenClosed(JavaElement.java:597)
	at org.eclipse.jdt.internal.core.CompilationUnit.makeConsistent(CompilationUnit.java:1142)
	at org.eclipse.jdt.internal.core.ReconcileWorkingCopyOperation.makeConsistent(ReconcileWorkingCopyOperation.java:173)
	at org.eclipse.jdt.internal.core.ReconcileWorkingCopyOperation.executeOperation(ReconcileWorkingCopyOperation.java:94)
	at org.eclipse.jdt.internal.core.JavaModelOperation.run(JavaModelOperation.java:740)
	at org.eclipse.jdt.internal.core.JavaModelOperation.runOperation(JavaModelOperation.java:806)
	at org.eclipse.jdt.internal.core.CompilationUnit.reconcile(CompilationUnit.java:1319)
	at org.eclipse.jdt.internal.ui.text.java.JavaReconcilingStrategy.reconcile(JavaReconcilingStrategy.java:131)
	at org.eclipse.jdt.internal.ui.text.java.JavaReconcilingStrategy.access$0(JavaReconcilingStrategy.java:113)
	at org.eclipse.jdt.internal.ui.text.java.JavaReconcilingStrategy$1.run(JavaReconcilingStrategy.java:93)
	at org.eclipse.core.runtime.SafeRunner.run(SafeRunner.java:45)
	at org.eclipse.jdt.internal.ui.text.java.JavaReconcilingStrategy.reconcile(JavaReconcilingStrategy.java:90)
	at org.eclipse.jdt.internal.ui.text.java.JavaReconcilingStrategy.reconcile(JavaReconcilingStrategy.java:157)
	at org.eclipse.jdt.internal.ui.text.CompositeReconcilingStrategy.reconcile(CompositeReconcilingStrategy.java:94)
	at org.eclipse.jdt.internal.ui.text.JavaCompositeReconcilingStrategy.reconcile(JavaCompositeReconcilingStrategy.java:107)
	at org.eclipse.jface.text.reconciler.MonoReconciler.process(MonoReconciler.java:76)
	at org.eclipse.jface.text.reconciler.AbstractReconciler$BackgroundThread.run(AbstractReconciler.java:210)

!ENTRY org.eclipse.jdt.ui 4 0 2026-07-20 16:45:28.357
!MESSAGE Error in JDT Core during reconcile
!STACK 0
java.lang.IllegalArgumentException
	at org.eclipse.jdt.core.dom.InfixExpression.setOperator(InfixExpression.java:383)
	at org.eclipse.jdt.core.dom.ASTConverter.convert(ASTConverter.java:880)
	at org.eclipse.jdt.core.dom.ASTConverter.convert(ASTConverter.java:2022)
	at org.eclipse.jdt.core.dom.ASTConverter.convertToParenthesizedExpression(ASTConverter.java:3795)
	at org.eclipse.jdt.core.dom.ASTConverter.convert(ASTConverter.java:1943)
	at org.eclipse.jdt.core.dom.ASTConverter.convert(ASTConverter.java:1204)
	at org.eclipse.jdt.core.dom.ASTConverter.convert(ASTConverter.java:1974)
	at org.eclipse.jdt.core.dom.ASTConverter.convert(ASTConverter.java:3052)
	at org.eclipse.jdt.core.dom.ASTConverter.convert(ASTConverter.java:2219)
	at org.eclipse.jdt.core.dom.ASTConverter.convert(ASTConverter.java:2994)
	at org.eclipse.jdt.core.dom.ASTConverter.convert(ASTConverter.java:1383)
	at org.eclipse.jdt.core.dom.ASTConverter.convert(ASTConverter.java:2970)
	at org.eclipse.jdt.core.dom.ASTConverter.convert(ASTConverter.java:2204)
	at org.eclipse.jdt.core.dom.ASTConverter.convert(ASTConverter.java:2991)
	at org.eclipse.jdt.core.dom.ASTConverter.convert(ASTConverter.java:751)
	at org.eclipse.jdt.core.dom.ASTConverter.buildBodyDeclarations(ASTConverter.java:208)
	at org.eclipse.jdt.core.dom.ASTConverter.convert(ASTConverter.java:3347)
	at org.eclipse.jdt.core.dom.ASTConverter.convert(ASTConverter.java:1524)
	at org.eclipse.jdt.core.dom.AST.convertCompilationUnit(AST.java:494)
	at org.eclipse.jdt.internal.core.CompilationUnit.buildStructure(CompilationUnit.java:201)
	at org.eclipse.jdt.internal.core.Openable.generateInfos(Openable.java:266)
	at org.eclipse.jdt.internal.core.JavaElement.openWhenClosed(JavaElement.java:597)
	at org.eclipse.jdt.internal.core.CompilationUnit.makeConsistent(CompilationUnit.java:1142)
	at org.eclipse.jdt.internal.core.ReconcileWorkingCopyOperation.makeConsistent(ReconcileWorkingCopyOperation.java:173)
	at org.eclipse.jdt.internal.core.ReconcileWorkingCopyOperation.executeOperation(ReconcileWorkingCopyOperation.java:94)
	at org.eclipse.jdt.internal.core.JavaModelOperation.run(JavaModelOperation.java:740)
	at org.eclipse.jdt.internal.core.JavaModelOperation.runOperation(JavaModelOperation.java:806)
	at org.eclipse.jdt.internal.core.CompilationUnit.reconcile(CompilationUnit.java:1319)
	at org.eclipse.jdt.internal.ui.text.java.JavaReconcilingStrategy.reconcile(JavaReconcilingStrategy.java:131)
	at org.eclipse.jdt.internal.ui.text.java.JavaReconcilingStrategy.access$0(JavaReconcilingStrategy.java:113)
	at org.eclipse.jdt.internal.ui.text.java.JavaReconcilingStrategy$1.run(JavaReconcilingStrategy.java:93)
	at org.eclipse.core.runtime.SafeRunner.run(SafeRunner.java:45)
	at org.eclipse.jdt.internal.ui.text.java.JavaReconcilingStrategy.reconcile(JavaReconcilingStrategy.java:90)
	at org.eclipse.jdt.internal.ui.text.java.JavaReconcilingStrategy.reconcile(JavaReconcilingStrategy.java:157)
	at org.eclipse.jdt.internal.ui.text.CompositeReconcilingStrategy.reconcile(CompositeReconcilingStrategy.java:94)
	at org.eclipse.jdt.internal.ui.text.JavaCompositeReconcilingStrategy.reconcile(JavaCompositeReconcilingStrategy.java:107)
	at org.eclipse.jface.text.reconciler.MonoReconciler.process(MonoReconciler.java:76)
	at org.eclipse.jface.text.reconciler.AbstractReconciler$BackgroundThread.run(AbstractReconciler.java:210)

!ENTRY org.eclipse.jdt.core 4 4 2026-07-20 16:45:29.361
!MESSAGE Exception occurred during compilation unit conversion:
----------------------------------- SOURCE BEGIN -------------------------------------
package ex;

/*문]
	사용자로부터 임의의 정수를 입력받아 1부터 입력받은 정수까지의
	전체의 합계, 짝수의 합계, 홀수의 합을 각각 출력하시오.
	단, 10단위로 출력하시오.
	
    정수 입력 : 59
    1 ~ 10까지의 전체의 합 :
    1 ~ 10까지의 짝수의 합 :
    1 ~ 10까지의 홀수의 합 :
    
    1 ~ 20까지의 전체의 합 :
    1 ~ 20까지의 짝수의 합 :
    1 ~ 20까지의 홀수의 합 :
    
    1 ~ 30까지의 짝수의 합 :
    1 ~ 30까지의 홀수의 합 :
    1 ~ 30까지의 전체의 합 :
    
    1 ~ 40까지의 짝수의 합 :
    1 ~ 40까지의 홀수의 합 :
    1 ~ 40까지의 전체의 합 :
    
    1 ~ 50까지의 짝수의 합 :
    1 ~ 50까지의 홀수의 합 :
    1 ~ 50까지의 전체의 합 :
    
    1 ~ 59까지의 짝수의 합 :
    1 ~ 59까지의 홀수의 합 :
    1 ~ 59까지의 전체의 합 :
*/
import java.util.Scanner;
public class ForEX07 {

	public static void main(String[] args) {
		Scanner sc = new Scanner(System.in);
		
		int n, result = 0, odd=0, even=0;
		// 전체의 합: result, 짝수의 합:even, 홀수의 합: odd
		System.out.println("정수 입력 :");
		n = sc.nextInt();
		// 1부터 n까지 반복문을 실행한다.
		for(int i = 1; i <=n; i++) {
		result += i;
		   if(i >= 1 && i <=10) {
			   System.out.println("1 ~ 10까지의 전체의 합 :"+result);
		   }else(i >= 1 && i <=10)
		   System.out.println("1 ~ 10까지의 짝수의 합 :"+result); 
		   }else(i >= 1 && i <=10)
		   System.out.println("1 ~ 10까지의 홀수의 합 :"+result);
		
		
	}

}}

----------------------------------- SOURCE END -------------------------------------
!STACK 0
java.lang.IllegalArgumentException
	at org.eclipse.jdt.core.dom.InfixExpression.setOperator(InfixExpression.java:383)
	at org.eclipse.jdt.core.dom.ASTConverter.convert(ASTConverter.java:880)
	at org.eclipse.jdt.core.dom.ASTConverter.convert(ASTConverter.java:2022)
	at org.eclipse.jdt.core.dom.ASTConverter.convertToParenthesizedExpression(ASTConverter.java:3795)
	at org.eclipse.jdt.core.dom.ASTConverter.convert(ASTConverter.java:1943)
	at org.eclipse.jdt.core.dom.ASTConverter.convert(ASTConverter.java:1204)
	at org.eclipse.jdt.core.dom.ASTConverter.convert(ASTConverter.java:1974)
	at org.eclipse.jdt.core.dom.ASTConverter.convert(ASTConverter.java:3052)
	at org.eclipse.jdt.core.dom.ASTConverter.convert(ASTConverter.java:2219)
	at org.eclipse.jdt.core.dom.ASTConverter.convert(ASTConverter.java:2994)
	at org.eclipse.jdt.core.dom.ASTConverter.convert(ASTConverter.java:1383)
	at org.eclipse.jdt.core.dom.ASTConverter.convert(ASTConverter.java:2970)
	at org.eclipse.jdt.core.dom.ASTConverter.convert(ASTConverter.java:2204)
	at org.eclipse.jdt.core.dom.ASTConverter.convert(ASTConverter.java:2991)
	at org.eclipse.jdt.core.dom.ASTConverter.convert(ASTConverter.java:751)
	at org.eclipse.jdt.core.dom.ASTConverter.buildBodyDeclarations(ASTConverter.java:208)
	at org.eclipse.jdt.core.dom.ASTConverter.convert(ASTConverter.java:3347)
	at org.eclipse.jdt.core.dom.ASTConverter.convert(ASTConverter.java:1524)
	at org.eclipse.jdt.core.dom.AST.convertCompilationUnit(AST.java:494)
	at org.eclipse.jdt.internal.core.ReconcileWorkingCopyOperation.makeConsistent(ReconcileWorkingCopyOperation.java:209)
	at org.eclipse.jdt.internal.core.ReconcileWorkingCopyOperation.executeOperation(ReconcileWorkingCopyOperation.java:94)
	at org.eclipse.jdt.internal.core.JavaModelOperation.run(JavaModelOperation.java:740)
	at org.eclipse.jdt.internal.core.JavaModelOperation.runOperation(JavaModelOperation.java:806)
	at org.eclipse.jdt.internal.core.CompilationUnit.reconcile(CompilationUnit.java:1319)
	at org.eclipse.jdt.internal.ui.text.java.JavaReconcilingStrategy.reconcile(JavaReconcilingStrategy.java:131)
	at org.eclipse.jdt.internal.ui.text.java.JavaReconcilingStrategy.access$0(JavaReconcilingStrategy.java:113)
	at org.eclipse.jdt.internal.ui.text.java.JavaReconcilingStrategy$1.run(JavaReconcilingStrategy.java:93)
	at org.eclipse.core.runtime.SafeRunner.run(SafeRunner.java:45)
	at org.eclipse.jdt.internal.ui.text.java.JavaReconcilingStrategy.reconcile(JavaReconcilingStrategy.java:90)
	at org.eclipse.jdt.internal.ui.text.java.JavaReconcilingStrategy.reconcile(JavaReconcilingStrategy.java:157)
	at org.eclipse.jdt.internal.ui.text.CompositeReconcilingStrategy.reconcile(CompositeReconcilingStrategy.java:94)
	at org.eclipse.jdt.internal.ui.text.JavaCompositeReconcilingStrategy.reconcile(JavaCompositeReconcilingStrategy.java:107)
	at org.eclipse.jface.text.reconciler.MonoReconciler.process(MonoReconciler.java:76)
	at org.eclipse.jface.text.reconciler.AbstractReconciler$BackgroundThread.run(AbstractReconciler.java:210)

!ENTRY org.eclipse.jdt.ui 4 2 2026-07-20 16:45:29.362
!MESSAGE Problems occurred when invoking code from plug-in: "org.eclipse.jdt.ui".
!STACK 0
java.lang.IllegalArgumentException
	at org.eclipse.jdt.core.dom.InfixExpression.setOperator(InfixExpression.java:383)
	at org.eclipse.jdt.core.dom.ASTConverter.convert(ASTConverter.java:880)
	at org.eclipse.jdt.core.dom.ASTConverter.convert(ASTConverter.java:2022)
	at org.eclipse.jdt.core.dom.ASTConverter.convertToParenthesizedExpression(ASTConverter.java:3795)
	at org.eclipse.jdt.core.dom.ASTConverter.convert(ASTConverter.java:1943)
	at org.eclipse.jdt.core.dom.ASTConverter.convert(ASTConverter.java:1204)
	at org.eclipse.jdt.core.dom.ASTConverter.convert(ASTConverter.java:1974)
	at org.eclipse.jdt.core.dom.ASTConverter.convert(ASTConverter.java:3052)
	at org.eclipse.jdt.core.dom.ASTConverter.convert(ASTConverter.java:2219)
	at org.eclipse.jdt.core.dom.ASTConverter.convert(ASTConverter.java:2994)
	at org.eclipse.jdt.core.dom.ASTConverter.convert(ASTConverter.java:1383)
	at org.eclipse.jdt.core.dom.ASTConverter.convert(ASTConverter.java:2970)
	at org.eclipse.jdt.core.dom.ASTConverter.convert(ASTConverter.java:2204)
	at org.eclipse.jdt.core.dom.ASTConverter.convert(ASTConverter.java:2991)
	at org.eclipse.jdt.core.dom.ASTConverter.convert(ASTConverter.java:751)
	at org.eclipse.jdt.core.dom.ASTConverter.buildBodyDeclarations(ASTConverter.java:208)
	at org.eclipse.jdt.core.dom.ASTConverter.convert(ASTConverter.java:3347)
	at org.eclipse.jdt.core.dom.ASTConverter.convert(ASTConverter.java:1524)
	at org.eclipse.jdt.core.dom.AST.convertCompilationUnit(AST.java:494)
	at org.eclipse.jdt.internal.core.ReconcileWorkingCopyOperation.makeConsistent(ReconcileWorkingCopyOperation.java:209)
	at org.eclipse.jdt.internal.core.ReconcileWorkingCopyOperation.executeOperation(ReconcileWorkingCopyOperation.java:94)
	at org.eclipse.jdt.internal.core.JavaModelOperation.run(JavaModelOperation.java:740)
	at org.eclipse.jdt.internal.core.JavaModelOperation.runOperation(JavaModelOperation.java:806)
	at org.eclipse.jdt.internal.core.CompilationUnit.reconcile(CompilationUnit.java:1319)
	at org.eclipse.jdt.internal.ui.text.java.JavaReconcilingStrategy.reconcile(JavaReconcilingStrategy.java:131)
	at org.eclipse.jdt.internal.ui.text.java.JavaReconcilingStrategy.access$0(JavaReconcilingStrategy.java:113)
	at org.eclipse.jdt.internal.ui.text.java.JavaReconcilingStrategy$1.run(JavaReconcilingStrategy.java:93)
	at org.eclipse.core.runtime.SafeRunner.run(SafeRunner.java:45)
	at org.eclipse.jdt.internal.ui.text.java.JavaReconcilingStrategy.reconcile(JavaReconcilingStrategy.java:90)
	at org.eclipse.jdt.internal.ui.text.java.JavaReconcilingStrategy.reconcile(JavaReconcilingStrategy.java:157)
	at org.eclipse.jdt.internal.ui.text.CompositeReconcilingStrategy.reconcile(CompositeReconcilingStrategy.java:94)
	at org.eclipse.jdt.internal.ui.text.JavaCompositeReconcilingStrategy.reconcile(JavaCompositeReconcilingStrategy.java:107)
	at org.eclipse.jface.text.reconciler.MonoReconciler.process(MonoReconciler.java:76)
	at org.eclipse.jface.text.reconciler.AbstractReconciler$BackgroundThread.run(AbstractReconciler.java:210)

!ENTRY org.eclipse.jdt.ui 4 0 2026-07-20 16:45:29.362
!MESSAGE Error in JDT Core during reconcile
!STACK 0
java.lang.IllegalArgumentException
	at org.eclipse.jdt.core.dom.InfixExpression.setOperator(InfixExpression.java:383)
	at org.eclipse.jdt.core.dom.ASTConverter.convert(ASTConverter.java:880)
	at org.eclipse.jdt.core.dom.ASTConverter.convert(ASTConverter.java:2022)
	at org.eclipse.jdt.core.dom.ASTConverter.convertToParenthesizedExpression(ASTConverter.java:3795)
	at org.eclipse.jdt.core.dom.ASTConverter.convert(ASTConverter.java:1943)
	at org.eclipse.jdt.core.dom.ASTConverter.convert(ASTConverter.java:1204)
	at org.eclipse.jdt.core.dom.ASTConverter.convert(ASTConverter.java:1974)
	at org.eclipse.jdt.core.dom.ASTConverter.convert(ASTConverter.java:3052)
	at org.eclipse.jdt.core.dom.ASTConverter.convert(ASTConverter.java:2219)
	at org.eclipse.jdt.core.dom.ASTConverter.convert(ASTConverter.java:2994)
	at org.eclipse.jdt.core.dom.ASTConverter.convert(ASTConverter.java:1383)
	at org.eclipse.jdt.core.dom.ASTConverter.convert(ASTConverter.java:2970)
	at org.eclipse.jdt.core.dom.ASTConverter.convert(ASTConverter.java:2204)
	at org.eclipse.jdt.core.dom.ASTConverter.convert(ASTConverter.java:2991)
	at org.eclipse.jdt.core.dom.ASTConverter.convert(ASTConverter.java:751)
	at org.eclipse.jdt.core.dom.ASTConverter.buildBodyDeclarations(ASTConverter.java:208)
	at org.eclipse.jdt.core.dom.ASTConverter.convert(ASTConverter.java:3347)
	at org.eclipse.jdt.core.dom.ASTConverter.convert(ASTConverter.java:1524)
	at org.eclipse.jdt.core.dom.AST.convertCompilationUnit(AST.java:494)
	at org.eclipse.jdt.internal.core.ReconcileWorkingCopyOperation.makeConsistent(ReconcileWorkingCopyOperation.java:209)
	at org.eclipse.jdt.internal.core.ReconcileWorkingCopyOperation.executeOperation(ReconcileWorkingCopyOperation.java:94)
	at org.eclipse.jdt.internal.core.JavaModelOperation.run(JavaModelOperation.java:740)
	at org.eclipse.jdt.internal.core.JavaModelOperation.runOperation(JavaModelOperation.java:806)
	at org.eclipse.jdt.internal.core.CompilationUnit.reconcile(CompilationUnit.java:1319)
	at org.eclipse.jdt.internal.ui.text.java.JavaReconcilingStrategy.reconcile(JavaReconcilingStrategy.java:131)
	at org.eclipse.jdt.internal.ui.text.java.JavaReconcilingStrategy.access$0(JavaReconcilingStrategy.java:113)
	at org.eclipse.jdt.internal.ui.text.java.JavaReconcilingStrategy$1.run(JavaReconcilingStrategy.java:93)
	at org.eclipse.core.runtime.SafeRunner.run(SafeRunner.java:45)
	at org.eclipse.jdt.internal.ui.text.java.JavaReconcilingStrategy.reconcile(JavaReconcilingStrategy.java:90)
	at org.eclipse.jdt.internal.ui.text.java.JavaReconcilingStrategy.reconcile(JavaReconcilingStrategy.java:157)
	at org.eclipse.jdt.internal.ui.text.CompositeReconcilingStrategy.reconcile(CompositeReconcilingStrategy.java:94)
	at org.eclipse.jdt.internal.ui.text.JavaCompositeReconcilingStrategy.reconcile(JavaCompositeReconcilingStrategy.java:107)
	at org.eclipse.jface.text.reconciler.MonoReconciler.process(MonoReconciler.java:76)
	at org.eclipse.jface.text.reconciler.AbstractReconciler$BackgroundThread.run(AbstractReconciler.java:210)

!ENTRY org.eclipse.jdt.core 4 4 2026-07-20 16:45:34.496
!MESSAGE Exception occurred during compilation unit conversion:
----------------------------------- SOURCE BEGIN -------------------------------------
package ex;

/*문]
	사용자로부터 임의의 정수를 입력받아 1부터 입력받은 정수까지의
	전체의 합계, 짝수의 합계, 홀수의 합을 각각 출력하시오.
	단, 10단위로 출력하시오.
	
    정수 입력 : 59
    1 ~ 10까지의 전체의 합 :
    1 ~ 10까지의 짝수의 합 :
    1 ~ 10까지의 홀수의 합 :
    
    1 ~ 20까지의 전체의 합 :
    1 ~ 20까지의 짝수의 합 :
    1 ~ 20까지의 홀수의 합 :
    
    1 ~ 30까지의 짝수의 합 :
    1 ~ 30까지의 홀수의 합 :
    1 ~ 30까지의 전체의 합 :
    
    1 ~ 40까지의 짝수의 합 :
    1 ~ 40까지의 홀수의 합 :
    1 ~ 40까지의 전체의 합 :
    
    1 ~ 50까지의 짝수의 합 :
    1 ~ 50까지의 홀수의 합 :
    1 ~ 50까지의 전체의 합 :
    
    1 ~ 59까지의 짝수의 합 :
    1 ~ 59까지의 홀수의 합 :
    1 ~ 59까지의 전체의 합 :
*/
import java.util.Scanner;
public class ForEX07 {

	public static void main(String[] args) {
		Scanner sc = new Scanner(System.in);
		
		int n, result = 0, odd=0, even=0;
		// 전체의 합: result, 짝수의 합:even, 홀수의 합: odd
		System.out.println("정수 입력 :");
		n = sc.nextInt();
		// 1부터 n까지 반복문을 실행한다.
		for(int i = 1; i <=n; i++) {
		result += i;
		   if(i >= 1 && i <=10) {
			   System.out.println("1 ~ 10까지의 전체의 합 :"+result);
		   }else(i >= 1 && i <=10)
		   System.out.println("1 ~ 10까지의 짝수의 합 :"+result); 
		   }else(i >= 1 && i <=10)
		   System.out.println("1 ~ 10까지의 홀수의 합 :"+result);
		
		
	}

}}

----------------------------------- SOURCE END -------------------------------------
!STACK 0
java.lang.IllegalArgumentException
	at org.eclipse.jdt.core.dom.InfixExpression.setOperator(InfixExpression.java:383)
	at org.eclipse.jdt.core.dom.ASTConverter.convert(ASTConverter.java:880)
	at org.eclipse.jdt.core.dom.ASTConverter.convert(ASTConverter.java:2022)
	at org.eclipse.jdt.core.dom.ASTConverter.convertToParenthesizedExpression(ASTConverter.java:3795)
	at org.eclipse.jdt.core.dom.ASTConverter.convert(ASTConverter.java:1943)
	at org.eclipse.jdt.core.dom.ASTConverter.convert(ASTConverter.java:1204)
	at org.eclipse.jdt.core.dom.ASTConverter.convert(ASTConverter.java:1974)
	at org.eclipse.jdt.core.dom.ASTConverter.convert(ASTConverter.java:3052)
	at org.eclipse.jdt.core.dom.ASTConverter.convert(ASTConverter.java:2219)
	at org.eclipse.jdt.core.dom.ASTConverter.convert(ASTConverter.java:2994)
	at org.eclipse.jdt.core.dom.ASTConverter.convert(ASTConverter.java:1383)
	at org.eclipse.jdt.core.dom.ASTConverter.convert(ASTConverter.java:2970)
	at org.eclipse.jdt.core.dom.ASTConverter.convert(ASTConverter.java:2204)
	at org.eclipse.jdt.core.dom.ASTConverter.convert(ASTConverter.java:2991)
	at org.eclipse.jdt.core.dom.ASTConverter.convert(ASTConverter.java:751)
	at org.eclipse.jdt.core.dom.ASTConverter.buildBodyDeclarations(ASTConverter.java:208)
	at org.eclipse.jdt.core.dom.ASTConverter.convert(ASTConverter.java:3347)
	at org.eclipse.jdt.core.dom.ASTConverter.convert(ASTConverter.java:1524)
	at org.eclipse.jdt.core.dom.CompilationUnitResolver.convert(CompilationUnitResolver.java:323)
	at org.eclipse.jdt.core.dom.ASTParser.internalCreateAST(ASTParser.java:1231)
	at org.eclipse.jdt.core.dom.ASTParser.createAST(ASTParser.java:820)
	at org.eclipse.jdt.core.manipulation.CoreASTProvider$1.run(CoreASTProvider.java:272)
	at org.eclipse.core.runtime.SafeRunner.run(SafeRunner.java:45)
	at org.eclipse.jdt.core.manipulation.CoreASTProvider.createAST(CoreASTProvider.java:264)
	at org.eclipse.jdt.core.manipulation.CoreASTProvider.getAST(CoreASTProvider.java:197)
	at org.eclipse.jdt.core.manipulation.SharedASTProviderCore.getAST(SharedASTProviderCore.java:138)
	at org.eclipse.jdt.internal.ui.text.java.hover.NLSStringHover.internalGetHoverInfo(NLSStringHover.java:139)
	at org.eclipse.jdt.internal.ui.text.java.hover.NLSStringHover.getHoverInfo2(NLSStringHover.java:118)
	at org.eclipse.jdt.internal.ui.text.java.hover.BestMatchHover.getHoverInfo2(BestMatchHover.java:163)
	at org.eclipse.jdt.internal.ui.text.java.hover.BestMatchHover.getHoverInfo2(BestMatchHover.java:130)
	at org.eclipse.jdt.internal.ui.text.java.hover.JavaEditorTextHoverProxy.getHoverInfo2(JavaEditorTextHoverProxy.java:89)
	at org.eclipse.jface.text.TextViewerHoverManager$1.run(TextViewerHoverManager.java:155)

!ENTRY org.eclipse.jdt.core.manipulation 4 2 2026-07-20 16:45:34.497
!MESSAGE Problems occurred when invoking code from plug-in: "org.eclipse.jdt.core.manipulation".
!STACK 0
java.lang.IllegalArgumentException
	at org.eclipse.jdt.core.dom.InfixExpression.setOperator(InfixExpression.java:383)
	at org.eclipse.jdt.core.dom.ASTConverter.convert(ASTConverter.java:880)
	at org.eclipse.jdt.core.dom.ASTConverter.convert(ASTConverter.java:2022)
	at org.eclipse.jdt.core.dom.ASTConverter.convertToParenthesizedExpression(ASTConverter.java:3795)
	at org.eclipse.jdt.core.dom.ASTConverter.convert(ASTConverter.java:1943)
	at org.eclipse.jdt.core.dom.ASTConverter.convert(ASTConverter.java:1204)
	at org.eclipse.jdt.core.dom.ASTConverter.convert(ASTConverter.java:1974)
	at org.eclipse.jdt.core.dom.ASTConverter.convert(ASTConverter.java:3052)
	at org.eclipse.jdt.core.dom.ASTConverter.convert(ASTConverter.java:2219)
	at org.eclipse.jdt.core.dom.ASTConverter.convert(ASTConverter.java:2994)
	at org.eclipse.jdt.core.dom.ASTConverter.convert(ASTConverter.java:1383)
	at org.eclipse.jdt.core.dom.ASTConverter.convert(ASTConverter.java:2970)
	at org.eclipse.jdt.core.dom.ASTConverter.convert(ASTConverter.java:2204)
	at org.eclipse.jdt.core.dom.ASTConverter.convert(ASTConverter.java:2991)
	at org.eclipse.jdt.core.dom.ASTConverter.convert(ASTConverter.java:751)
	at org.eclipse.jdt.core.dom.ASTConverter.buildBodyDeclarations(ASTConverter.java:208)
	at org.eclipse.jdt.core.dom.ASTConverter.convert(ASTConverter.java:3347)
	at org.eclipse.jdt.core.dom.ASTConverter.convert(ASTConverter.java:1524)
	at org.eclipse.jdt.core.dom.CompilationUnitResolver.convert(CompilationUnitResolver.java:323)
	at org.eclipse.jdt.core.dom.ASTParser.internalCreateAST(ASTParser.java:1231)
	at org.eclipse.jdt.core.dom.ASTParser.createAST(ASTParser.java:820)
	at org.eclipse.jdt.core.manipulation.CoreASTProvider$1.run(CoreASTProvider.java:272)
	at org.eclipse.core.runtime.SafeRunner.run(SafeRunner.java:45)
	at org.eclipse.jdt.core.manipulation.CoreASTProvider.createAST(CoreASTProvider.java:264)
	at org.eclipse.jdt.core.manipulation.CoreASTProvider.getAST(CoreASTProvider.java:197)
	at org.eclipse.jdt.core.manipulation.SharedASTProviderCore.getAST(SharedASTProviderCore.java:138)
	at org.eclipse.jdt.internal.ui.text.java.hover.NLSStringHover.internalGetHoverInfo(NLSStringHover.java:139)
	at org.eclipse.jdt.internal.ui.text.java.hover.NLSStringHover.getHoverInfo2(NLSStringHover.java:118)
	at org.eclipse.jdt.internal.ui.text.java.hover.BestMatchHover.getHoverInfo2(BestMatchHover.java:163)
	at org.eclipse.jdt.internal.ui.text.java.hover.BestMatchHover.getHoverInfo2(BestMatchHover.java:130)
	at org.eclipse.jdt.internal.ui.text.java.hover.JavaEditorTextHoverProxy.getHoverInfo2(JavaEditorTextHoverProxy.java:89)
	at org.eclipse.jface.text.TextViewerHoverManager$1.run(TextViewerHoverManager.java:155)

!ENTRY org.eclipse.jdt.core.manipulation 4 0 2026-07-20 16:45:34.497
!MESSAGE Error in JDT Core during AST creation
!STACK 0
java.lang.IllegalArgumentException
	at org.eclipse.jdt.core.dom.InfixExpression.setOperator(InfixExpression.java:383)
	at org.eclipse.jdt.core.dom.ASTConverter.convert(ASTConverter.java:880)
	at org.eclipse.jdt.core.dom.ASTConverter.convert(ASTConverter.java:2022)
	at org.eclipse.jdt.core.dom.ASTConverter.convertToParenthesizedExpression(ASTConverter.java:3795)
	at org.eclipse.jdt.core.dom.ASTConverter.convert(ASTConverter.java:1943)
	at org.eclipse.jdt.core.dom.ASTConverter.convert(ASTConverter.java:1204)
	at org.eclipse.jdt.core.dom.ASTConverter.convert(ASTConverter.java:1974)
	at org.eclipse.jdt.core.dom.ASTConverter.convert(ASTConverter.java:3052)
	at org.eclipse.jdt.core.dom.ASTConverter.convert(ASTConverter.java:2219)
	at org.eclipse.jdt.core.dom.ASTConverter.convert(ASTConverter.java:2994)
	at org.eclipse.jdt.core.dom.ASTConverter.convert(ASTConverter.java:1383)
	at org.eclipse.jdt.core.dom.ASTConverter.convert(ASTConverter.java:2970)
	at org.eclipse.jdt.core.dom.ASTConverter.convert(ASTConverter.java:2204)
	at org.eclipse.jdt.core.dom.ASTConverter.convert(ASTConverter.java:2991)
	at org.eclipse.jdt.core.dom.ASTConverter.convert(ASTConverter.java:751)
	at org.eclipse.jdt.core.dom.ASTConverter.buildBodyDeclarations(ASTConverter.java:208)
	at org.eclipse.jdt.core.dom.ASTConverter.convert(ASTConverter.java:3347)
	at org.eclipse.jdt.core.dom.ASTConverter.convert(ASTConverter.java:1524)
	at org.eclipse.jdt.core.dom.CompilationUnitResolver.convert(CompilationUnitResolver.java:323)
	at org.eclipse.jdt.core.dom.ASTParser.internalCreateAST(ASTParser.java:1231)
	at org.eclipse.jdt.core.dom.ASTParser.createAST(ASTParser.java:820)
	at org.eclipse.jdt.core.manipulation.CoreASTProvider$1.run(CoreASTProvider.java:272)
	at org.eclipse.core.runtime.SafeRunner.run(SafeRunner.java:45)
	at org.eclipse.jdt.core.manipulation.CoreASTProvider.createAST(CoreASTProvider.java:264)
	at org.eclipse.jdt.core.manipulation.CoreASTProvider.getAST(CoreASTProvider.java:197)
	at org.eclipse.jdt.core.manipulation.SharedASTProviderCore.getAST(SharedASTProviderCore.java:138)
	at org.eclipse.jdt.internal.ui.text.java.hover.NLSStringHover.internalGetHoverInfo(NLSStringHover.java:139)
	at org.eclipse.jdt.internal.ui.text.java.hover.NLSStringHover.getHoverInfo2(NLSStringHover.java:118)
	at org.eclipse.jdt.internal.ui.text.java.hover.BestMatchHover.getHoverInfo2(BestMatchHover.java:163)
	at org.eclipse.jdt.internal.ui.text.java.hover.BestMatchHover.getHoverInfo2(BestMatchHover.java:130)
	at org.eclipse.jdt.internal.ui.text.java.hover.JavaEditorTextHoverProxy.getHoverInfo2(JavaEditorTextHoverProxy.java:89)
	at org.eclipse.jface.text.TextViewerHoverManager$1.run(TextViewerHoverManager.java:155)

!ENTRY org.eclipse.jdt.core 4 4 2026-07-20 16:45:38.432
!MESSAGE Exception occurred during compilation unit conversion:
----------------------------------- SOURCE BEGIN -------------------------------------
package ex;

/*문]
	사용자로부터 임의의 정수를 입력받아 1부터 입력받은 정수까지의
	전체의 합계, 짝수의 합계, 홀수의 합을 각각 출력하시오.
	단, 10단위로 출력하시오.
	
    정수 입력 : 59
    1 ~ 10까지의 전체의 합 :
    1 ~ 10까지의 짝수의 합 :
    1 ~ 10까지의 홀수의 합 :
    
    1 ~ 20까지의 전체의 합 :
    1 ~ 20까지의 짝수의 합 :
    1 ~ 20까지의 홀수의 합 :
    
    1 ~ 30까지의 짝수의 합 :
    1 ~ 30까지의 홀수의 합 :
    1 ~ 30까지의 전체의 합 :
    
    1 ~ 40까지의 짝수의 합 :
    1 ~ 40까지의 홀수의 합 :
    1 ~ 40까지의 전체의 합 :
    
    1 ~ 50까지의 짝수의 합 :
    1 ~ 50까지의 홀수의 합 :
    1 ~ 50까지의 전체의 합 :
    
    1 ~ 59까지의 짝수의 합 :
    1 ~ 59까지의 홀수의 합 :
    1 ~ 59까지의 전체의 합 :
*/
import java.util.Scanner;
public class ForEX07 {

	public static void main(String[] args) {
		Scanner sc = new Scanner(System.in);
		
		int n, result = 0, odd=0, even=0;
		// 전체의 합: result, 짝수의 합:even, 홀수의 합: odd
		System.out.println("정수 입력 :");
		n = sc.nextInt();
		// 1부터 n까지 반복문을 실행한다.
		for(int i = 1; i <=n; i++) {
		result += i;
		   if(i >= 1 && i <=10) {
			   System.out.println("1 ~ 10까지의 전체의 합 :"+result);
		   }else(i >= 1 && i <=10)
		   System.out.println("1 ~ 10까지의 짝수의 합 :"+result); 
		   }else(i >= 1 && i <=10)
		   System.out.println("1 ~ 10까지의 홀수의 합 :"+result);
		
		
	}

}}

----------------------------------- SOURCE END -------------------------------------
!STACK 0
java.lang.IllegalArgumentException
	at org.eclipse.jdt.core.dom.InfixExpression.setOperator(InfixExpression.java:383)
	at org.eclipse.jdt.core.dom.ASTConverter.convert(ASTConverter.java:880)
	at org.eclipse.jdt.core.dom.ASTConverter.convert(ASTConverter.java:2022)
	at org.eclipse.jdt.core.dom.ASTConverter.convertToParenthesizedExpression(ASTConverter.java:3795)
	at org.eclipse.jdt.core.dom.ASTConverter.convert(ASTConverter.java:1943)
	at org.eclipse.jdt.core.dom.ASTConverter.convert(ASTConverter.java:1204)
	at org.eclipse.jdt.core.dom.ASTConverter.convert(ASTConverter.java:1974)
	at org.eclipse.jdt.core.dom.ASTConverter.convert(ASTConverter.java:3052)
	at org.eclipse.jdt.core.dom.ASTConverter.convert(ASTConverter.java:2219)
	at org.eclipse.jdt.core.dom.ASTConverter.convert(ASTConverter.java:2994)
	at org.eclipse.jdt.core.dom.ASTConverter.convert(ASTConverter.java:1383)
	at org.eclipse.jdt.core.dom.ASTConverter.convert(ASTConverter.java:2970)
	at org.eclipse.jdt.core.dom.ASTConverter.convert(ASTConverter.java:2204)
	at org.eclipse.jdt.core.dom.ASTConverter.convert(ASTConverter.java:2991)
	at org.eclipse.jdt.core.dom.ASTConverter.convert(ASTConverter.java:751)
	at org.eclipse.jdt.core.dom.ASTConverter.buildBodyDeclarations(ASTConverter.java:208)
	at org.eclipse.jdt.core.dom.ASTConverter.convert(ASTConverter.java:3347)
	at org.eclipse.jdt.core.dom.ASTConverter.convert(ASTConverter.java:1524)
	at org.eclipse.jdt.core.dom.CompilationUnitResolver.convert(CompilationUnitResolver.java:323)
	at org.eclipse.jdt.core.dom.ASTParser.internalCreateAST(ASTParser.java:1231)
	at org.eclipse.jdt.core.dom.ASTParser.createAST(ASTParser.java:820)
	at org.eclipse.jdt.core.manipulation.CoreASTProvider$1.run(CoreASTProvider.java:272)
	at org.eclipse.core.runtime.SafeRunner.run(SafeRunner.java:45)
	at org.eclipse.jdt.core.manipulation.CoreASTProvider.createAST(CoreASTProvider.java:264)
	at org.eclipse.jdt.core.manipulation.CoreASTProvider.getAST(CoreASTProvider.java:197)
	at org.eclipse.jdt.core.manipulation.SharedASTProviderCore.getAST(SharedASTProviderCore.java:138)
	at org.eclipse.jdt.internal.ui.text.java.hover.NLSStringHover.internalGetHoverInfo(NLSStringHover.java:139)
	at org.eclipse.jdt.internal.ui.text.java.hover.NLSStringHover.getHoverInfo2(NLSStringHover.java:118)
	at org.eclipse.jdt.internal.ui.text.java.hover.BestMatchHover.getHoverInfo2(BestMatchHover.java:163)
	at org.eclipse.jdt.internal.ui.text.java.hover.BestMatchHover.getHoverInfo2(BestMatchHover.java:130)
	at org.eclipse.jdt.internal.ui.text.java.hover.JavaEditorTextHoverProxy.getHoverInfo2(JavaEditorTextHoverProxy.java:89)
	at org.eclipse.jface.text.TextViewerHoverManager$1.run(TextViewerHoverManager.java:155)

!ENTRY org.eclipse.jdt.core.manipulation 4 2 2026-07-20 16:45:38.433
!MESSAGE Problems occurred when invoking code from plug-in: "org.eclipse.jdt.core.manipulation".
!STACK 0
java.lang.IllegalArgumentException
	at org.eclipse.jdt.core.dom.InfixExpression.setOperator(InfixExpression.java:383)
	at org.eclipse.jdt.core.dom.ASTConverter.convert(ASTConverter.java:880)
	at org.eclipse.jdt.core.dom.ASTConverter.convert(ASTConverter.java:2022)
	at org.eclipse.jdt.core.dom.ASTConverter.convertToParenthesizedExpression(ASTConverter.java:3795)
	at org.eclipse.jdt.core.dom.ASTConverter.convert(ASTConverter.java:1943)
	at org.eclipse.jdt.core.dom.ASTConverter.convert(ASTConverter.java:1204)
	at org.eclipse.jdt.core.dom.ASTConverter.convert(ASTConverter.java:1974)
	at org.eclipse.jdt.core.dom.ASTConverter.convert(ASTConverter.java:3052)
	at org.eclipse.jdt.core.dom.ASTConverter.convert(ASTConverter.java:2219)
	at org.eclipse.jdt.core.dom.ASTConverter.convert(ASTConverter.java:2994)
	at org.eclipse.jdt.core.dom.ASTConverter.convert(ASTConverter.java:1383)
	at org.eclipse.jdt.core.dom.ASTConverter.convert(ASTConverter.java:2970)
	at org.eclipse.jdt.core.dom.ASTConverter.convert(ASTConverter.java:2204)
	at org.eclipse.jdt.core.dom.ASTConverter.convert(ASTConverter.java:2991)
	at org.eclipse.jdt.core.dom.ASTConverter.convert(ASTConverter.java:751)
	at org.eclipse.jdt.core.dom.ASTConverter.buildBodyDeclarations(ASTConverter.java:208)
	at org.eclipse.jdt.core.dom.ASTConverter.convert(ASTConverter.java:3347)
	at org.eclipse.jdt.core.dom.ASTConverter.convert(ASTConverter.java:1524)
	at org.eclipse.jdt.core.dom.CompilationUnitResolver.convert(CompilationUnitResolver.java:323)
	at org.eclipse.jdt.core.dom.ASTParser.internalCreateAST(ASTParser.java:1231)
	at org.eclipse.jdt.core.dom.ASTParser.createAST(ASTParser.java:820)
	at org.eclipse.jdt.core.manipulation.CoreASTProvider$1.run(CoreASTProvider.java:272)
	at org.eclipse.core.runtime.SafeRunner.run(SafeRunner.java:45)
	at org.eclipse.jdt.core.manipulation.CoreASTProvider.createAST(CoreASTProvider.java:264)
	at org.eclipse.jdt.core.manipulation.CoreASTProvider.getAST(CoreASTProvider.java:197)
	at org.eclipse.jdt.core.manipulation.SharedASTProviderCore.getAST(SharedASTProviderCore.java:138)
	at org.eclipse.jdt.internal.ui.text.java.hover.NLSStringHover.internalGetHoverInfo(NLSStringHover.java:139)
	at org.eclipse.jdt.internal.ui.text.java.hover.NLSStringHover.getHoverInfo2(NLSStringHover.java:118)
	at org.eclipse.jdt.internal.ui.text.java.hover.BestMatchHover.getHoverInfo2(BestMatchHover.java:163)
	at org.eclipse.jdt.internal.ui.text.java.hover.BestMatchHover.getHoverInfo2(BestMatchHover.java:130)
	at org.eclipse.jdt.internal.ui.text.java.hover.JavaEditorTextHoverProxy.getHoverInfo2(JavaEditorTextHoverProxy.java:89)
	at org.eclipse.jface.text.TextViewerHoverManager$1.run(TextViewerHoverManager.java:155)

!ENTRY org.eclipse.jdt.core.manipulation 4 0 2026-07-20 16:45:38.433
!MESSAGE Error in JDT Core during AST creation
!STACK 0
java.lang.IllegalArgumentException
	at org.eclipse.jdt.core.dom.InfixExpression.setOperator(InfixExpression.java:383)
	at org.eclipse.jdt.core.dom.ASTConverter.convert(ASTConverter.java:880)
	at org.eclipse.jdt.core.dom.ASTConverter.convert(ASTConverter.java:2022)
	at org.eclipse.jdt.core.dom.ASTConverter.convertToParenthesizedExpression(ASTConverter.java:3795)
	at org.eclipse.jdt.core.dom.ASTConverter.convert(ASTConverter.java:1943)
	at org.eclipse.jdt.core.dom.ASTConverter.convert(ASTConverter.java:1204)
	at org.eclipse.jdt.core.dom.ASTConverter.convert(ASTConverter.java:1974)
	at org.eclipse.jdt.core.dom.ASTConverter.convert(ASTConverter.java:3052)
	at org.eclipse.jdt.core.dom.ASTConverter.convert(ASTConverter.java:2219)
	at org.eclipse.jdt.core.dom.ASTConverter.convert(ASTConverter.java:2994)
	at org.eclipse.jdt.core.dom.ASTConverter.convert(ASTConverter.java:1383)
	at org.eclipse.jdt.core.dom.ASTConverter.convert(ASTConverter.java:2970)
	at org.eclipse.jdt.core.dom.ASTConverter.convert(ASTConverter.java:2204)
	at org.eclipse.jdt.core.dom.ASTConverter.convert(ASTConverter.java:2991)
	at org.eclipse.jdt.core.dom.ASTConverter.convert(ASTConverter.java:751)
	at org.eclipse.jdt.core.dom.ASTConverter.buildBodyDeclarations(ASTConverter.java:208)
	at org.eclipse.jdt.core.dom.ASTConverter.convert(ASTConverter.java:3347)
	at org.eclipse.jdt.core.dom.ASTConverter.convert(ASTConverter.java:1524)
	at org.eclipse.jdt.core.dom.CompilationUnitResolver.convert(CompilationUnitResolver.java:323)
	at org.eclipse.jdt.core.dom.ASTParser.internalCreateAST(ASTParser.java:1231)
	at org.eclipse.jdt.core.dom.ASTParser.createAST(ASTParser.java:820)
	at org.eclipse.jdt.core.manipulation.CoreASTProvider$1.run(CoreASTProvider.java:272)
	at org.eclipse.core.runtime.SafeRunner.run(SafeRunner.java:45)
	at org.eclipse.jdt.core.manipulation.CoreASTProvider.createAST(CoreASTProvider.java:264)
	at org.eclipse.jdt.core.manipulation.CoreASTProvider.getAST(CoreASTProvider.java:197)
	at org.eclipse.jdt.core.manipulation.SharedASTProviderCore.getAST(SharedASTProviderCore.java:138)
	at org.eclipse.jdt.internal.ui.text.java.hover.NLSStringHover.internalGetHoverInfo(NLSStringHover.java:139)
	at org.eclipse.jdt.internal.ui.text.java.hover.NLSStringHover.getHoverInfo2(NLSStringHover.java:118)
	at org.eclipse.jdt.internal.ui.text.java.hover.BestMatchHover.getHoverInfo2(BestMatchHover.java:163)
	at org.eclipse.jdt.internal.ui.text.java.hover.BestMatchHover.getHoverInfo2(BestMatchHover.java:130)
	at org.eclipse.jdt.internal.ui.text.java.hover.JavaEditorTextHoverProxy.getHoverInfo2(JavaEditorTextHoverProxy.java:89)
	at org.eclipse.jface.text.TextViewerHoverManager$1.run(TextViewerHoverManager.java:155)

!ENTRY org.eclipse.jdt.core 4 4 2026-07-20 16:45:38.437
!MESSAGE Exception occurred during compilation unit conversion:
----------------------------------- SOURCE BEGIN -------------------------------------
package ex;

/*문]
	사용자로부터 임의의 정수를 입력받아 1부터 입력받은 정수까지의
	전체의 합계, 짝수의 합계, 홀수의 합을 각각 출력하시오.
	단, 10단위로 출력하시오.
	
    정수 입력 : 59
    1 ~ 10까지의 전체의 합 :
    1 ~ 10까지의 짝수의 합 :
    1 ~ 10까지의 홀수의 합 :
    
    1 ~ 20까지의 전체의 합 :
    1 ~ 20까지의 짝수의 합 :
    1 ~ 20까지의 홀수의 합 :
    
    1 ~ 30까지의 짝수의 합 :
    1 ~ 30까지의 홀수의 합 :
    1 ~ 30까지의 전체의 합 :
    
    1 ~ 40까지의 짝수의 합 :
    1 ~ 40까지의 홀수의 합 :
    1 ~ 40까지의 전체의 합 :
    
    1 ~ 50까지의 짝수의 합 :
    1 ~ 50까지의 홀수의 합 :
    1 ~ 50까지의 전체의 합 :
    
    1 ~ 59까지의 짝수의 합 :
    1 ~ 59까지의 홀수의 합 :
    1 ~ 59까지의 전체의 합 :
*/
import java.util.Scanner;
public class ForEX07 {

	public static void main(String[] args) {
		Scanner sc = new Scanner(System.in);
		
		int n, result = 0, odd=0, even=0;
		// 전체의 합: result, 짝수의 합:even, 홀수의 합: odd
		System.out.println("정수 입력 :");
		n = sc.nextInt();
		// 1부터 n까지 반복문을 실행한다.
		for(int i = 1; i <=n; i++) {
		result += i;
		   if(i >= 1 && i <=10) {
			   System.out.println("1 ~ 10까지의 전체의 합 :"+result);
		   }else(i >= 1 && i <=10)
		   System.out.println("1 ~ 10까지의 짝수의 합 :"+result); 
		   }else(i >= 1 && i <=10)
		   System.out.println("1 ~ 10까지의 홀수의 합 :"+result);
		
		
	}

}}

----------------------------------- SOURCE END -------------------------------------
!STACK 0
java.lang.IllegalArgumentException
	at org.eclipse.jdt.core.dom.InfixExpression.setOperator(InfixExpression.java:383)
	at org.eclipse.jdt.core.dom.ASTConverter.convert(ASTConverter.java:880)
	at org.eclipse.jdt.core.dom.ASTConverter.convert(ASTConverter.java:2022)
	at org.eclipse.jdt.core.dom.ASTConverter.convertToParenthesizedExpression(ASTConverter.java:3795)
	at org.eclipse.jdt.core.dom.ASTConverter.convert(ASTConverter.java:1943)
	at org.eclipse.jdt.core.dom.ASTConverter.convert(ASTConverter.java:1204)
	at org.eclipse.jdt.core.dom.ASTConverter.convert(ASTConverter.java:1974)
	at org.eclipse.jdt.core.dom.ASTConverter.convert(ASTConverter.java:3052)
	at org.eclipse.jdt.core.dom.ASTConverter.convert(ASTConverter.java:2219)
	at org.eclipse.jdt.core.dom.ASTConverter.convert(ASTConverter.java:2994)
	at org.eclipse.jdt.core.dom.ASTConverter.convert(ASTConverter.java:1383)
	at org.eclipse.jdt.core.dom.ASTConverter.convert(ASTConverter.java:2970)
	at org.eclipse.jdt.core.dom.ASTConverter.convert(ASTConverter.java:2204)
	at org.eclipse.jdt.core.dom.ASTConverter.convert(ASTConverter.java:2991)
	at org.eclipse.jdt.core.dom.ASTConverter.convert(ASTConverter.java:751)
	at org.eclipse.jdt.core.dom.ASTConverter.buildBodyDeclarations(ASTConverter.java:208)
	at org.eclipse.jdt.core.dom.ASTConverter.convert(ASTConverter.java:3347)
	at org.eclipse.jdt.core.dom.ASTConverter.convert(ASTConverter.java:1524)
	at org.eclipse.jdt.core.dom.CompilationUnitResolver.convert(CompilationUnitResolver.java:323)
	at org.eclipse.jdt.core.dom.ASTParser.internalCreateAST(ASTParser.java:1231)
	at org.eclipse.jdt.core.dom.ASTParser.createAST(ASTParser.java:820)
	at org.eclipse.jdt.core.manipulation.CoreASTProvider$1.run(CoreASTProvider.java:272)
	at org.eclipse.core.runtime.SafeRunner.run(SafeRunner.java:45)
	at org.eclipse.jdt.core.manipulation.CoreASTProvider.createAST(CoreASTProvider.java:264)
	at org.eclipse.jdt.core.manipulation.CoreASTProvider.getAST(CoreASTProvider.java:197)
	at org.eclipse.jdt.core.manipulation.SharedASTProviderCore.getAST(SharedASTProviderCore.java:138)
	at org.eclipse.jdt.internal.ui.text.java.hover.JavadocHover.getHoveredASTNode(JavadocHover.java:1003)
	at org.eclipse.jdt.internal.ui.text.java.hover.JavadocHover.getInfoText(JavadocHover.java:799)
	at org.eclipse.jdt.internal.ui.text.java.hover.JavadocHover.getHoverInfo(JavadocHover.java:743)
	at org.eclipse.jdt.internal.ui.text.java.hover.JavadocHover.internalGetHoverInfo(JavadocHover.java:666)
	at org.eclipse.jdt.internal.ui.text.java.hover.JavadocHover.getHoverInfo2(JavadocHover.java:658)
	at org.eclipse.jdt.internal.ui.text.java.hover.BestMatchHover.getHoverInfo2(BestMatchHover.java:163)
	at org.eclipse.jdt.internal.ui.text.java.hover.BestMatchHover.getHoverInfo2(BestMatchHover.java:130)
	at org.eclipse.jdt.internal.ui.text.java.hover.JavaEditorTextHoverProxy.getHoverInfo2(JavaEditorTextHoverProxy.java:89)
	at org.eclipse.jface.text.TextViewerHoverManager$1.run(TextViewerHoverManager.java:155)

!ENTRY org.eclipse.jdt.core.manipulation 4 2 2026-07-20 16:45:38.437
!MESSAGE Problems occurred when invoking code from plug-in: "org.eclipse.jdt.core.manipulation".
!STACK 0
java.lang.IllegalArgumentException
	at org.eclipse.jdt.core.dom.InfixExpression.setOperator(InfixExpression.java:383)
	at org.eclipse.jdt.core.dom.ASTConverter.convert(ASTConverter.java:880)
	at org.eclipse.jdt.core.dom.ASTConverter.convert(ASTConverter.java:2022)
	at org.eclipse.jdt.core.dom.ASTConverter.convertToParenthesizedExpression(ASTConverter.java:3795)
	at org.eclipse.jdt.core.dom.ASTConverter.convert(ASTConverter.java:1943)
	at org.eclipse.jdt.core.dom.ASTConverter.convert(ASTConverter.java:1204)
	at org.eclipse.jdt.core.dom.ASTConverter.convert(ASTConverter.java:1974)
	at org.eclipse.jdt.core.dom.ASTConverter.convert(ASTConverter.java:3052)
	at org.eclipse.jdt.core.dom.ASTConverter.convert(ASTConverter.java:2219)
	at org.eclipse.jdt.core.dom.ASTConverter.convert(ASTConverter.java:2994)
	at org.eclipse.jdt.core.dom.ASTConverter.convert(ASTConverter.java:1383)
	at org.eclipse.jdt.core.dom.ASTConverter.convert(ASTConverter.java:2970)
	at org.eclipse.jdt.core.dom.ASTConverter.convert(ASTConverter.java:2204)
	at org.eclipse.jdt.core.dom.ASTConverter.convert(ASTConverter.java:2991)
	at org.eclipse.jdt.core.dom.ASTConverter.convert(ASTConverter.java:751)
	at org.eclipse.jdt.core.dom.ASTConverter.buildBodyDeclarations(ASTConverter.java:208)
	at org.eclipse.jdt.core.dom.ASTConverter.convert(ASTConverter.java:3347)
	at org.eclipse.jdt.core.dom.ASTConverter.convert(ASTConverter.java:1524)
	at org.eclipse.jdt.core.dom.CompilationUnitResolver.convert(CompilationUnitResolver.java:323)
	at org.eclipse.jdt.core.dom.ASTParser.internalCreateAST(ASTParser.java:1231)
	at org.eclipse.jdt.core.dom.ASTParser.createAST(ASTParser.java:820)
	at org.eclipse.jdt.core.manipulation.CoreASTProvider$1.run(CoreASTProvider.java:272)
	at org.eclipse.core.runtime.SafeRunner.run(SafeRunner.java:45)
	at org.eclipse.jdt.core.manipulation.CoreASTProvider.createAST(CoreASTProvider.java:264)
	at org.eclipse.jdt.core.manipulation.CoreASTProvider.getAST(CoreASTProvider.java:197)
	at org.eclipse.jdt.core.manipulation.SharedASTProviderCore.getAST(SharedASTProviderCore.java:138)
	at org.eclipse.jdt.internal.ui.text.java.hover.JavadocHover.getHoveredASTNode(JavadocHover.java:1003)
	at org.eclipse.jdt.internal.ui.text.java.hover.JavadocHover.getInfoText(JavadocHover.java:799)
	at org.eclipse.jdt.internal.ui.text.java.hover.JavadocHover.getHoverInfo(JavadocHover.java:743)
	at org.eclipse.jdt.internal.ui.text.java.hover.JavadocHover.internalGetHoverInfo(JavadocHover.java:666)
	at org.eclipse.jdt.internal.ui.text.java.hover.JavadocHover.getHoverInfo2(JavadocHover.java:658)
	at org.eclipse.jdt.internal.ui.text.java.hover.BestMatchHover.getHoverInfo2(BestMatchHover.java:163)
	at org.eclipse.jdt.internal.ui.text.java.hover.BestMatchHover.getHoverInfo2(BestMatchHover.java:130)
	at org.eclipse.jdt.internal.ui.text.java.hover.JavaEditorTextHoverProxy.getHoverInfo2(JavaEditorTextHoverProxy.java:89)
	at org.eclipse.jface.text.TextViewerHoverManager$1.run(TextViewerHoverManager.java:155)

!ENTRY org.eclipse.jdt.core.manipulation 4 0 2026-07-20 16:45:38.438
!MESSAGE Error in JDT Core during AST creation
!STACK 0
java.lang.IllegalArgumentException
	at org.eclipse.jdt.core.dom.InfixExpression.setOperator(InfixExpression.java:383)
	at org.eclipse.jdt.core.dom.ASTConverter.convert(ASTConverter.java:880)
	at org.eclipse.jdt.core.dom.ASTConverter.convert(ASTConverter.java:2022)
	at org.eclipse.jdt.core.dom.ASTConverter.convertToParenthesizedExpression(ASTConverter.java:3795)
	at org.eclipse.jdt.core.dom.ASTConverter.convert(ASTConverter.java:1943)
	at org.eclipse.jdt.core.dom.ASTConverter.convert(ASTConverter.java:1204)
	at org.eclipse.jdt.core.dom.ASTConverter.convert(ASTConverter.java:1974)
	at org.eclipse.jdt.core.dom.ASTConverter.convert(ASTConverter.java:3052)
	at org.eclipse.jdt.core.dom.ASTConverter.convert(ASTConverter.java:2219)
	at org.eclipse.jdt.core.dom.ASTConverter.convert(ASTConverter.java:2994)
	at org.eclipse.jdt.core.dom.ASTConverter.convert(ASTConverter.java:1383)
	at org.eclipse.jdt.core.dom.ASTConverter.convert(ASTConverter.java:2970)
	at org.eclipse.jdt.core.dom.ASTConverter.convert(ASTConverter.java:2204)
	at org.eclipse.jdt.core.dom.ASTConverter.convert(ASTConverter.java:2991)
	at org.eclipse.jdt.core.dom.ASTConverter.convert(ASTConverter.java:751)
	at org.eclipse.jdt.core.dom.ASTConverter.buildBodyDeclarations(ASTConverter.java:208)
	at org.eclipse.jdt.core.dom.ASTConverter.convert(ASTConverter.java:3347)
	at org.eclipse.jdt.core.dom.ASTConverter.convert(ASTConverter.java:1524)
	at org.eclipse.jdt.core.dom.CompilationUnitResolver.convert(CompilationUnitResolver.java:323)
	at org.eclipse.jdt.core.dom.ASTParser.internalCreateAST(ASTParser.java:1231)
	at org.eclipse.jdt.core.dom.ASTParser.createAST(ASTParser.java:820)
	at org.eclipse.jdt.core.manipulation.CoreASTProvider$1.run(CoreASTProvider.java:272)
	at org.eclipse.core.runtime.SafeRunner.run(SafeRunner.java:45)
	at org.eclipse.jdt.core.manipulation.CoreASTProvider.createAST(CoreASTProvider.java:264)
	at org.eclipse.jdt.core.manipulation.CoreASTProvider.getAST(CoreASTProvider.java:197)
	at org.eclipse.jdt.core.manipulation.SharedASTProviderCore.getAST(SharedASTProviderCore.java:138)
	at org.eclipse.jdt.internal.ui.text.java.hover.JavadocHover.getHoveredASTNode(JavadocHover.java:1003)
	at org.eclipse.jdt.internal.ui.text.java.hover.JavadocHover.getInfoText(JavadocHover.java:799)
	at org.eclipse.jdt.internal.ui.text.java.hover.JavadocHover.getHoverInfo(JavadocHover.java:743)
	at org.eclipse.jdt.internal.ui.text.java.hover.JavadocHover.internalGetHoverInfo(JavadocHover.java:666)
	at org.eclipse.jdt.internal.ui.text.java.hover.JavadocHover.getHoverInfo2(JavadocHover.java:658)
	at org.eclipse.jdt.internal.ui.text.java.hover.BestMatchHover.getHoverInfo2(BestMatchHover.java:163)
	at org.eclipse.jdt.internal.ui.text.java.hover.BestMatchHover.getHoverInfo2(BestMatchHover.java:130)
	at org.eclipse.jdt.internal.ui.text.java.hover.JavaEditorTextHoverProxy.getHoverInfo2(JavaEditorTextHoverProxy.java:89)
	at org.eclipse.jface.text.TextViewerHoverManager$1.run(TextViewerHoverManager.java:155)

!ENTRY org.eclipse.jdt.core 4 4 2026-07-20 16:45:42.205
!MESSAGE Exception occurred during compilation unit conversion:
----------------------------------- SOURCE BEGIN -------------------------------------
package ex;

/*문]
	사용자로부터 임의의 정수를 입력받아 1부터 입력받은 정수까지의
	전체의 합계, 짝수의 합계, 홀수의 합을 각각 출력하시오.
	단, 10단위로 출력하시오.
	
    정수 입력 : 59
    1 ~ 10까지의 전체의 합 :
    1 ~ 10까지의 짝수의 합 :
    1 ~ 10까지의 홀수의 합 :
    
    1 ~ 20까지의 전체의 합 :
    1 ~ 20까지의 짝수의 합 :
    1 ~ 20까지의 홀수의 합 :
    
    1 ~ 30까지의 짝수의 합 :
    1 ~ 30까지의 홀수의 합 :
    1 ~ 30까지의 전체의 합 :
    
    1 ~ 40까지의 짝수의 합 :
    1 ~ 40까지의 홀수의 합 :
    1 ~ 40까지의 전체의 합 :
    
    1 ~ 50까지의 짝수의 합 :
    1 ~ 50까지의 홀수의 합 :
    1 ~ 50까지의 전체의 합 :
    
    1 ~ 59까지의 짝수의 합 :
    1 ~ 59까지의 홀수의 합 :
    1 ~ 59까지의 전체의 합 :
*/
import java.util.Scanner;
public class ForEX07 {

	public static void main(String[] args) {
		Scanner sc = new Scanner(System.in);
		
		int n, result = 0, odd=0, even=0;
		// 전체의 합: result, 짝수의 합:even, 홀수의 합: odd
		System.out.println("정수 입력 :");
		n = sc.nextInt();
		// 1부터 n까지 반복문을 실행한다.
		for(int i = 1; i <=n; i++) {
		result += i;
		   if(i >= 1 && i <=10) {
			   System.out.println("1 ~ 10까지의 전체의 합 :"+result);
		   }else(i >= 1 && i <=10)
		   System.out.println("1 ~ 10까지의 짝수의 합 :"+result); 
		   }else(i >= 1 && i <=10)
		   System.out.println("1 ~ 10까지의 홀수의 합 :"+result);
		
		
	}

}}

----------------------------------- SOURCE END -------------------------------------
!STACK 0
java.lang.IllegalArgumentException
	at org.eclipse.jdt.core.dom.InfixExpression.setOperator(InfixExpression.java:383)
	at org.eclipse.jdt.core.dom.ASTConverter.convert(ASTConverter.java:880)
	at org.eclipse.jdt.core.dom.ASTConverter.convert(ASTConverter.java:2022)
	at org.eclipse.jdt.core.dom.ASTConverter.convertToParenthesizedExpression(ASTConverter.java:3795)
	at org.eclipse.jdt.core.dom.ASTConverter.convert(ASTConverter.java:1943)
	at org.eclipse.jdt.core.dom.ASTConverter.convert(ASTConverter.java:1204)
	at org.eclipse.jdt.core.dom.ASTConverter.convert(ASTConverter.java:1974)
	at org.eclipse.jdt.core.dom.ASTConverter.convert(ASTConverter.java:3052)
	at org.eclipse.jdt.core.dom.ASTConverter.convert(ASTConverter.java:2219)
	at org.eclipse.jdt.core.dom.ASTConverter.convert(ASTConverter.java:2994)
	at org.eclipse.jdt.core.dom.ASTConverter.convert(ASTConverter.java:1383)
	at org.eclipse.jdt.core.dom.ASTConverter.convert(ASTConverter.java:2970)
	at org.eclipse.jdt.core.dom.ASTConverter.convert(ASTConverter.java:2204)
	at org.eclipse.jdt.core.dom.ASTConverter.convert(ASTConverter.java:2991)
	at org.eclipse.jdt.core.dom.ASTConverter.convert(ASTConverter.java:751)
	at org.eclipse.jdt.core.dom.ASTConverter.buildBodyDeclarations(ASTConverter.java:208)
	at org.eclipse.jdt.core.dom.ASTConverter.convert(ASTConverter.java:3347)
	at org.eclipse.jdt.core.dom.ASTConverter.convert(ASTConverter.java:1524)
	at org.eclipse.jdt.core.dom.CompilationUnitResolver.convert(CompilationUnitResolver.java:323)
	at org.eclipse.jdt.core.dom.ASTParser.internalCreateAST(ASTParser.java:1231)
	at org.eclipse.jdt.core.dom.ASTParser.createAST(ASTParser.java:820)
	at org.eclipse.jdt.core.manipulation.CoreASTProvider$1.run(CoreASTProvider.java:272)
	at org.eclipse.core.runtime.SafeRunner.run(SafeRunner.java:45)
	at org.eclipse.jdt.core.manipulation.CoreASTProvider.createAST(CoreASTProvider.java:264)
	at org.eclipse.jdt.core.manipulation.CoreASTProvider.getAST(CoreASTProvider.java:197)
	at org.eclipse.jdt.core.manipulation.SharedASTProviderCore.getAST(SharedASTProviderCore.java:138)
	at org.eclipse.jdt.internal.ui.text.java.hover.NLSStringHover.internalGetHoverInfo(NLSStringHover.java:139)
	at org.eclipse.jdt.internal.ui.text.java.hover.NLSStringHover.getHoverInfo2(NLSStringHover.java:118)
	at org.eclipse.jdt.internal.ui.text.java.hover.BestMatchHover.getHoverInfo2(BestMatchHover.java:163)
	at org.eclipse.jdt.internal.ui.text.java.hover.BestMatchHover.getHoverInfo2(BestMatchHover.java:130)
	at org.eclipse.jdt.internal.ui.text.java.hover.JavaEditorTextHoverProxy.getHoverInfo2(JavaEditorTextHoverProxy.java:89)
	at org.eclipse.jface.text.TextViewerHoverManager$1.run(TextViewerHoverManager.java:155)

!ENTRY org.eclipse.jdt.core.manipulation 4 2 2026-07-20 16:45:42.206
!MESSAGE Problems occurred when invoking code from plug-in: "org.eclipse.jdt.core.manipulation".
!STACK 0
java.lang.IllegalArgumentException
	at org.eclipse.jdt.core.dom.InfixExpression.setOperator(InfixExpression.java:383)
	at org.eclipse.jdt.core.dom.ASTConverter.convert(ASTConverter.java:880)
	at org.eclipse.jdt.core.dom.ASTConverter.convert(ASTConverter.java:2022)
	at org.eclipse.jdt.core.dom.ASTConverter.convertToParenthesizedExpression(ASTConverter.java:3795)
	at org.eclipse.jdt.core.dom.ASTConverter.convert(ASTConverter.java:1943)
	at org.eclipse.jdt.core.dom.ASTConverter.convert(ASTConverter.java:1204)
	at org.eclipse.jdt.core.dom.ASTConverter.convert(ASTConverter.java:1974)
	at org.eclipse.jdt.core.dom.ASTConverter.convert(ASTConverter.java:3052)
	at org.eclipse.jdt.core.dom.ASTConverter.convert(ASTConverter.java:2219)
	at org.eclipse.jdt.core.dom.ASTConverter.convert(ASTConverter.java:2994)
	at org.eclipse.jdt.core.dom.ASTConverter.convert(ASTConverter.java:1383)
	at org.eclipse.jdt.core.dom.ASTConverter.convert(ASTConverter.java:2970)
	at org.eclipse.jdt.core.dom.ASTConverter.convert(ASTConverter.java:2204)
	at org.eclipse.jdt.core.dom.ASTConverter.convert(ASTConverter.java:2991)
	at org.eclipse.jdt.core.dom.ASTConverter.convert(ASTConverter.java:751)
	at org.eclipse.jdt.core.dom.ASTConverter.buildBodyDeclarations(ASTConverter.java:208)
	at org.eclipse.jdt.core.dom.ASTConverter.convert(ASTConverter.java:3347)
	at org.eclipse.jdt.core.dom.ASTConverter.convert(ASTConverter.java:1524)
	at org.eclipse.jdt.core.dom.CompilationUnitResolver.convert(CompilationUnitResolver.java:323)
	at org.eclipse.jdt.core.dom.ASTParser.internalCreateAST(ASTParser.java:1231)
	at org.eclipse.jdt.core.dom.ASTParser.createAST(ASTParser.java:820)
	at org.eclipse.jdt.core.manipulation.CoreASTProvider$1.run(CoreASTProvider.java:272)
	at org.eclipse.core.runtime.SafeRunner.run(SafeRunner.java:45)
	at org.eclipse.jdt.core.manipulation.CoreASTProvider.createAST(CoreASTProvider.java:264)
	at org.eclipse.jdt.core.manipulation.CoreASTProvider.getAST(CoreASTProvider.java:197)
	at org.eclipse.jdt.core.manipulation.SharedASTProviderCore.getAST(SharedASTProviderCore.java:138)
	at org.eclipse.jdt.internal.ui.text.java.hover.NLSStringHover.internalGetHoverInfo(NLSStringHover.java:139)
	at org.eclipse.jdt.internal.ui.text.java.hover.NLSStringHover.getHoverInfo2(NLSStringHover.java:118)
	at org.eclipse.jdt.internal.ui.text.java.hover.BestMatchHover.getHoverInfo2(BestMatchHover.java:163)
	at org.eclipse.jdt.internal.ui.text.java.hover.BestMatchHover.getHoverInfo2(BestMatchHover.java:130)
	at org.eclipse.jdt.internal.ui.text.java.hover.JavaEditorTextHoverProxy.getHoverInfo2(JavaEditorTextHoverProxy.java:89)
	at org.eclipse.jface.text.TextViewerHoverManager$1.run(TextViewerHoverManager.java:155)

!ENTRY org.eclipse.jdt.core.manipulation 4 0 2026-07-20 16:45:42.206
!MESSAGE Error in JDT Core during AST creation
!STACK 0
java.lang.IllegalArgumentException
	at org.eclipse.jdt.core.dom.InfixExpression.setOperator(InfixExpression.java:383)
	at org.eclipse.jdt.core.dom.ASTConverter.convert(ASTConverter.java:880)
	at org.eclipse.jdt.core.dom.ASTConverter.convert(ASTConverter.java:2022)
	at org.eclipse.jdt.core.dom.ASTConverter.convertToParenthesizedExpression(ASTConverter.java:3795)
	at org.eclipse.jdt.core.dom.ASTConverter.convert(ASTConverter.java:1943)
	at org.eclipse.jdt.core.dom.ASTConverter.convert(ASTConverter.java:1204)
	at org.eclipse.jdt.core.dom.ASTConverter.convert(ASTConverter.java:1974)
	at org.eclipse.jdt.core.dom.ASTConverter.convert(ASTConverter.java:3052)
	at org.eclipse.jdt.core.dom.ASTConverter.convert(ASTConverter.java:2219)
	at org.eclipse.jdt.core.dom.ASTConverter.convert(ASTConverter.java:2994)
	at org.eclipse.jdt.core.dom.ASTConverter.convert(ASTConverter.java:1383)
	at org.eclipse.jdt.core.dom.ASTConverter.convert(ASTConverter.java:2970)
	at org.eclipse.jdt.core.dom.ASTConverter.convert(ASTConverter.java:2204)
	at org.eclipse.jdt.core.dom.ASTConverter.convert(ASTConverter.java:2991)
	at org.eclipse.jdt.core.dom.ASTConverter.convert(ASTConverter.java:751)
	at org.eclipse.jdt.core.dom.ASTConverter.buildBodyDeclarations(ASTConverter.java:208)
	at org.eclipse.jdt.core.dom.ASTConverter.convert(ASTConverter.java:3347)
	at org.eclipse.jdt.core.dom.ASTConverter.convert(ASTConverter.java:1524)
	at org.eclipse.jdt.core.dom.CompilationUnitResolver.convert(CompilationUnitResolver.java:323)
	at org.eclipse.jdt.core.dom.ASTParser.internalCreateAST(ASTParser.java:1231)
	at org.eclipse.jdt.core.dom.ASTParser.createAST(ASTParser.java:820)
	at org.eclipse.jdt.core.manipulation.CoreASTProvider$1.run(CoreASTProvider.java:272)
	at org.eclipse.core.runtime.SafeRunner.run(SafeRunner.java:45)
	at org.eclipse.jdt.core.manipulation.CoreASTProvider.createAST(CoreASTProvider.java:264)
	at org.eclipse.jdt.core.manipulation.CoreASTProvider.getAST(CoreASTProvider.java:197)
	at org.eclipse.jdt.core.manipulation.SharedASTProviderCore.getAST(SharedASTProviderCore.java:138)
	at org.eclipse.jdt.internal.ui.text.java.hover.NLSStringHover.internalGetHoverInfo(NLSStringHover.java:139)
	at org.eclipse.jdt.internal.ui.text.java.hover.NLSStringHover.getHoverInfo2(NLSStringHover.java:118)
	at org.eclipse.jdt.internal.ui.text.java.hover.BestMatchHover.getHoverInfo2(BestMatchHover.java:163)
	at org.eclipse.jdt.internal.ui.text.java.hover.BestMatchHover.getHoverInfo2(BestMatchHover.java:130)
	at org.eclipse.jdt.internal.ui.text.java.hover.JavaEditorTextHoverProxy.getHoverInfo2(JavaEditorTextHoverProxy.java:89)
	at org.eclipse.jface.text.TextViewerHoverManager$1.run(TextViewerHoverManager.java:155)

!ENTRY org.eclipse.jdt.core 4 4 2026-07-20 16:45:56.582
!MESSAGE Exception occurred during compilation unit conversion:
----------------------------------- SOURCE BEGIN -------------------------------------
package ex;

/*문]
	사용자로부터 임의의 정수를 입력받아 1부터 입력받은 정수까지의
	전체의 합계, 짝수의 합계, 홀수의 합을 각각 출력하시오.
	단, 10단위로 출력하시오.
	
    정수 입력 : 59
    1 ~ 10까지의 전체의 합 :
    1 ~ 10까지의 짝수의 합 :
    1 ~ 10까지의 홀수의 합 :
    
    1 ~ 20까지의 전체의 합 :
    1 ~ 20까지의 짝수의 합 :
    1 ~ 20까지의 홀수의 합 :
    
    1 ~ 30까지의 짝수의 합 :
    1 ~ 30까지의 홀수의 합 :
    1 ~ 30까지의 전체의 합 :
    
    1 ~ 40까지의 짝수의 합 :
    1 ~ 40까지의 홀수의 합 :
    1 ~ 40까지의 전체의 합 :
    
    1 ~ 50까지의 짝수의 합 :
    1 ~ 50까지의 홀수의 합 :
    1 ~ 50까지의 전체의 합 :
    
    1 ~ 59까지의 짝수의 합 :
    1 ~ 59까지의 홀수의 합 :
    1 ~ 59까지의 전체의 합 :
*/
import java.util.Scanner;
public class ForEX07 {

	public static void main(String[] args) {
		Scanner sc = new Scanner(System.in);
		
		int n, result = 0, odd=0, even=0;
		// 전체의 합: result, 짝수의 합:even, 홀수의 합: odd
		System.out.println("정수 입력 :");
		n = sc.nextInt();
		// 1부터 n까지 반복문을 실행한다.
		for(int i = 1; i <=n; i++) {
		result += i;
		   if(i >= 1 && i <=10) {
			   System.out.println("1 ~ 10까지의 전체의 합 :"+result);
		   }else(i >= 1 && i <=10)
		   System.out.println("1 ~ 10까지의 짝수의 합 :"+result); 
		   }else(i >= 1 && i <=10)
		   System.out.println("1 ~ 10까지의 홀수의 합 :"+result);
		
		
	}

}}

----------------------------------- SOURCE END -------------------------------------
!STACK 0
java.lang.IllegalArgumentException
	at org.eclipse.jdt.core.dom.InfixExpression.setOperator(InfixExpression.java:383)
	at org.eclipse.jdt.core.dom.ASTConverter.convert(ASTConverter.java:880)
	at org.eclipse.jdt.core.dom.ASTConverter.convert(ASTConverter.java:2022)
	at org.eclipse.jdt.core.dom.ASTConverter.convertToParenthesizedExpression(ASTConverter.java:3795)
	at org.eclipse.jdt.core.dom.ASTConverter.convert(ASTConverter.java:1943)
	at org.eclipse.jdt.core.dom.ASTConverter.convert(ASTConverter.java:1204)
	at org.eclipse.jdt.core.dom.ASTConverter.convert(ASTConverter.java:1974)
	at org.eclipse.jdt.core.dom.ASTConverter.convert(ASTConverter.java:3052)
	at org.eclipse.jdt.core.dom.ASTConverter.convert(ASTConverter.java:2219)
	at org.eclipse.jdt.core.dom.ASTConverter.convert(ASTConverter.java:2994)
	at org.eclipse.jdt.core.dom.ASTConverter.convert(ASTConverter.java:1383)
	at org.eclipse.jdt.core.dom.ASTConverter.convert(ASTConverter.java:2970)
	at org.eclipse.jdt.core.dom.ASTConverter.convert(ASTConverter.java:2204)
	at org.eclipse.jdt.core.dom.ASTConverter.convert(ASTConverter.java:2991)
	at org.eclipse.jdt.core.dom.ASTConverter.convert(ASTConverter.java:751)
	at org.eclipse.jdt.core.dom.ASTConverter.buildBodyDeclarations(ASTConverter.java:208)
	at org.eclipse.jdt.core.dom.ASTConverter.convert(ASTConverter.java:3347)
	at org.eclipse.jdt.core.dom.ASTConverter.convert(ASTConverter.java:1524)
	at org.eclipse.jdt.core.dom.CompilationUnitResolver.convert(CompilationUnitResolver.java:323)
	at org.eclipse.jdt.core.dom.ASTParser.internalCreateAST(ASTParser.java:1231)
	at org.eclipse.jdt.core.dom.ASTParser.createAST(ASTParser.java:820)
	at org.eclipse.jdt.core.manipulation.CoreASTProvider$1.run(CoreASTProvider.java:272)
	at org.eclipse.core.runtime.SafeRunner.run(SafeRunner.java:45)
	at org.eclipse.jdt.core.manipulation.CoreASTProvider.createAST(CoreASTProvider.java:264)
	at org.eclipse.jdt.core.manipulation.CoreASTProvider.getAST(CoreASTProvider.java:197)
	at org.eclipse.jdt.core.manipulation.SharedASTProviderCore.getAST(SharedASTProviderCore.java:138)
	at org.eclipse.jdt.internal.ui.text.correction.AssistContext.getASTRoot(AssistContext.java:128)
	at org.eclipse.jdt.internal.ui.text.java.hover.ProblemHover$ProblemInfo.getJavaAnnotationFixes(ProblemHover.java:101)
	at org.eclipse.jdt.internal.ui.text.java.hover.ProblemHover$ProblemInfo.getCompletionProposals(ProblemHover.java:79)
	at org.eclipse.jdt.internal.ui.text.java.hover.AbstractAnnotationHover$AnnotationInformationControl.deferredCreateContent(AbstractAnnotationHover.java:304)
	at org.eclipse.jdt.internal.ui.text.java.hover.AbstractAnnotationHover$AnnotationInformationControl.setInput(AbstractAnnotationHover.java:190)
	at org.eclipse.jface.text.AbstractInformationControlManager.internalShowInformationControl(AbstractInformationControlManager.java:1151)
	at org.eclipse.jface.text.AbstractInformationControlManager.presentInformation(AbstractInformationControlManager.java:1120)
	at org.eclipse.jface.text.AbstractHoverInformationControlManager.presentInformation(AbstractHoverInformationControlManager.java:884)
	at org.eclipse.jface.text.TextViewerHoverManager.doPresentInformation(TextViewerHoverManager.java:237)
	at org.eclipse.jface.text.TextViewerHoverManager.lambda$3(TextViewerHoverManager.java:227)
	at org.eclipse.swt.widgets.RunnableLock.run(RunnableLock.java:40)
	at org.eclipse.swt.widgets.Synchronizer.runAsyncMessages(Synchronizer.java:185)
	at org.eclipse.swt.widgets.Display.runAsyncMessages(Display.java:4001)
	at org.eclipse.swt.widgets.Display.readAndDispatch(Display.java:3629)
	at org.eclipse.e4.ui.internal.workbench.swt.PartRenderingEngine$5.run(PartRenderingEngine.java:1157)
	at org.eclipse.core.databinding.observable.Realm.runWithDefault(Realm.java:338)
	at org.eclipse.e4.ui.internal.workbench.swt.PartRenderingEngine.run(PartRenderingEngine.java:1046)
	at org.eclipse.e4.ui.internal.workbench.E4Workbench.createAndRunUI(E4Workbench.java:155)
	at org.eclipse.ui.internal.Workbench.lambda$3(Workbench.java:644)
	at org.eclipse.core.databinding.observable.Realm.runWithDefault(Realm.java:338)
	at org.eclipse.ui.internal.Workbench.createAndRunWorkbench(Workbench.java:551)
	at org.eclipse.ui.PlatformUI.createAndRunWorkbench(PlatformUI.java:156)
	at org.eclipse.ui.internal.ide.application.IDEApplication.start(IDEApplication.java:152)
	at org.eclipse.equinox.internal.app.EclipseAppHandle.run(EclipseAppHandle.java:203)
	at org.eclipse.core.runtime.internal.adaptor.EclipseAppLauncher.runApplication(EclipseAppLauncher.java:134)
	at org.eclipse.core.runtime.internal.adaptor.EclipseAppLauncher.start(EclipseAppLauncher.java:104)
	at org.eclipse.core.runtime.adaptor.EclipseStarter.run(EclipseStarter.java:401)
	at org.eclipse.core.runtime.adaptor.EclipseStarter.run(EclipseStarter.java:255)
	at java.base/jdk.internal.reflect.NativeMethodAccessorImpl.invoke0(Native Method)
	at java.base/jdk.internal.reflect.NativeMethodAccessorImpl.invoke(NativeMethodAccessorImpl.java:78)
	at java.base/jdk.internal.reflect.DelegatingMethodAccessorImpl.invoke(DelegatingMethodAccessorImpl.java:43)
	at java.base/java.lang.reflect.Method.invoke(Method.java:567)
	at org.eclipse.equinox.launcher.Main.invokeFramework(Main.java:654)
	at org.eclipse.equinox.launcher.Main.basicRun(Main.java:591)
	at org.eclipse.equinox.launcher.Main.run(Main.java:1462)

!ENTRY org.eclipse.jdt.core.manipulation 4 2 2026-07-20 16:45:56.583
!MESSAGE Problems occurred when invoking code from plug-in: "org.eclipse.jdt.core.manipulation".
!STACK 0
java.lang.IllegalArgumentException
	at org.eclipse.jdt.core.dom.InfixExpression.setOperator(InfixExpression.java:383)
	at org.eclipse.jdt.core.dom.ASTConverter.convert(ASTConverter.java:880)
	at org.eclipse.jdt.core.dom.ASTConverter.convert(ASTConverter.java:2022)
	at org.eclipse.jdt.core.dom.ASTConverter.convertToParenthesizedExpression(ASTConverter.java:3795)
	at org.eclipse.jdt.core.dom.ASTConverter.convert(ASTConverter.java:1943)
	at org.eclipse.jdt.core.dom.ASTConverter.convert(ASTConverter.java:1204)
	at org.eclipse.jdt.core.dom.ASTConverter.convert(ASTConverter.java:1974)
	at org.eclipse.jdt.core.dom.ASTConverter.convert(ASTConverter.java:3052)
	at org.eclipse.jdt.core.dom.ASTConverter.convert(ASTConverter.java:2219)
	at org.eclipse.jdt.core.dom.ASTConverter.convert(ASTConverter.java:2994)
	at org.eclipse.jdt.core.dom.ASTConverter.convert(ASTConverter.java:1383)
	at org.eclipse.jdt.core.dom.ASTConverter.convert(ASTConverter.java:2970)
	at org.eclipse.jdt.core.dom.ASTConverter.convert(ASTConverter.java:2204)
	at org.eclipse.jdt.core.dom.ASTConverter.convert(ASTConverter.java:2991)
	at org.eclipse.jdt.core.dom.ASTConverter.convert(ASTConverter.java:751)
	at org.eclipse.jdt.core.dom.ASTConverter.buildBodyDeclarations(ASTConverter.java:208)
	at org.eclipse.jdt.core.dom.ASTConverter.convert(ASTConverter.java:3347)
	at org.eclipse.jdt.core.dom.ASTConverter.convert(ASTConverter.java:1524)
	at org.eclipse.jdt.core.dom.CompilationUnitResolver.convert(CompilationUnitResolver.java:323)
	at org.eclipse.jdt.core.dom.ASTParser.internalCreateAST(ASTParser.java:1231)
	at org.eclipse.jdt.core.dom.ASTParser.createAST(ASTParser.java:820)
	at org.eclipse.jdt.core.manipulation.CoreASTProvider$1.run(CoreASTProvider.java:272)
	at org.eclipse.core.runtime.SafeRunner.run(SafeRunner.java:45)
	at org.eclipse.jdt.core.manipulation.CoreASTProvider.createAST(CoreASTProvider.java:264)
	at org.eclipse.jdt.core.manipulation.CoreASTProvider.getAST(CoreASTProvider.java:197)
	at org.eclipse.jdt.core.manipulation.SharedASTProviderCore.getAST(SharedASTProviderCore.java:138)
	at org.eclipse.jdt.internal.ui.text.correction.AssistContext.getASTRoot(AssistContext.java:128)
	at org.eclipse.jdt.internal.ui.text.java.hover.ProblemHover$ProblemInfo.getJavaAnnotationFixes(ProblemHover.java:101)
	at org.eclipse.jdt.internal.ui.text.java.hover.ProblemHover$ProblemInfo.getCompletionProposals(ProblemHover.java:79)
	at org.eclipse.jdt.internal.ui.text.java.hover.AbstractAnnotationHover$AnnotationInformationControl.deferredCreateContent(AbstractAnnotationHover.java:304)
	at org.eclipse.jdt.internal.ui.text.java.hover.AbstractAnnotationHover$AnnotationInformationControl.setInput(AbstractAnnotationHover.java:190)
	at org.eclipse.jface.text.AbstractInformationControlManager.internalShowInformationControl(AbstractInformationControlManager.java:1151)
	at org.eclipse.jface.text.AbstractInformationControlManager.presentInformation(AbstractInformationControlManager.java:1120)
	at org.eclipse.jface.text.AbstractHoverInformationControlManager.presentInformation(AbstractHoverInformationControlManager.java:884)
	at org.eclipse.jface.text.TextViewerHoverManager.doPresentInformation(TextViewerHoverManager.java:237)
	at org.eclipse.jface.text.TextViewerHoverManager.lambda$3(TextViewerHoverManager.java:227)
	at org.eclipse.swt.widgets.RunnableLock.run(RunnableLock.java:40)
	at org.eclipse.swt.widgets.Synchronizer.runAsyncMessages(Synchronizer.java:185)
	at org.eclipse.swt.widgets.Display.runAsyncMessages(Display.java:4001)
	at org.eclipse.swt.widgets.Display.readAndDispatch(Display.java:3629)
	at org.eclipse.e4.ui.internal.workbench.swt.PartRenderingEngine$5.run(PartRenderingEngine.java:1157)
	at org.eclipse.core.databinding.observable.Realm.runWithDefault(Realm.java:338)
	at org.eclipse.e4.ui.internal.workbench.swt.PartRenderingEngine.run(PartRenderingEngine.java:1046)
	at org.eclipse.e4.ui.internal.workbench.E4Workbench.createAndRunUI(E4Workbench.java:155)
	at org.eclipse.ui.internal.Workbench.lambda$3(Workbench.java:644)
	at org.eclipse.core.databinding.observable.Realm.runWithDefault(Realm.java:338)
	at org.eclipse.ui.internal.Workbench.createAndRunWorkbench(Workbench.java:551)
	at org.eclipse.ui.PlatformUI.createAndRunWorkbench(PlatformUI.java:156)
	at org.eclipse.ui.internal.ide.application.IDEApplication.start(IDEApplication.java:152)
	at org.eclipse.equinox.internal.app.EclipseAppHandle.run(EclipseAppHandle.java:203)
	at org.eclipse.core.runtime.internal.adaptor.EclipseAppLauncher.runApplication(EclipseAppLauncher.java:134)
	at org.eclipse.core.runtime.internal.adaptor.EclipseAppLauncher.start(EclipseAppLauncher.java:104)
	at org.eclipse.core.runtime.adaptor.EclipseStarter.run(EclipseStarter.java:401)
	at org.eclipse.core.runtime.adaptor.EclipseStarter.run(EclipseStarter.java:255)
	at java.base/jdk.internal.reflect.NativeMethodAccessorImpl.invoke0(Native Method)
	at java.base/jdk.internal.reflect.NativeMethodAccessorImpl.invoke(NativeMethodAccessorImpl.java:78)
	at java.base/jdk.internal.reflect.DelegatingMethodAccessorImpl.invoke(DelegatingMethodAccessorImpl.java:43)
	at java.base/java.lang.reflect.Method.invoke(Method.java:567)
	at org.eclipse.equinox.launcher.Main.invokeFramework(Main.java:654)
	at org.eclipse.equinox.launcher.Main.basicRun(Main.java:591)
	at org.eclipse.equinox.launcher.Main.run(Main.java:1462)

!ENTRY org.eclipse.jdt.core.manipulation 4 0 2026-07-20 16:45:56.583
!MESSAGE Error in JDT Core during AST creation
!STACK 0
java.lang.IllegalArgumentException
	at org.eclipse.jdt.core.dom.InfixExpression.setOperator(InfixExpression.java:383)
	at org.eclipse.jdt.core.dom.ASTConverter.convert(ASTConverter.java:880)
	at org.eclipse.jdt.core.dom.ASTConverter.convert(ASTConverter.java:2022)
	at org.eclipse.jdt.core.dom.ASTConverter.convertToParenthesizedExpression(ASTConverter.java:3795)
	at org.eclipse.jdt.core.dom.ASTConverter.convert(ASTConverter.java:1943)
	at org.eclipse.jdt.core.dom.ASTConverter.convert(ASTConverter.java:1204)
	at org.eclipse.jdt.core.dom.ASTConverter.convert(ASTConverter.java:1974)
	at org.eclipse.jdt.core.dom.ASTConverter.convert(ASTConverter.java:3052)
	at org.eclipse.jdt.core.dom.ASTConverter.convert(ASTConverter.java:2219)
	at org.eclipse.jdt.core.dom.ASTConverter.convert(ASTConverter.java:2994)
	at org.eclipse.jdt.core.dom.ASTConverter.convert(ASTConverter.java:1383)
	at org.eclipse.jdt.core.dom.ASTConverter.convert(ASTConverter.java:2970)
	at org.eclipse.jdt.core.dom.ASTConverter.convert(ASTConverter.java:2204)
	at org.eclipse.jdt.core.dom.ASTConverter.convert(ASTConverter.java:2991)
	at org.eclipse.jdt.core.dom.ASTConverter.convert(ASTConverter.java:751)
	at org.eclipse.jdt.core.dom.ASTConverter.buildBodyDeclarations(ASTConverter.java:208)
	at org.eclipse.jdt.core.dom.ASTConverter.convert(ASTConverter.java:3347)
	at org.eclipse.jdt.core.dom.ASTConverter.convert(ASTConverter.java:1524)
	at org.eclipse.jdt.core.dom.CompilationUnitResolver.convert(CompilationUnitResolver.java:323)
	at org.eclipse.jdt.core.dom.ASTParser.internalCreateAST(ASTParser.java:1231)
	at org.eclipse.jdt.core.dom.ASTParser.createAST(ASTParser.java:820)
	at org.eclipse.jdt.core.manipulation.CoreASTProvider$1.run(CoreASTProvider.java:272)
	at org.eclipse.core.runtime.SafeRunner.run(SafeRunner.java:45)
	at org.eclipse.jdt.core.manipulation.CoreASTProvider.createAST(CoreASTProvider.java:264)
	at org.eclipse.jdt.core.manipulation.CoreASTProvider.getAST(CoreASTProvider.java:197)
	at org.eclipse.jdt.core.manipulation.SharedASTProviderCore.getAST(SharedASTProviderCore.java:138)
	at org.eclipse.jdt.internal.ui.text.correction.AssistContext.getASTRoot(AssistContext.java:128)
	at org.eclipse.jdt.internal.ui.text.java.hover.ProblemHover$ProblemInfo.getJavaAnnotationFixes(ProblemHover.java:101)
	at org.eclipse.jdt.internal.ui.text.java.hover.ProblemHover$ProblemInfo.getCompletionProposals(ProblemHover.java:79)
	at org.eclipse.jdt.internal.ui.text.java.hover.AbstractAnnotationHover$AnnotationInformationControl.deferredCreateContent(AbstractAnnotationHover.java:304)
	at org.eclipse.jdt.internal.ui.text.java.hover.AbstractAnnotationHover$AnnotationInformationControl.setInput(AbstractAnnotationHover.java:190)
	at org.eclipse.jface.text.AbstractInformationControlManager.internalShowInformationControl(AbstractInformationControlManager.java:1151)
	at org.eclipse.jface.text.AbstractInformationControlManager.presentInformation(AbstractInformationControlManager.java:1120)
	at org.eclipse.jface.text.AbstractHoverInformationControlManager.presentInformation(AbstractHoverInformationControlManager.java:884)
	at org.eclipse.jface.text.TextViewerHoverManager.doPresentInformation(TextViewerHoverManager.java:237)
	at org.eclipse.jface.text.TextViewerHoverManager.lambda$3(TextViewerHoverManager.java:227)
	at org.eclipse.swt.widgets.RunnableLock.run(RunnableLock.java:40)
	at org.eclipse.swt.widgets.Synchronizer.runAsyncMessages(Synchronizer.java:185)
	at org.eclipse.swt.widgets.Display.runAsyncMessages(Display.java:4001)
	at org.eclipse.swt.widgets.Display.readAndDispatch(Display.java:3629)
	at org.eclipse.e4.ui.internal.workbench.swt.PartRenderingEngine$5.run(PartRenderingEngine.java:1157)
	at org.eclipse.core.databinding.observable.Realm.runWithDefault(Realm.java:338)
	at org.eclipse.e4.ui.internal.workbench.swt.PartRenderingEngine.run(PartRenderingEngine.java:1046)
	at org.eclipse.e4.ui.internal.workbench.E4Workbench.createAndRunUI(E4Workbench.java:155)
	at org.eclipse.ui.internal.Workbench.lambda$3(Workbench.java:644)
	at org.eclipse.core.databinding.observable.Realm.runWithDefault(Realm.java:338)
	at org.eclipse.ui.internal.Workbench.createAndRunWorkbench(Workbench.java:551)
	at org.eclipse.ui.PlatformUI.createAndRunWorkbench(PlatformUI.java:156)
	at org.eclipse.ui.internal.ide.application.IDEApplication.start(IDEApplication.java:152)
	at org.eclipse.equinox.internal.app.EclipseAppHandle.run(EclipseAppHandle.java:203)
	at org.eclipse.core.runtime.internal.adaptor.EclipseAppLauncher.runApplication(EclipseAppLauncher.java:134)
	at org.eclipse.core.runtime.internal.adaptor.EclipseAppLauncher.start(EclipseAppLauncher.java:104)
	at org.eclipse.core.runtime.adaptor.EclipseStarter.run(EclipseStarter.java:401)
	at org.eclipse.core.runtime.adaptor.EclipseStarter.run(EclipseStarter.java:255)
	at java.base/jdk.internal.reflect.NativeMethodAccessorImpl.invoke0(Native Method)
	at java.base/jdk.internal.reflect.NativeMethodAccessorImpl.invoke(NativeMethodAccessorImpl.java:78)
	at java.base/jdk.internal.reflect.DelegatingMethodAccessorImpl.invoke(DelegatingMethodAccessorImpl.java:43)
	at java.base/java.lang.reflect.Method.invoke(Method.java:567)
	at org.eclipse.equinox.launcher.Main.invokeFramework(Main.java:654)
	at org.eclipse.equinox.launcher.Main.basicRun(Main.java:591)
	at org.eclipse.equinox.launcher.Main.run(Main.java:1462)

!ENTRY org.eclipse.jdt.core 4 4 2026-07-20 16:45:56.585
!MESSAGE Exception occurred during compilation unit conversion:
----------------------------------- SOURCE BEGIN -------------------------------------
package ex;

/*문]
	사용자로부터 임의의 정수를 입력받아 1부터 입력받은 정수까지의
	전체의 합계, 짝수의 합계, 홀수의 합을 각각 출력하시오.
	단, 10단위로 출력하시오.
	
    정수 입력 : 59
    1 ~ 10까지의 전체의 합 :
    1 ~ 10까지의 짝수의 합 :
    1 ~ 10까지의 홀수의 합 :
    
    1 ~ 20까지의 전체의 합 :
    1 ~ 20까지의 짝수의 합 :
    1 ~ 20까지의 홀수의 합 :
    
    1 ~ 30까지의 짝수의 합 :
    1 ~ 30까지의 홀수의 합 :
    1 ~ 30까지의 전체의 합 :
    
    1 ~ 40까지의 짝수의 합 :
    1 ~ 40까지의 홀수의 합 :
    1 ~ 40까지의 전체의 합 :
    
    1 ~ 50까지의 짝수의 합 :
    1 ~ 50까지의 홀수의 합 :
    1 ~ 50까지의 전체의 합 :
    
    1 ~ 59까지의 짝수의 합 :
    1 ~ 59까지의 홀수의 합 :
    1 ~ 59까지의 전체의 합 :
*/
import java.util.Scanner;
public class ForEX07 {

	public static void main(String[] args) {
		Scanner sc = new Scanner(System.in);
		
		int n, result = 0, odd=0, even=0;
		// 전체의 합: result, 짝수의 합:even, 홀수의 합: odd
		System.out.println("정수 입력 :");
		n = sc.nextInt();
		// 1부터 n까지 반복문을 실행한다.
		for(int i = 1; i <=n; i++) {
		result += i;
		   if(i >= 1 && i <=10) {
			   System.out.println("1 ~ 10까지의 전체의 합 :"+result);
		   }else(i >= 1 && i <=10)
		   System.out.println("1 ~ 10까지의 짝수의 합 :"+result); 
		   }else(i >= 1 && i <=10)
		   System.out.println("1 ~ 10까지의 홀수의 합 :"+result);
		
		
	}

}}

----------------------------------- SOURCE END -------------------------------------
!STACK 0
java.lang.IllegalArgumentException
	at org.eclipse.jdt.core.dom.InfixExpression.setOperator(InfixExpression.java:383)
	at org.eclipse.jdt.core.dom.ASTConverter.convert(ASTConverter.java:880)
	at org.eclipse.jdt.core.dom.ASTConverter.convert(ASTConverter.java:2022)
	at org.eclipse.jdt.core.dom.ASTConverter.convertToParenthesizedExpression(ASTConverter.java:3795)
	at org.eclipse.jdt.core.dom.ASTConverter.convert(ASTConverter.java:1943)
	at org.eclipse.jdt.core.dom.ASTConverter.convert(ASTConverter.java:1204)
	at org.eclipse.jdt.core.dom.ASTConverter.convert(ASTConverter.java:1974)
	at org.eclipse.jdt.core.dom.ASTConverter.convert(ASTConverter.java:3052)
	at org.eclipse.jdt.core.dom.ASTConverter.convert(ASTConverter.java:2219)
	at org.eclipse.jdt.core.dom.ASTConverter.convert(ASTConverter.java:2994)
	at org.eclipse.jdt.core.dom.ASTConverter.convert(ASTConverter.java:1383)
	at org.eclipse.jdt.core.dom.ASTConverter.convert(ASTConverter.java:2970)
	at org.eclipse.jdt.core.dom.ASTConverter.convert(ASTConverter.java:2204)
	at org.eclipse.jdt.core.dom.ASTConverter.convert(ASTConverter.java:2991)
	at org.eclipse.jdt.core.dom.ASTConverter.convert(ASTConverter.java:751)
	at org.eclipse.jdt.core.dom.ASTConverter.buildBodyDeclarations(ASTConverter.java:208)
	at org.eclipse.jdt.core.dom.ASTConverter.convert(ASTConverter.java:3347)
	at org.eclipse.jdt.core.dom.ASTConverter.convert(ASTConverter.java:1524)
	at org.eclipse.jdt.core.dom.CompilationUnitResolver.convert(CompilationUnitResolver.java:323)
	at org.eclipse.jdt.core.dom.ASTParser.internalCreateAST(ASTParser.java:1231)
	at org.eclipse.jdt.core.dom.ASTParser.createAST(ASTParser.java:820)
	at org.eclipse.jdt.internal.core.manipulation.dom.ASTResolving.createQuickFixAST(ASTResolving.java:1052)
	at org.eclipse.jdt.internal.ui.text.correction.AssistContext.getASTRoot(AssistContext.java:131)
	at org.eclipse.jdt.internal.ui.text.java.hover.ProblemHover$ProblemInfo.getJavaAnnotationFixes(ProblemHover.java:101)
	at org.eclipse.jdt.internal.ui.text.java.hover.ProblemHover$ProblemInfo.getCompletionProposals(ProblemHover.java:79)
	at org.eclipse.jdt.internal.ui.text.java.hover.AbstractAnnotationHover$AnnotationInformationControl.deferredCreateContent(AbstractAnnotationHover.java:304)
	at org.eclipse.jdt.internal.ui.text.java.hover.AbstractAnnotationHover$AnnotationInformationControl.setInput(AbstractAnnotationHover.java:190)
	at org.eclipse.jface.text.AbstractInformationControlManager.internalShowInformationControl(AbstractInformationControlManager.java:1151)
	at org.eclipse.jface.text.AbstractInformationControlManager.presentInformation(AbstractInformationControlManager.java:1120)
	at org.eclipse.jface.text.AbstractHoverInformationControlManager.presentInformation(AbstractHoverInformationControlManager.java:884)
	at org.eclipse.jface.text.TextViewerHoverManager.doPresentInformation(TextViewerHoverManager.java:237)
	at org.eclipse.jface.text.TextViewerHoverManager.lambda$3(TextViewerHoverManager.java:227)
	at org.eclipse.swt.widgets.RunnableLock.run(RunnableLock.java:40)
	at org.eclipse.swt.widgets.Synchronizer.runAsyncMessages(Synchronizer.java:185)
	at org.eclipse.swt.widgets.Display.runAsyncMessages(Display.java:4001)
	at org.eclipse.swt.widgets.Display.readAndDispatch(Display.java:3629)
	at org.eclipse.e4.ui.internal.workbench.swt.PartRenderingEngine$5.run(PartRenderingEngine.java:1157)
	at org.eclipse.core.databinding.observable.Realm.runWithDefault(Realm.java:338)
	at org.eclipse.e4.ui.internal.workbench.swt.PartRenderingEngine.run(PartRenderingEngine.java:1046)
	at org.eclipse.e4.ui.internal.workbench.E4Workbench.createAndRunUI(E4Workbench.java:155)
	at org.eclipse.ui.internal.Workbench.lambda$3(Workbench.java:644)
	at org.eclipse.core.databinding.observable.Realm.runWithDefault(Realm.java:338)
	at org.eclipse.ui.internal.Workbench.createAndRunWorkbench(Workbench.java:551)
	at org.eclipse.ui.PlatformUI.createAndRunWorkbench(PlatformUI.java:156)
	at org.eclipse.ui.internal.ide.application.IDEApplication.start(IDEApplication.java:152)
	at org.eclipse.equinox.internal.app.EclipseAppHandle.run(EclipseAppHandle.java:203)
	at org.eclipse.core.runtime.internal.adaptor.EclipseAppLauncher.runApplication(EclipseAppLauncher.java:134)
	at org.eclipse.core.runtime.internal.adaptor.EclipseAppLauncher.start(EclipseAppLauncher.java:104)
	at org.eclipse.core.runtime.adaptor.EclipseStarter.run(EclipseStarter.java:401)
	at org.eclipse.core.runtime.adaptor.EclipseStarter.run(EclipseStarter.java:255)
	at java.base/jdk.internal.reflect.NativeMethodAccessorImpl.invoke0(Native Method)
	at java.base/jdk.internal.reflect.NativeMethodAccessorImpl.invoke(NativeMethodAccessorImpl.java:78)
	at java.base/jdk.internal.reflect.DelegatingMethodAccessorImpl.invoke(DelegatingMethodAccessorImpl.java:43)
	at java.base/java.lang.reflect.Method.invoke(Method.java:567)
	at org.eclipse.equinox.launcher.Main.invokeFramework(Main.java:654)
	at org.eclipse.equinox.launcher.Main.basicRun(Main.java:591)
	at org.eclipse.equinox.launcher.Main.run(Main.java:1462)

!ENTRY org.eclipse.ui 4 0 2026-07-20 16:45:56.586
!MESSAGE Unhandled event loop exception
!STACK 0
java.lang.IllegalArgumentException
	at org.eclipse.jdt.core.dom.InfixExpression.setOperator(InfixExpression.java:383)
	at org.eclipse.jdt.core.dom.ASTConverter.convert(ASTConverter.java:880)
	at org.eclipse.jdt.core.dom.ASTConverter.convert(ASTConverter.java:2022)
	at org.eclipse.jdt.core.dom.ASTConverter.convertToParenthesizedExpression(ASTConverter.java:3795)
	at org.eclipse.jdt.core.dom.ASTConverter.convert(ASTConverter.java:1943)
	at org.eclipse.jdt.core.dom.ASTConverter.convert(ASTConverter.java:1204)
	at org.eclipse.jdt.core.dom.ASTConverter.convert(ASTConverter.java:1974)
	at org.eclipse.jdt.core.dom.ASTConverter.convert(ASTConverter.java:3052)
	at org.eclipse.jdt.core.dom.ASTConverter.convert(ASTConverter.java:2219)
	at org.eclipse.jdt.core.dom.ASTConverter.convert(ASTConverter.java:2994)
	at org.eclipse.jdt.core.dom.ASTConverter.convert(ASTConverter.java:1383)
	at org.eclipse.jdt.core.dom.ASTConverter.convert(ASTConverter.java:2970)
	at org.eclipse.jdt.core.dom.ASTConverter.convert(ASTConverter.java:2204)
	at org.eclipse.jdt.core.dom.ASTConverter.convert(ASTConverter.java:2991)
	at org.eclipse.jdt.core.dom.ASTConverter.convert(ASTConverter.java:751)
	at org.eclipse.jdt.core.dom.ASTConverter.buildBodyDeclarations(ASTConverter.java:208)
	at org.eclipse.jdt.core.dom.ASTConverter.convert(ASTConverter.java:3347)
	at org.eclipse.jdt.core.dom.ASTConverter.convert(ASTConverter.java:1524)
	at org.eclipse.jdt.core.dom.CompilationUnitResolver.convert(CompilationUnitResolver.java:323)
	at org.eclipse.jdt.core.dom.ASTParser.internalCreateAST(ASTParser.java:1231)
	at org.eclipse.jdt.core.dom.ASTParser.createAST(ASTParser.java:820)
	at org.eclipse.jdt.internal.core.manipulation.dom.ASTResolving.createQuickFixAST(ASTResolving.java:1052)
	at org.eclipse.jdt.internal.ui.text.correction.AssistContext.getASTRoot(AssistContext.java:131)
	at org.eclipse.jdt.internal.ui.text.java.hover.ProblemHover$ProblemInfo.getJavaAnnotationFixes(ProblemHover.java:101)
	at org.eclipse.jdt.internal.ui.text.java.hover.ProblemHover$ProblemInfo.getCompletionProposals(ProblemHover.java:79)
	at org.eclipse.jdt.internal.ui.text.java.hover.AbstractAnnotationHover$AnnotationInformationControl.deferredCreateContent(AbstractAnnotationHover.java:304)
	at org.eclipse.jdt.internal.ui.text.java.hover.AbstractAnnotationHover$AnnotationInformationControl.setInput(AbstractAnnotationHover.java:190)
	at org.eclipse.jface.text.AbstractInformationControlManager.internalShowInformationControl(AbstractInformationControlManager.java:1151)
	at org.eclipse.jface.text.AbstractInformationControlManager.presentInformation(AbstractInformationControlManager.java:1120)
	at org.eclipse.jface.text.AbstractHoverInformationControlManager.presentInformation(AbstractHoverInformationControlManager.java:884)
	at org.eclipse.jface.text.TextViewerHoverManager.doPresentInformation(TextViewerHoverManager.java:237)
	at org.eclipse.jface.text.TextViewerHoverManager.lambda$3(TextViewerHoverManager.java:227)
	at org.eclipse.swt.widgets.RunnableLock.run(RunnableLock.java:40)
	at org.eclipse.swt.widgets.Synchronizer.runAsyncMessages(Synchronizer.java:185)
	at org.eclipse.swt.widgets.Display.runAsyncMessages(Display.java:4001)
	at org.eclipse.swt.widgets.Display.readAndDispatch(Display.java:3629)
	at org.eclipse.e4.ui.internal.workbench.swt.PartRenderingEngine$5.run(PartRenderingEngine.java:1157)
	at org.eclipse.core.databinding.observable.Realm.runWithDefault(Realm.java:338)
	at org.eclipse.e4.ui.internal.workbench.swt.PartRenderingEngine.run(PartRenderingEngine.java:1046)
	at org.eclipse.e4.ui.internal.workbench.E4Workbench.createAndRunUI(E4Workbench.java:155)
	at org.eclipse.ui.internal.Workbench.lambda$3(Workbench.java:644)
	at org.eclipse.core.databinding.observable.Realm.runWithDefault(Realm.java:338)
	at org.eclipse.ui.internal.Workbench.createAndRunWorkbench(Workbench.java:551)
	at org.eclipse.ui.PlatformUI.createAndRunWorkbench(PlatformUI.java:156)
	at org.eclipse.ui.internal.ide.application.IDEApplication.start(IDEApplication.java:152)
	at org.eclipse.equinox.internal.app.EclipseAppHandle.run(EclipseAppHandle.java:203)
	at org.eclipse.core.runtime.internal.adaptor.EclipseAppLauncher.runApplication(EclipseAppLauncher.java:134)
	at org.eclipse.core.runtime.internal.adaptor.EclipseAppLauncher.start(EclipseAppLauncher.java:104)
	at org.eclipse.core.runtime.adaptor.EclipseStarter.run(EclipseStarter.java:401)
	at org.eclipse.core.runtime.adaptor.EclipseStarter.run(EclipseStarter.java:255)
	at java.base/jdk.internal.reflect.NativeMethodAccessorImpl.invoke0(Native Method)
	at java.base/jdk.internal.reflect.NativeMethodAccessorImpl.invoke(NativeMethodAccessorImpl.java:78)
	at java.base/jdk.internal.reflect.DelegatingMethodAccessorImpl.invoke(DelegatingMethodAccessorImpl.java:43)
	at java.base/java.lang.reflect.Method.invoke(Method.java:567)
	at org.eclipse.equinox.launcher.Main.invokeFramework(Main.java:654)
	at org.eclipse.equinox.launcher.Main.basicRun(Main.java:591)
	at org.eclipse.equinox.launcher.Main.run(Main.java:1462)
!SESSION 2026-07-20 18:10:38.497 -----------------------------------------------
eclipse.buildId=4.20.0.I20210611-1600
java.version=16.0.1
java.vendor=Oracle Corporation
BootLoader constants: OS=win32, ARCH=x86_64, WS=win32, NL=ko_KR
Framework arguments:  -product org.eclipse.epp.package.java.product
Command-line arguments:  -os win32 -ws win32 -arch x86_64 -product org.eclipse.epp.package.java.product

!ENTRY org.eclipse.jface 2 0 2026-07-20 18:10:42.835
!MESSAGE Keybinding conflicts occurred.  They may interfere with normal accelerator operation.
!SUBENTRY 1 org.eclipse.jface 2 0 2026-07-20 18:10:42.835
!MESSAGE A conflict occurred for CTRL+SHIFT+T:
Binding(CTRL+SHIFT+T,
	ParameterizedCommand(Command(org.eclipse.jdt.ui.navigate.open.type,Open Type,
		Open a type in a Java editor,
		Category(org.eclipse.ui.category.navigate,Navigate,null,true),
		org.eclipse.ui.internal.WorkbenchHandlerServiceHandler@26f480c6,
		,,true),null),
	org.eclipse.ui.defaultAcceleratorConfiguration,
	org.eclipse.ui.contexts.window,,,system)
Binding(CTRL+SHIFT+T,
	ParameterizedCommand(Command(org.eclipse.lsp4e.symbolinworkspace,Go to Symbol in Workspace,
		,
		Category(org.eclipse.lsp4e.category,Language Servers,null,true),
		org.eclipse.ui.internal.WorkbenchHandlerServiceHandler@2567c091,
		,,true),null),
	org.eclipse.ui.defaultAcceleratorConfiguration,
	org.eclipse.ui.contexts.window,,,system)

!ENTRY org.eclipse.egit.ui 2 0 2026-07-20 18:10:46.345
!MESSAGE Warning: The environment variable HOME is not set. The following directory will be used to store the Git
user global configuration and to define the default location to store repositories: 'C:\Users\USER'. If this is
not correct please set the HOME environment variable and restart Eclipse. Otherwise Git for Windows and
EGit might behave differently since they see different configuration options.
This warning can be switched off on the Team > Git > Confirmations and Warnings preference page.

!ENTRY org.eclipse.ui.ide 4 4 2026-07-20 19:42:31.018
!MESSAGE Problems saving workspace

!ENTRY org.eclipse.ui.ide 2 1 2026-07-20 19:42:31.019
!MESSAGE Problems occurred while trying to save the state of the workbench.
!SUBENTRY 1 org.eclipse.core.resources 2 234 2026-07-20 19:42:31.019
!MESSAGE The project description file (.project) for 'KUJI DAY01' was missing.  This file contains important information about the project.  A new project description file has been created, but some information about the project may have been lost.

!ENTRY org.eclipse.core.resources 2 10035 2026-07-20 19:42:31.692
!MESSAGE The workspace will exit with unsaved changes in this session.
!SESSION 2026-07-21 14:31:03.925 -----------------------------------------------
eclipse.buildId=4.20.0.I20210611-1600
java.version=16.0.1
java.vendor=Oracle Corporation
BootLoader constants: OS=win32, ARCH=x86_64, WS=win32, NL=ko_KR
Framework arguments:  -product org.eclipse.epp.package.java.product
Command-line arguments:  -os win32 -ws win32 -arch x86_64 -product org.eclipse.epp.package.java.product

!ENTRY org.eclipse.core.resources 2 10035 2026-07-21 14:31:06.937
!MESSAGE The workspace exited with unsaved changes in the previous session; refreshing workspace to recover changes.

!ENTRY org.eclipse.jface 2 0 2026-07-21 14:31:08.981
!MESSAGE Keybinding conflicts occurred.  They may interfere with normal accelerator operation.
!SUBENTRY 1 org.eclipse.jface 2 0 2026-07-21 14:31:08.981
!MESSAGE A conflict occurred for CTRL+SHIFT+T:
Binding(CTRL+SHIFT+T,
	ParameterizedCommand(Command(org.eclipse.jdt.ui.navigate.open.type,Open Type,
		Open a type in a Java editor,
		Category(org.eclipse.ui.category.navigate,Navigate,null,true),
		org.eclipse.ui.internal.WorkbenchHandlerServiceHandler@1e3566e,
		,,true),null),
	org.eclipse.ui.defaultAcceleratorConfiguration,
	org.eclipse.ui.contexts.window,,,system)
Binding(CTRL+SHIFT+T,
	ParameterizedCommand(Command(org.eclipse.lsp4e.symbolinworkspace,Go to Symbol in Workspace,
		,
		Category(org.eclipse.lsp4e.category,Language Servers,null,true),
		org.eclipse.ui.internal.WorkbenchHandlerServiceHandler@2b058bfd,
		,,true),null),
	org.eclipse.ui.defaultAcceleratorConfiguration,
	org.eclipse.ui.contexts.window,,,system)

!ENTRY org.eclipse.egit.ui 2 0 2026-07-21 14:31:12.861
!MESSAGE Warning: The environment variable HOME is not set. The following directory will be used to store the Git
user global configuration and to define the default location to store repositories: 'C:\Users\USER'. If this is
not correct please set the HOME environment variable and restart Eclipse. Otherwise Git for Windows and
EGit might behave differently since they see different configuration options.
This warning can be switched off on the Team > Git > Confirmations and Warnings preference page.

!ENTRY org.eclipse.debug.ui 4 120 2026-07-21 16:14:40.876
!MESSAGE Error logged from Debug UI: 
!STACK 0
java.io.IOException: Output Stream is closed
	at org.eclipse.ui.console.IOConsoleOutputStream.encodedWrite(IOConsoleOutputStream.java:265)
	at org.eclipse.ui.console.IOConsoleOutputStream.write(IOConsoleOutputStream.java:260)
	at org.eclipse.debug.internal.ui.views.console.ProcessConsole$StreamListener.streamAppended(ProcessConsole.java:802)
	at org.eclipse.debug.internal.core.OutputStreamMonitor$1.run(OutputStreamMonitor.java:166)
	at org.eclipse.core.runtime.SafeRunner.run(SafeRunner.java:45)
	at org.eclipse.debug.internal.core.OutputStreamMonitor.fireStreamAppended(OutputStreamMonitor.java:163)
	at org.eclipse.debug.internal.core.OutputStreamMonitor.internalRead(OutputStreamMonitor.java:253)
	at org.eclipse.debug.internal.core.OutputStreamMonitor.read(OutputStreamMonitor.java:222)
	at java.base/java.lang.Thread.run(Thread.java:831)
!SESSION 2026-07-21 16:14:44.392 -----------------------------------------------
eclipse.buildId=4.20.0.I20210611-1600
java.version=16.0.1
java.vendor=Oracle Corporation
BootLoader constants: OS=win32, ARCH=x86_64, WS=win32, NL=ko_KR
Framework arguments:  -product org.eclipse.epp.package.java.product
Command-line arguments:  -os win32 -ws win32 -arch x86_64 -product org.eclipse.epp.package.java.product

!ENTRY org.eclipse.jface 2 0 2026-07-21 16:14:49.367
!MESSAGE Keybinding conflicts occurred.  They may interfere with normal accelerator operation.
!SUBENTRY 1 org.eclipse.jface 2 0 2026-07-21 16:14:49.367
!MESSAGE A conflict occurred for CTRL+SHIFT+T:
Binding(CTRL+SHIFT+T,
	ParameterizedCommand(Command(org.eclipse.jdt.ui.navigate.open.type,Open Type,
		Open a type in a Java editor,
		Category(org.eclipse.ui.category.navigate,Navigate,null,true),
		org.eclipse.ui.internal.WorkbenchHandlerServiceHandler@775edae0,
		,,true),null),
	org.eclipse.ui.defaultAcceleratorConfiguration,
	org.eclipse.ui.contexts.window,,,system)
Binding(CTRL+SHIFT+T,
	ParameterizedCommand(Command(org.eclipse.lsp4e.symbolinworkspace,Go to Symbol in Workspace,
		,
		Category(org.eclipse.lsp4e.category,Language Servers,null,true),
		org.eclipse.ui.internal.WorkbenchHandlerServiceHandler@26f480c6,
		,,true),null),
	org.eclipse.ui.defaultAcceleratorConfiguration,
	org.eclipse.ui.contexts.window,,,system)

!ENTRY org.eclipse.egit.ui 2 0 2026-07-21 16:14:52.953
!MESSAGE Warning: The environment variable HOME is not set. The following directory will be used to store the Git
user global configuration and to define the default location to store repositories: 'C:\Users\USER'. If this is
not correct please set the HOME environment variable and restart Eclipse. Otherwise Git for Windows and
EGit might behave differently since they see different configuration options.
This warning can be switched off on the Team > Git > Confirmations and Warnings preference page.
!SESSION 2026-07-21 16:39:15.807 -----------------------------------------------
eclipse.buildId=4.20.0.I20210611-1600
java.version=16.0.1
java.vendor=Oracle Corporation
BootLoader constants: OS=win32, ARCH=x86_64, WS=win32, NL=ko_KR
Framework arguments:  -product org.eclipse.epp.package.java.product
Command-line arguments:  -os win32 -ws win32 -arch x86_64 -product org.eclipse.epp.package.java.product

!ENTRY org.eclipse.jface 2 0 2026-07-21 16:39:20.926
!MESSAGE Keybinding conflicts occurred.  They may interfere with normal accelerator operation.
!SUBENTRY 1 org.eclipse.jface 2 0 2026-07-21 16:39:20.926
!MESSAGE A conflict occurred for CTRL+SHIFT+T:
Binding(CTRL+SHIFT+T,
	ParameterizedCommand(Command(org.eclipse.jdt.ui.navigate.open.type,Open Type,
		Open a type in a Java editor,
		Category(org.eclipse.ui.category.navigate,Navigate,null,true),
		org.eclipse.ui.internal.WorkbenchHandlerServiceHandler@76cf91c9,
		,,true),null),
	org.eclipse.ui.defaultAcceleratorConfiguration,
	org.eclipse.ui.contexts.window,,,system)
Binding(CTRL+SHIFT+T,
	ParameterizedCommand(Command(org.eclipse.lsp4e.symbolinworkspace,Go to Symbol in Workspace,
		,
		Category(org.eclipse.lsp4e.category,Language Servers,null,true),
		org.eclipse.ui.internal.WorkbenchHandlerServiceHandler@74bfdd66,
		,,true),null),
	org.eclipse.ui.defaultAcceleratorConfiguration,
	org.eclipse.ui.contexts.window,,,system)

!ENTRY org.eclipse.egit.ui 2 0 2026-07-21 16:39:24.800
!MESSAGE Warning: The environment variable HOME is not set. The following directory will be used to store the Git
user global configuration and to define the default location to store repositories: 'C:\Users\USER'. If this is
not correct please set the HOME environment variable and restart Eclipse. Otherwise Git for Windows and
EGit might behave differently since they see different configuration options.
This warning can be switched off on the Team > Git > Confirmations and Warnings preference page.
!SESSION 2026-07-21 17:36:52.500 -----------------------------------------------
eclipse.buildId=4.20.0.I20210611-1600
java.version=16.0.1
java.vendor=Oracle Corporation
BootLoader constants: OS=win32, ARCH=x86_64, WS=win32, NL=ko_KR
Framework arguments:  -product org.eclipse.epp.package.java.product
Command-line arguments:  -os win32 -ws win32 -arch x86_64 -product org.eclipse.epp.package.java.product

!ENTRY org.eclipse.core.resources 2 10035 2026-07-21 17:36:55.436
!MESSAGE The workspace exited with unsaved changes in the previous session; refreshing workspace to recover changes.

!ENTRY org.eclipse.jface 2 0 2026-07-21 17:36:57.341
!MESSAGE Keybinding conflicts occurred.  They may interfere with normal accelerator operation.
!SUBENTRY 1 org.eclipse.jface 2 0 2026-07-21 17:36:57.341
!MESSAGE A conflict occurred for CTRL+SHIFT+T:
Binding(CTRL+SHIFT+T,
	ParameterizedCommand(Command(org.eclipse.jdt.ui.navigate.open.type,Open Type,
		Open a type in a Java editor,
		Category(org.eclipse.ui.category.navigate,Navigate,null,true),
		org.eclipse.ui.internal.WorkbenchHandlerServiceHandler@46b21632,
		,,true),null),
	org.eclipse.ui.defaultAcceleratorConfiguration,
	org.eclipse.ui.contexts.window,,,system)
Binding(CTRL+SHIFT+T,
	ParameterizedCommand(Command(org.eclipse.lsp4e.symbolinworkspace,Go to Symbol in Workspace,
		,
		Category(org.eclipse.lsp4e.category,Language Servers,null,true),
		org.eclipse.ui.internal.WorkbenchHandlerServiceHandler@476c137b,
		,,true),null),
	org.eclipse.ui.defaultAcceleratorConfiguration,
	org.eclipse.ui.contexts.window,,,system)

!ENTRY org.eclipse.egit.ui 2 0 2026-07-21 17:37:00.690
!MESSAGE Warning: The environment variable HOME is not set. The following directory will be used to store the Git
user global configuration and to define the default location to store repositories: 'C:\Users\USER'. If this is
not correct please set the HOME environment variable and restart Eclipse. Otherwise Git for Windows and
EGit might behave differently since they see different configuration options.
This warning can be switched off on the Team > Git > Confirmations and Warnings preference page.
!SESSION 2026-07-22 09:54:50.786 -----------------------------------------------
eclipse.buildId=4.20.0.I20210611-1600
java.version=16.0.1
java.vendor=Oracle Corporation
BootLoader constants: OS=win32, ARCH=x86_64, WS=win32, NL=ko_KR
Framework arguments:  -product org.eclipse.epp.package.java.product
Command-line arguments:  -os win32 -ws win32 -arch x86_64 -product org.eclipse.epp.package.java.product

!ENTRY org.eclipse.core.resources 4 567 2026-07-22 09:54:54.479
!MESSAGE Workspace restored, but some problems occurred.
!SUBENTRY 1 org.eclipse.core.resources 4 567 2026-07-22 09:54:54.479
!MESSAGE Could not read metadata for 'Day02'.
!STACK 1
org.eclipse.core.internal.resources.ResourceException(/Day02)[567]: java.lang.Exception: The project description file (.project) for 'Day02' is missing.  This file contains important information about the project.  The project will not function properly until this file is restored.
	at org.eclipse.core.internal.resources.ResourceException.provideStackTrace(ResourceException.java:42)
	at org.eclipse.core.internal.resources.ResourceException.<init>(ResourceException.java:38)
	at org.eclipse.core.internal.localstore.FileSystemResourceManager.read(FileSystemResourceManager.java:908)
	at org.eclipse.core.internal.resources.SaveManager.restoreMetaInfo(SaveManager.java:888)
	at org.eclipse.core.internal.resources.SaveManager.restoreMetaInfo(SaveManager.java:868)
	at org.eclipse.core.internal.resources.SaveManager.restore(SaveManager.java:724)
	at org.eclipse.core.internal.resources.SaveManager.startup(SaveManager.java:1555)
	at org.eclipse.core.internal.resources.Workspace.startup(Workspace.java:2480)
	at org.eclipse.core.internal.resources.Workspace.open(Workspace.java:2231)
	at org.eclipse.core.resources.ResourcesPlugin.start(ResourcesPlugin.java:475)
	at org.eclipse.osgi.internal.framework.BundleContextImpl$2.run(BundleContextImpl.java:814)
	at org.eclipse.osgi.internal.framework.BundleContextImpl$2.run(BundleContextImpl.java:1)
	at java.base/java.security.AccessController.doPrivileged(AccessController.java:554)
	at org.eclipse.osgi.internal.framework.BundleContextImpl.startActivator(BundleContextImpl.java:806)
	at org.eclipse.osgi.internal.framework.BundleContextImpl.start(BundleContextImpl.java:763)
	at org.eclipse.osgi.internal.framework.EquinoxBundle.startWorker0(EquinoxBundle.java:1028)
	at org.eclipse.osgi.internal.framework.EquinoxBundle$EquinoxModule.startWorker(EquinoxBundle.java:371)
	at org.eclipse.osgi.container.Module.doStart(Module.java:605)
	at org.eclipse.osgi.container.Module.start(Module.java:468)
	at org.eclipse.osgi.framework.util.SecureAction.start(SecureAction.java:511)
	at org.eclipse.osgi.internal.hooks.EclipseLazyStarter.postFindLocalClass(EclipseLazyStarter.java:117)
	at org.eclipse.osgi.internal.loader.classpath.ClasspathManager.findLocalClass(ClasspathManager.java:572)
	at org.eclipse.osgi.internal.loader.ModuleClassLoader.findLocalClass(ModuleClassLoader.java:345)
	at org.eclipse.osgi.internal.loader.BundleLoader.findLocalClass(BundleLoader.java:401)
	at org.eclipse.osgi.internal.loader.sources.SingleSourcePackage.loadClass(SingleSourcePackage.java:41)
	at org.eclipse.osgi.internal.loader.BundleLoader.findClass(BundleLoader.java:476)
	at org.eclipse.osgi.internal.loader.ModuleClassLoader.loadClass(ModuleClassLoader.java:170)
	at java.base/java.lang.ClassLoader.loadClass(ClassLoader.java:519)
	at org.eclipse.ui.internal.ide.application.IDEApplication.start(IDEApplication.java:153)
	at org.eclipse.equinox.internal.app.EclipseAppHandle.run(EclipseAppHandle.java:203)
	at org.eclipse.core.runtime.internal.adaptor.EclipseAppLauncher.runApplication(EclipseAppLauncher.java:134)
	at org.eclipse.core.runtime.internal.adaptor.EclipseAppLauncher.start(EclipseAppLauncher.java:104)
	at org.eclipse.core.runtime.adaptor.EclipseStarter.run(EclipseStarter.java:401)
	at org.eclipse.core.runtime.adaptor.EclipseStarter.run(EclipseStarter.java:255)
	at java.base/jdk.internal.reflect.NativeMethodAccessorImpl.invoke0(Native Method)
	at java.base/jdk.internal.reflect.NativeMethodAccessorImpl.invoke(NativeMethodAccessorImpl.java:78)
	at java.base/jdk.internal.reflect.DelegatingMethodAccessorImpl.invoke(DelegatingMethodAccessorImpl.java:43)
	at java.base/java.lang.reflect.Method.invoke(Method.java:567)
	at org.eclipse.equinox.launcher.Main.invokeFramework(Main.java:654)
	at org.eclipse.equinox.launcher.Main.basicRun(Main.java:591)
	at org.eclipse.equinox.launcher.Main.run(Main.java:1462)
!SUBENTRY 2 org.eclipse.core.resources 4 567 2026-07-22 09:54:54.479
!MESSAGE The project description file (.project) for 'Day02' is missing.  This file contains important information about the project.  The project will not function properly until this file is restored.
!STACK 0
java.lang.Exception: The project description file (.project) for 'Day02' is missing.  This file contains important information about the project.  The project will not function properly until this file is restored.
	at org.eclipse.core.internal.resources.ResourceException.provideStackTrace(ResourceException.java:42)
	at org.eclipse.core.internal.resources.ResourceException.<init>(ResourceException.java:38)
	at org.eclipse.core.internal.localstore.FileSystemResourceManager.read(FileSystemResourceManager.java:908)
	at org.eclipse.core.internal.resources.SaveManager.restoreMetaInfo(SaveManager.java:888)
	at org.eclipse.core.internal.resources.SaveManager.restoreMetaInfo(SaveManager.java:868)
	at org.eclipse.core.internal.resources.SaveManager.restore(SaveManager.java:724)
	at org.eclipse.core.internal.resources.SaveManager.startup(SaveManager.java:1555)
	at org.eclipse.core.internal.resources.Workspace.startup(Workspace.java:2480)
	at org.eclipse.core.internal.resources.Workspace.open(Workspace.java:2231)
	at org.eclipse.core.resources.ResourcesPlugin.start(ResourcesPlugin.java:475)
	at org.eclipse.osgi.internal.framework.BundleContextImpl$2.run(BundleContextImpl.java:814)
	at org.eclipse.osgi.internal.framework.BundleContextImpl$2.run(BundleContextImpl.java:1)
	at java.base/java.security.AccessController.doPrivileged(AccessController.java:554)
	at org.eclipse.osgi.internal.framework.BundleContextImpl.startActivator(BundleContextImpl.java:806)
	at org.eclipse.osgi.internal.framework.BundleContextImpl.start(BundleContextImpl.java:763)
	at org.eclipse.osgi.internal.framework.EquinoxBundle.startWorker0(EquinoxBundle.java:1028)
	at org.eclipse.osgi.internal.framework.EquinoxBundle$EquinoxModule.startWorker(EquinoxBundle.java:371)
	at org.eclipse.osgi.container.Module.doStart(Module.java:605)
	at org.eclipse.osgi.container.Module.start(Module.java:468)
	at org.eclipse.osgi.framework.util.SecureAction.start(SecureAction.java:511)
	at org.eclipse.osgi.internal.hooks.EclipseLazyStarter.postFindLocalClass(EclipseLazyStarter.java:117)
	at org.eclipse.osgi.internal.loader.classpath.ClasspathManager.findLocalClass(ClasspathManager.java:572)
	at org.eclipse.osgi.internal.loader.ModuleClassLoader.findLocalClass(ModuleClassLoader.java:345)
	at org.eclipse.osgi.internal.loader.BundleLoader.findLocalClass(BundleLoader.java:401)
	at org.eclipse.osgi.internal.loader.sources.SingleSourcePackage.loadClass(SingleSourcePackage.java:41)
	at org.eclipse.osgi.internal.loader.BundleLoader.findClass(BundleLoader.java:476)
	at org.eclipse.osgi.internal.loader.ModuleClassLoader.loadClass(ModuleClassLoader.java:170)
	at java.base/java.lang.ClassLoader.loadClass(ClassLoader.java:519)
	at org.eclipse.ui.internal.ide.application.IDEApplication.start(IDEApplication.java:153)
	at org.eclipse.equinox.internal.app.EclipseAppHandle.run(EclipseAppHandle.java:203)
	at org.eclipse.core.runtime.internal.adaptor.EclipseAppLauncher.runApplication(EclipseAppLauncher.java:134)
	at org.eclipse.core.runtime.internal.adaptor.EclipseAppLauncher.start(EclipseAppLauncher.java:104)
	at org.eclipse.core.runtime.adaptor.EclipseStarter.run(EclipseStarter.java:401)
	at org.eclipse.core.runtime.adaptor.EclipseStarter.run(EclipseStarter.java:255)
	at java.base/jdk.internal.reflect.NativeMethodAccessorImpl.invoke0(Native Method)
	at java.base/jdk.internal.reflect.NativeMethodAccessorImpl.invoke(NativeMethodAccessorImpl.java:78)
	at java.base/jdk.internal.reflect.DelegatingMethodAccessorImpl.invoke(DelegatingMethodAccessorImpl.java:43)
	at java.base/java.lang.reflect.Method.invoke(Method.java:567)
	at org.eclipse.equinox.launcher.Main.invokeFramework(Main.java:654)
	at org.eclipse.equinox.launcher.Main.basicRun(Main.java:591)
	at org.eclipse.equinox.launcher.Main.run(Main.java:1462)
!SUBENTRY 1 org.eclipse.core.resources 4 567 2026-07-22 09:54:54.479
!MESSAGE Could not read metadata for 'KUJI DAY01'.
!STACK 1
org.eclipse.core.internal.resources.ResourceException(/KUJI DAY01)[567]: java.lang.Exception: The project description file (.project) for 'KUJI DAY01' is missing.  This file contains important information about the project.  The project will not function properly until this file is restored.
	at org.eclipse.core.internal.resources.ResourceException.provideStackTrace(ResourceException.java:42)
	at org.eclipse.core.internal.resources.ResourceException.<init>(ResourceException.java:38)
	at org.eclipse.core.internal.localstore.FileSystemResourceManager.read(FileSystemResourceManager.java:908)
	at org.eclipse.core.internal.resources.SaveManager.restoreMetaInfo(SaveManager.java:888)
	at org.eclipse.core.internal.resources.SaveManager.restoreMetaInfo(SaveManager.java:868)
	at org.eclipse.core.internal.resources.SaveManager.restore(SaveManager.java:724)
	at org.eclipse.core.internal.resources.SaveManager.startup(SaveManager.java:1555)
	at org.eclipse.core.internal.resources.Workspace.startup(Workspace.java:2480)
	at org.eclipse.core.internal.resources.Workspace.open(Workspace.java:2231)
	at org.eclipse.core.resources.ResourcesPlugin.start(ResourcesPlugin.java:475)
	at org.eclipse.osgi.internal.framework.BundleContextImpl$2.run(BundleContextImpl.java:814)
	at org.eclipse.osgi.internal.framework.BundleContextImpl$2.run(BundleContextImpl.java:1)
	at java.base/java.security.AccessController.doPrivileged(AccessController.java:554)
	at org.eclipse.osgi.internal.framework.BundleContextImpl.startActivator(BundleContextImpl.java:806)
	at org.eclipse.osgi.internal.framework.BundleContextImpl.start(BundleContextImpl.java:763)
	at org.eclipse.osgi.internal.framework.EquinoxBundle.startWorker0(EquinoxBundle.java:1028)
	at org.eclipse.osgi.internal.framework.EquinoxBundle$EquinoxModule.startWorker(EquinoxBundle.java:371)
	at org.eclipse.osgi.container.Module.doStart(Module.java:605)
	at org.eclipse.osgi.container.Module.start(Module.java:468)
	at org.eclipse.osgi.framework.util.SecureAction.start(SecureAction.java:511)
	at org.eclipse.osgi.internal.hooks.EclipseLazyStarter.postFindLocalClass(EclipseLazyStarter.java:117)
	at org.eclipse.osgi.internal.loader.classpath.ClasspathManager.findLocalClass(ClasspathManager.java:572)
	at org.eclipse.osgi.internal.loader.ModuleClassLoader.findLocalClass(ModuleClassLoader.java:345)
	at org.eclipse.osgi.internal.loader.BundleLoader.findLocalClass(BundleLoader.java:401)
	at org.eclipse.osgi.internal.loader.sources.SingleSourcePackage.loadClass(SingleSourcePackage.java:41)
	at org.eclipse.osgi.internal.loader.BundleLoader.findClass(BundleLoader.java:476)
	at org.eclipse.osgi.internal.loader.ModuleClassLoader.loadClass(ModuleClassLoader.java:170)
	at java.base/java.lang.ClassLoader.loadClass(ClassLoader.java:519)
	at org.eclipse.ui.internal.ide.application.IDEApplication.start(IDEApplication.java:153)
	at org.eclipse.equinox.internal.app.EclipseAppHandle.run(EclipseAppHandle.java:203)
	at org.eclipse.core.runtime.internal.adaptor.EclipseAppLauncher.runApplication(EclipseAppLauncher.java:134)
	at org.eclipse.core.runtime.internal.adaptor.EclipseAppLauncher.start(EclipseAppLauncher.java:104)
	at org.eclipse.core.runtime.adaptor.EclipseStarter.run(EclipseStarter.java:401)
	at org.eclipse.core.runtime.adaptor.EclipseStarter.run(EclipseStarter.java:255)
	at java.base/jdk.internal.reflect.NativeMethodAccessorImpl.invoke0(Native Method)
	at java.base/jdk.internal.reflect.NativeMethodAccessorImpl.invoke(NativeMethodAccessorImpl.java:78)
	at java.base/jdk.internal.reflect.DelegatingMethodAccessorImpl.invoke(DelegatingMethodAccessorImpl.java:43)
	at java.base/java.lang.reflect.Method.invoke(Method.java:567)
	at org.eclipse.equinox.launcher.Main.invokeFramework(Main.java:654)
	at org.eclipse.equinox.launcher.Main.basicRun(Main.java:591)
	at org.eclipse.equinox.launcher.Main.run(Main.java:1462)
!SUBENTRY 2 org.eclipse.core.resources 4 567 2026-07-22 09:54:54.483
!MESSAGE The project description file (.project) for 'KUJI DAY01' is missing.  This file contains important information about the project.  The project will not function properly until this file is restored.
!STACK 0
java.lang.Exception: The project description file (.project) for 'KUJI DAY01' is missing.  This file contains important information about the project.  The project will not function properly until this file is restored.
	at org.eclipse.core.internal.resources.ResourceException.provideStackTrace(ResourceException.java:42)
	at org.eclipse.core.internal.resources.ResourceException.<init>(ResourceException.java:38)
	at org.eclipse.core.internal.localstore.FileSystemResourceManager.read(FileSystemResourceManager.java:908)
	at org.eclipse.core.internal.resources.SaveManager.restoreMetaInfo(SaveManager.java:888)
	at org.eclipse.core.internal.resources.SaveManager.restoreMetaInfo(SaveManager.java:868)
	at org.eclipse.core.internal.resources.SaveManager.restore(SaveManager.java:724)
	at org.eclipse.core.internal.resources.SaveManager.startup(SaveManager.java:1555)
	at org.eclipse.core.internal.resources.Workspace.startup(Workspace.java:2480)
	at org.eclipse.core.internal.resources.Workspace.open(Workspace.java:2231)
	at org.eclipse.core.resources.ResourcesPlugin.start(ResourcesPlugin.java:475)
	at org.eclipse.osgi.internal.framework.BundleContextImpl$2.run(BundleContextImpl.java:814)
	at org.eclipse.osgi.internal.framework.BundleContextImpl$2.run(BundleContextImpl.java:1)
	at java.base/java.security.AccessController.doPrivileged(AccessController.java:554)
	at org.eclipse.osgi.internal.framework.BundleContextImpl.startActivator(BundleContextImpl.java:806)
	at org.eclipse.osgi.internal.framework.BundleContextImpl.start(BundleContextImpl.java:763)
	at org.eclipse.osgi.internal.framework.EquinoxBundle.startWorker0(EquinoxBundle.java:1028)
	at org.eclipse.osgi.internal.framework.EquinoxBundle$EquinoxModule.startWorker(EquinoxBundle.java:371)
	at org.eclipse.osgi.container.Module.doStart(Module.java:605)
	at org.eclipse.osgi.container.Module.start(Module.java:468)
	at org.eclipse.osgi.framework.util.SecureAction.start(SecureAction.java:511)
	at org.eclipse.osgi.internal.hooks.EclipseLazyStarter.postFindLocalClass(EclipseLazyStarter.java:117)
	at org.eclipse.osgi.internal.loader.classpath.ClasspathManager.findLocalClass(ClasspathManager.java:572)
	at org.eclipse.osgi.internal.loader.ModuleClassLoader.findLocalClass(ModuleClassLoader.java:345)
	at org.eclipse.osgi.internal.loader.BundleLoader.findLocalClass(BundleLoader.java:401)
	at org.eclipse.osgi.internal.loader.sources.SingleSourcePackage.loadClass(SingleSourcePackage.java:41)
	at org.eclipse.osgi.internal.loader.BundleLoader.findClass(BundleLoader.java:476)
	at org.eclipse.osgi.internal.loader.ModuleClassLoader.loadClass(ModuleClassLoader.java:170)
	at java.base/java.lang.ClassLoader.loadClass(ClassLoader.java:519)
	at org.eclipse.ui.internal.ide.application.IDEApplication.start(IDEApplication.java:153)
	at org.eclipse.equinox.internal.app.EclipseAppHandle.run(EclipseAppHandle.java:203)
	at org.eclipse.core.runtime.internal.adaptor.EclipseAppLauncher.runApplication(EclipseAppLauncher.java:134)
	at org.eclipse.core.runtime.internal.adaptor.EclipseAppLauncher.start(EclipseAppLauncher.java:104)
	at org.eclipse.core.runtime.adaptor.EclipseStarter.run(EclipseStarter.java:401)
	at org.eclipse.core.runtime.adaptor.EclipseStarter.run(EclipseStarter.java:255)
	at java.base/jdk.internal.reflect.NativeMethodAccessorImpl.invoke0(Native Method)
	at java.base/jdk.internal.reflect.NativeMethodAccessorImpl.invoke(NativeMethodAccessorImpl.java:78)
	at java.base/jdk.internal.reflect.DelegatingMethodAccessorImpl.invoke(DelegatingMethodAccessorImpl.java:43)
	at java.base/java.lang.reflect.Method.invoke(Method.java:567)
	at org.eclipse.equinox.launcher.Main.invokeFramework(Main.java:654)
	at org.eclipse.equinox.launcher.Main.basicRun(Main.java:591)
	at org.eclipse.equinox.launcher.Main.run(Main.java:1462)

!ENTRY org.eclipse.jface 2 0 2026-07-22 09:54:56.356
!MESSAGE Keybinding conflicts occurred.  They may interfere with normal accelerator operation.
!SUBENTRY 1 org.eclipse.jface 2 0 2026-07-22 09:54:56.356
!MESSAGE A conflict occurred for CTRL+SHIFT+T:
Binding(CTRL+SHIFT+T,
	ParameterizedCommand(Command(org.eclipse.jdt.ui.navigate.open.type,Open Type,
		Open a type in a Java editor,
		Category(org.eclipse.ui.category.navigate,Navigate,null,true),
		org.eclipse.ui.internal.WorkbenchHandlerServiceHandler@2773504f,
		,,true),null),
	org.eclipse.ui.defaultAcceleratorConfiguration,
	org.eclipse.ui.contexts.window,,,system)
Binding(CTRL+SHIFT+T,
	ParameterizedCommand(Command(org.eclipse.lsp4e.symbolinworkspace,Go to Symbol in Workspace,
		,
		Category(org.eclipse.lsp4e.category,Language Servers,null,true),
		org.eclipse.ui.internal.WorkbenchHandlerServiceHandler@497921d0,
		,,true),null),
	org.eclipse.ui.defaultAcceleratorConfiguration,
	org.eclipse.ui.contexts.window,,,system)

!ENTRY org.eclipse.egit.ui 2 0 2026-07-22 09:54:59.857
!MESSAGE Warning: The environment variable HOME is not set. The following directory will be used to store the Git
user global configuration and to define the default location to store repositories: 'C:\Users\USER'. If this is
not correct please set the HOME environment variable and restart Eclipse. Otherwise Git for Windows and
EGit might behave differently since they see different configuration options.
This warning can be switched off on the Team > Git > Confirmations and Warnings preference page.

!ENTRY org.eclipse.core.resources 4 567 2026-07-22 09:55:03.535
!MESSAGE The project description file (.project) for 'KUJI DAY01' is missing.  This file contains important information about the project.  The project will not function properly until this file is restored.
!STACK 0
java.lang.Exception: The project description file (.project) for 'KUJI DAY01' is missing.  This file contains important information about the project.  The project will not function properly until this file is restored.
	at org.eclipse.core.internal.resources.ResourceException.provideStackTrace(ResourceException.java:42)
	at org.eclipse.core.internal.resources.ResourceException.<init>(ResourceException.java:38)
	at org.eclipse.core.internal.localstore.FileSystemResourceManager.read(FileSystemResourceManager.java:908)
	at org.eclipse.core.internal.resources.SaveManager.restoreMetaInfo(SaveManager.java:888)
	at org.eclipse.core.internal.resources.SaveManager.restore(SaveManager.java:763)
	at org.eclipse.core.internal.resources.Project.open(Project.java:1060)
	at org.eclipse.ui.actions.OpenResourceAction$1.doOpenWithReferences(OpenResourceAction.java:233)
	at org.eclipse.ui.actions.OpenResourceAction$1.runInWorkspace(OpenResourceAction.java:279)
	at org.eclipse.core.internal.resources.InternalWorkspaceJob.run(InternalWorkspaceJob.java:42)
	at org.eclipse.core.internal.jobs.Worker.run(Worker.java:63)

!ENTRY org.eclipse.core.resources 4 567 2026-07-22 09:55:06.905
!MESSAGE The project description file (.project) for 'Day02' is missing.  This file contains important information about the project.  The project will not function properly until this file is restored.
!STACK 0
java.lang.Exception: The project description file (.project) for 'Day02' is missing.  This file contains important information about the project.  The project will not function properly until this file is restored.
	at org.eclipse.core.internal.resources.ResourceException.provideStackTrace(ResourceException.java:42)
	at org.eclipse.core.internal.resources.ResourceException.<init>(ResourceException.java:38)
	at org.eclipse.core.internal.localstore.FileSystemResourceManager.read(FileSystemResourceManager.java:908)
	at org.eclipse.core.internal.resources.SaveManager.restoreMetaInfo(SaveManager.java:888)
	at org.eclipse.core.internal.resources.SaveManager.restore(SaveManager.java:763)
	at org.eclipse.core.internal.resources.Project.open(Project.java:1060)
	at org.eclipse.ui.actions.OpenResourceAction$1.doOpenWithReferences(OpenResourceAction.java:233)
	at org.eclipse.ui.actions.OpenResourceAction$1.runInWorkspace(OpenResourceAction.java:279)
	at org.eclipse.core.internal.resources.InternalWorkspaceJob.run(InternalWorkspaceJob.java:42)
	at org.eclipse.core.internal.jobs.Worker.run(Worker.java:63)
!SESSION 2026-07-22 15:22:13.702 -----------------------------------------------
eclipse.buildId=4.20.0.I20210611-1600
java.version=16.0.1
java.vendor=Oracle Corporation
BootLoader constants: OS=win32, ARCH=x86_64, WS=win32, NL=ko_KR
Framework arguments:  -product org.eclipse.epp.package.java.product
Command-line arguments:  -os win32 -ws win32 -arch x86_64 -product org.eclipse.epp.package.java.product

!ENTRY org.eclipse.core.resources 2 10035 2026-07-22 15:22:16.604
!MESSAGE The workspace exited with unsaved changes in the previous session; refreshing workspace to recover changes.

!ENTRY org.eclipse.jface 2 0 2026-07-22 15:22:18.613
!MESSAGE Keybinding conflicts occurred.  They may interfere with normal accelerator operation.
!SUBENTRY 1 org.eclipse.jface 2 0 2026-07-22 15:22:18.613
!MESSAGE A conflict occurred for CTRL+SHIFT+T:
Binding(CTRL+SHIFT+T,
	ParameterizedCommand(Command(org.eclipse.jdt.ui.navigate.open.type,Open Type,
		Open a type in a Java editor,
		Category(org.eclipse.ui.category.navigate,Navigate,null,true),
		org.eclipse.ui.internal.WorkbenchHandlerServiceHandler@2507a170,
		,,true),null),
	org.eclipse.ui.defaultAcceleratorConfiguration,
	org.eclipse.ui.contexts.window,,,system)
Binding(CTRL+SHIFT+T,
	ParameterizedCommand(Command(org.eclipse.lsp4e.symbolinworkspace,Go to Symbol in Workspace,
		,
		Category(org.eclipse.lsp4e.category,Language Servers,null,true),
		org.eclipse.ui.internal.WorkbenchHandlerServiceHandler@7e20f4e3,
		,,true),null),
	org.eclipse.ui.defaultAcceleratorConfiguration,
	org.eclipse.ui.contexts.window,,,system)

!ENTRY org.eclipse.egit.ui 2 0 2026-07-22 15:22:22.407
!MESSAGE Warning: The environment variable HOME is not set. The following directory will be used to store the Git
user global configuration and to define the default location to store repositories: 'C:\Users\USER'. If this is
not correct please set the HOME environment variable and restart Eclipse. Otherwise Git for Windows and
EGit might behave differently since they see different configuration options.
This warning can be switched off on the Team > Git > Confirmations and Warnings preference page.
!SESSION 2026-07-22 15:23:35.041 -----------------------------------------------
eclipse.buildId=4.20.0.I20210611-1600
java.version=16.0.1
java.vendor=Oracle Corporation
BootLoader constants: OS=win32, ARCH=x86_64, WS=win32, NL=ko_KR
Framework arguments:  -product org.eclipse.epp.package.java.product
Command-line arguments:  -os win32 -ws win32 -arch x86_64 -product org.eclipse.epp.package.java.product

!ENTRY org.eclipse.core.resources 2 10035 2026-07-22 15:23:37.879
!MESSAGE The workspace exited with unsaved changes in the previous session; refreshing workspace to recover changes.

!ENTRY org.eclipse.jface 2 0 2026-07-22 15:23:39.769
!MESSAGE Keybinding conflicts occurred.  They may interfere with normal accelerator operation.
!SUBENTRY 1 org.eclipse.jface 2 0 2026-07-22 15:23:39.769
!MESSAGE A conflict occurred for CTRL+SHIFT+T:
Binding(CTRL+SHIFT+T,
	ParameterizedCommand(Command(org.eclipse.jdt.ui.navigate.open.type,Open Type,
		Open a type in a Java editor,
		Category(org.eclipse.ui.category.navigate,Navigate,null,true),
		org.eclipse.ui.internal.WorkbenchHandlerServiceHandler@2507a170,
		,,true),null),
	org.eclipse.ui.defaultAcceleratorConfiguration,
	org.eclipse.ui.contexts.window,,,system)
Binding(CTRL+SHIFT+T,
	ParameterizedCommand(Command(org.eclipse.lsp4e.symbolinworkspace,Go to Symbol in Workspace,
		,
		Category(org.eclipse.lsp4e.category,Language Servers,null,true),
		org.eclipse.ui.internal.WorkbenchHandlerServiceHandler@7e20f4e3,
		,,true),null),
	org.eclipse.ui.defaultAcceleratorConfiguration,
	org.eclipse.ui.contexts.window,,,system)

!ENTRY org.eclipse.egit.ui 2 0 2026-07-22 15:23:43.340
!MESSAGE Warning: The environment variable HOME is not set. The following directory will be used to store the Git
user global configuration and to define the default location to store repositories: 'C:\Users\USER'. If this is
not correct please set the HOME environment variable and restart Eclipse. Otherwise Git for Windows and
EGit might behave differently since they see different configuration options.
This warning can be switched off on the Team > Git > Confirmations and Warnings preference page.
!SESSION 2026-07-22 16:08:19.033 -----------------------------------------------
eclipse.buildId=4.20.0.I20210611-1600
java.version=16.0.1
java.vendor=Oracle Corporation
BootLoader constants: OS=win32, ARCH=x86_64, WS=win32, NL=ko_KR
Framework arguments:  -product org.eclipse.epp.package.java.product
Command-line arguments:  -os win32 -ws win32 -arch x86_64 -product org.eclipse.epp.package.java.product

!ENTRY org.eclipse.core.resources 2 10035 2026-07-22 16:08:21.997
!MESSAGE The workspace exited with unsaved changes in the previous session; refreshing workspace to recover changes.

!ENTRY org.eclipse.jface 2 0 2026-07-22 16:08:24.707
!MESSAGE Keybinding conflicts occurred.  They may interfere with normal accelerator operation.
!SUBENTRY 1 org.eclipse.jface 2 0 2026-07-22 16:08:24.707
!MESSAGE A conflict occurred for CTRL+SHIFT+T:
Binding(CTRL+SHIFT+T,
	ParameterizedCommand(Command(org.eclipse.jdt.ui.navigate.open.type,Open Type,
		Open a type in a Java editor,
		Category(org.eclipse.ui.category.navigate,Navigate,null,true),
		org.eclipse.ui.internal.WorkbenchHandlerServiceHandler@651caa2e,
		,,true),null),
	org.eclipse.ui.defaultAcceleratorConfiguration,
	org.eclipse.ui.contexts.window,,,system)
Binding(CTRL+SHIFT+T,
	ParameterizedCommand(Command(org.eclipse.lsp4e.symbolinworkspace,Go to Symbol in Workspace,
		,
		Category(org.eclipse.lsp4e.category,Language Servers,null,true),
		org.eclipse.ui.internal.WorkbenchHandlerServiceHandler@433ae0b0,
		,,true),null),
	org.eclipse.ui.defaultAcceleratorConfiguration,
	org.eclipse.ui.contexts.window,,,system)

!ENTRY org.eclipse.egit.ui 2 0 2026-07-22 16:08:29.245
!MESSAGE Warning: The environment variable HOME is not set. The following directory will be used to store the Git
user global configuration and to define the default location to store repositories: 'C:\Users\USER'. If this is
not correct please set the HOME environment variable and restart Eclipse. Otherwise Git for Windows and
EGit might behave differently since they see different configuration options.
This warning can be switched off on the Team > Git > Confirmations and Warnings preference page.
!SESSION 2026-07-22 17:42:14.680 -----------------------------------------------
eclipse.buildId=4.20.0.I20210611-1600
java.version=16.0.1
java.vendor=Oracle Corporation
BootLoader constants: OS=win32, ARCH=x86_64, WS=win32, NL=ko_KR
Framework arguments:  -product org.eclipse.epp.package.java.product
Command-line arguments:  -os win32 -ws win32 -arch x86_64 -product org.eclipse.epp.package.java.product

!ENTRY org.eclipse.jface 2 0 2026-07-22 17:42:20.743
!MESSAGE Keybinding conflicts occurred.  They may interfere with normal accelerator operation.
!SUBENTRY 1 org.eclipse.jface 2 0 2026-07-22 17:42:20.743
!MESSAGE A conflict occurred for CTRL+SHIFT+T:
Binding(CTRL+SHIFT+T,
	ParameterizedCommand(Command(org.eclipse.jdt.ui.navigate.open.type,Open Type,
		Open a type in a Java editor,
		Category(org.eclipse.ui.category.navigate,Navigate,null,true),
		org.eclipse.ui.internal.WorkbenchHandlerServiceHandler@417446d9,
		,,true),null),
	org.eclipse.ui.defaultAcceleratorConfiguration,
	org.eclipse.ui.contexts.window,,,system)
Binding(CTRL+SHIFT+T,
	ParameterizedCommand(Command(org.eclipse.lsp4e.symbolinworkspace,Go to Symbol in Workspace,
		,
		Category(org.eclipse.lsp4e.category,Language Servers,null,true),
		org.eclipse.ui.internal.WorkbenchHandlerServiceHandler@34070bd2,
		,,true),null),
	org.eclipse.ui.defaultAcceleratorConfiguration,
	org.eclipse.ui.contexts.window,,,system)

!ENTRY org.eclipse.egit.ui 2 0 2026-07-22 17:42:24.818
!MESSAGE Warning: The environment variable HOME is not set. The following directory will be used to store the Git
user global configuration and to define the default location to store repositories: 'C:\Users\USER'. If this is
not correct please set the HOME environment variable and restart Eclipse. Otherwise Git for Windows and
EGit might behave differently since they see different configuration options.
This warning can be switched off on the Team > Git > Confirmations and Warnings preference page.
!SESSION 2026-07-23 10:24:08.677 -----------------------------------------------
eclipse.buildId=4.20.0.I20210611-1600
java.version=16.0.1
java.vendor=Oracle Corporation
BootLoader constants: OS=win32, ARCH=x86_64, WS=win32, NL=ko_KR
Framework arguments:  -product org.eclipse.epp.package.java.product
Command-line arguments:  -os win32 -ws win32 -arch x86_64 -product org.eclipse.epp.package.java.product

!ENTRY org.eclipse.jface 2 0 2026-07-23 10:24:14.562
!MESSAGE Keybinding conflicts occurred.  They may interfere with normal accelerator operation.
!SUBENTRY 1 org.eclipse.jface 2 0 2026-07-23 10:24:14.562
!MESSAGE A conflict occurred for CTRL+SHIFT+T:
Binding(CTRL+SHIFT+T,
	ParameterizedCommand(Command(org.eclipse.jdt.ui.navigate.open.type,Open Type,
		Open a type in a Java editor,
		Category(org.eclipse.ui.category.navigate,Navigate,null,true),
		org.eclipse.ui.internal.WorkbenchHandlerServiceHandler@5c5f12e,
		,,true),null),
	org.eclipse.ui.defaultAcceleratorConfiguration,
	org.eclipse.ui.contexts.window,,,system)
Binding(CTRL+SHIFT+T,
	ParameterizedCommand(Command(org.eclipse.lsp4e.symbolinworkspace,Go to Symbol in Workspace,
		,
		Category(org.eclipse.lsp4e.category,Language Servers,null,true),
		org.eclipse.ui.internal.WorkbenchHandlerServiceHandler@23f8036d,
		,,true),null),
	org.eclipse.ui.defaultAcceleratorConfiguration,
	org.eclipse.ui.contexts.window,,,system)

!ENTRY org.eclipse.egit.ui 2 0 2026-07-23 10:24:18.182
!MESSAGE Warning: The environment variable HOME is not set. The following directory will be used to store the Git
user global configuration and to define the default location to store repositories: 'C:\Users\USER'. If this is
not correct please set the HOME environment variable and restart Eclipse. Otherwise Git for Windows and
EGit might behave differently since they see different configuration options.
This warning can be switched off on the Team > Git > Confirmations and Warnings preference page.

!ENTRY org.eclipse.core.jobs 4 2 2026-07-23 18:53:34.046
!MESSAGE An internal error occurred during: "org.eclipse.eclemma.internal.core.launching.AgentServer".
!STACK 0
java.lang.NullPointerException: Cannot invoke "org.eclipse.eclemma.internal.ui.EclEmmaUIPlugin.getPreferenceStore()" because the return value of "org.eclipse.eclemma.internal.ui.EclEmmaUIPlugin.getInstance()" is null
	at org.eclipse.eclemma.internal.ui.UIPreferences.getPreferenceStore(UIPreferences.java:115)
	at org.eclipse.eclemma.internal.ui.UIPreferences.access$0(UIPreferences.java:114)
	at org.eclipse.eclemma.internal.ui.UIPreferences$1.getActivateNewSessions(UIPreferences.java:57)
	at org.eclipse.eclemma.internal.core.launching.AgentServer.run(AgentServer.java:123)
	at org.eclipse.core.internal.jobs.Worker.run(Worker.java:63)
!SESSION 2026-07-24 14:24:21.379 -----------------------------------------------
eclipse.buildId=4.20.0.I20210611-1600
java.version=16.0.1
java.vendor=Oracle Corporation
BootLoader constants: OS=win32, ARCH=x86_64, WS=win32, NL=ko_KR
Framework arguments:  -product org.eclipse.epp.package.java.product
Command-line arguments:  -os win32 -ws win32 -arch x86_64 -product org.eclipse.epp.package.java.product

!ENTRY org.eclipse.jface 2 0 2026-07-24 14:24:28.454
!MESSAGE Keybinding conflicts occurred.  They may interfere with normal accelerator operation.
!SUBENTRY 1 org.eclipse.jface 2 0 2026-07-24 14:24:28.454
!MESSAGE A conflict occurred for CTRL+SHIFT+T:
Binding(CTRL+SHIFT+T,
	ParameterizedCommand(Command(org.eclipse.jdt.ui.navigate.open.type,Open Type,
		Open a type in a Java editor,
		Category(org.eclipse.ui.category.navigate,Navigate,null,true),
		org.eclipse.ui.internal.WorkbenchHandlerServiceHandler@1e7d3d87,
		,,true),null),
	org.eclipse.ui.defaultAcceleratorConfiguration,
	org.eclipse.ui.contexts.window,,,system)
Binding(CTRL+SHIFT+T,
	ParameterizedCommand(Command(org.eclipse.lsp4e.symbolinworkspace,Go to Symbol in Workspace,
		,
		Category(org.eclipse.lsp4e.category,Language Servers,null,true),
		org.eclipse.ui.internal.WorkbenchHandlerServiceHandler@1dd76982,
		,,true),null),
	org.eclipse.ui.defaultAcceleratorConfiguration,
	org.eclipse.ui.contexts.window,,,system)

!ENTRY org.eclipse.egit.ui 2 0 2026-07-24 14:24:32.159
!MESSAGE Warning: The environment variable HOME is not set. The following directory will be used to store the Git
user global configuration and to define the default location to store repositories: 'C:\Users\USER'. If this is
not correct please set the HOME environment variable and restart Eclipse. Otherwise Git for Windows and
EGit might behave differently since they see different configuration options.
This warning can be switched off on the Team > Git > Confirmations and Warnings preference page.
!SESSION 2026-07-24 15:08:11.578 -----------------------------------------------
eclipse.buildId=4.20.0.I20210611-1600
java.version=16.0.1
java.vendor=Oracle Corporation
BootLoader constants: OS=win32, ARCH=x86_64, WS=win32, NL=ko_KR
Framework arguments:  -product org.eclipse.epp.package.java.product
Command-line arguments:  -os win32 -ws win32 -arch x86_64 -product org.eclipse.epp.package.java.product

!ENTRY org.eclipse.jface 2 0 2026-07-24 15:08:52.983
!MESSAGE Keybinding conflicts occurred.  They may interfere with normal accelerator operation.
!SUBENTRY 1 org.eclipse.jface 2 0 2026-07-24 15:08:52.983
!MESSAGE A conflict occurred for CTRL+SHIFT+T:
Binding(CTRL+SHIFT+T,
	ParameterizedCommand(Command(org.eclipse.jdt.ui.navigate.open.type,Open Type,
		Open a type in a Java editor,
		Category(org.eclipse.ui.category.navigate,Navigate,null,true),
		org.eclipse.ui.internal.WorkbenchHandlerServiceHandler@34070bd2,
		,,true),null),
	org.eclipse.ui.defaultAcceleratorConfiguration,
	org.eclipse.ui.contexts.window,,,system)
Binding(CTRL+SHIFT+T,
	ParameterizedCommand(Command(org.eclipse.lsp4e.symbolinworkspace,Go to Symbol in Workspace,
		,
		Category(org.eclipse.lsp4e.category,Language Servers,null,true),
		org.eclipse.ui.internal.WorkbenchHandlerServiceHandler@1e7d3d87,
		,,true),null),
	org.eclipse.ui.defaultAcceleratorConfiguration,
	org.eclipse.ui.contexts.window,,,system)

!ENTRY org.eclipse.egit.ui 2 0 2026-07-24 15:08:56.322
!MESSAGE Warning: The environment variable HOME is not set. The following directory will be used to store the Git
user global configuration and to define the default location to store repositories: 'C:\Users\USER'. If this is
not correct please set the HOME environment variable and restart Eclipse. Otherwise Git for Windows and
EGit might behave differently since they see different configuration options.
This warning can be switched off on the Team > Git > Confirmations and Warnings preference page.

!ENTRY org.eclipse.ui 4 0 2026-07-24 15:51:43.843
!MESSAGE AbstractMarkerAnnotationModel.connected
!STACK 1
org.eclipse.core.internal.resources.ResourceException(/Day02)[372]: java.lang.Exception: Project 'Day02' is not open.
	at org.eclipse.core.internal.resources.ResourceException.provideStackTrace(ResourceException.java:42)
	at org.eclipse.core.internal.resources.ResourceException.<init>(ResourceException.java:38)
	at org.eclipse.core.internal.resources.Project.checkAccessible(Project.java:148)
	at org.eclipse.core.internal.resources.Resource.findMarkers(Resource.java:985)
	at org.eclipse.jdt.internal.ui.javaeditor.ClassFileMarkerAnnotationModel.retrieveMarkers(ClassFileMarkerAnnotationModel.java:112)
	at org.eclipse.ui.texteditor.AbstractMarkerAnnotationModel.catchupWithMarkers(AbstractMarkerAnnotationModel.java:470)
	at org.eclipse.ui.texteditor.AbstractMarkerAnnotationModel.connected(AbstractMarkerAnnotationModel.java:254)
	at org.eclipse.jface.text.source.AnnotationModel.connect(AnnotationModel.java:497)
	at org.eclipse.jface.text.source.AnnotationModel.connect(AnnotationModel.java:501)
	at org.eclipse.jface.text.source.SourceViewer.setDocument(SourceViewer.java:659)
	at org.eclipse.jface.text.source.projection.ProjectionViewer.setDocument(ProjectionViewer.java:368)
	at org.eclipse.jface.text.source.SourceViewer.setDocument(SourceViewer.java:613)
	at org.eclipse.ui.texteditor.AbstractTextEditor.initializeSourceViewer(AbstractTextEditor.java:3985)
	at org.eclipse.ui.texteditor.AbstractTextEditor.createPartControl(AbstractTextEditor.java:3477)
	at org.eclipse.ui.texteditor.StatusTextEditor.createPartControl(StatusTextEditor.java:64)
	at org.eclipse.ui.texteditor.AbstractDecoratedTextEditor.createPartControl(AbstractDecoratedTextEditor.java:454)
	at org.eclipse.jdt.internal.ui.javaeditor.JavaEditor.createPartControl(JavaEditor.java:3079)
	at org.eclipse.jdt.internal.ui.javaeditor.ClassFileEditor.createPartControl(ClassFileEditor.java:746)
	at org.eclipse.ui.internal.e4.compatibility.CompatibilityPart.createPartControl(CompatibilityPart.java:158)
	at org.eclipse.ui.internal.e4.compatibility.CompatibilityEditor.createPartControl(CompatibilityEditor.java:96)
	at org.eclipse.ui.internal.e4.compatibility.CompatibilityPart.create(CompatibilityPart.java:365)
	at jdk.internal.reflect.GeneratedMethodAccessor58.invoke(Unknown Source)
	at java.base/jdk.internal.reflect.DelegatingMethodAccessorImpl.invoke(DelegatingMethodAccessorImpl.java:43)
	at java.base/java.lang.reflect.Method.invoke(Method.java:567)
	at org.eclipse.e4.core.internal.di.MethodRequestor.execute(MethodRequestor.java:58)
	at org.eclipse.e4.core.internal.di.InjectorImpl.processAnnotated(InjectorImpl.java:999)
	at org.eclipse.e4.core.internal.di.InjectorImpl.processAnnotated(InjectorImpl.java:964)
	at org.eclipse.e4.core.internal.di.InjectorImpl.internalInject(InjectorImpl.java:140)
	at org.eclipse.e4.core.internal.di.InjectorImpl.internalMake(InjectorImpl.java:405)
	at org.eclipse.e4.core.internal.di.InjectorImpl.make(InjectorImpl.java:332)
	at org.eclipse.e4.core.contexts.ContextInjectionFactory.make(ContextInjectionFactory.java:202)
	at org.eclipse.e4.ui.internal.workbench.ReflectionContributionFactory.createFromBundle(ReflectionContributionFactory.java:91)
	at org.eclipse.e4.ui.internal.workbench.ReflectionContributionFactory.doCreate(ReflectionContributionFactory.java:60)
	at org.eclipse.e4.ui.internal.workbench.ReflectionContributionFactory.create(ReflectionContributionFactory.java:42)
	at org.eclipse.e4.ui.workbench.renderers.swt.ContributedPartRenderer.createWidget(ContributedPartRenderer.java:132)
	at org.eclipse.e4.ui.internal.workbench.swt.PartRenderingEngine.createWidget(PartRenderingEngine.java:999)
	at org.eclipse.e4.ui.internal.workbench.swt.PartRenderingEngine.safeCreateGui(PartRenderingEngine.java:659)
	at org.eclipse.e4.ui.internal.workbench.swt.PartRenderingEngine.safeCreateGui(PartRenderingEngine.java:765)
	at org.eclipse.e4.ui.internal.workbench.swt.PartRenderingEngine$2.run(PartRenderingEngine.java:730)
	at org.eclipse.core.runtime.SafeRunner.run(SafeRunner.java:45)
	at org.eclipse.e4.ui.internal.workbench.swt.PartRenderingEngine.createGui(PartRenderingEngine.java:714)
	at org.eclipse.e4.ui.internal.workbench.PartServiceImpl.createElement(PartServiceImpl.java:1303)
	at org.eclipse.e4.ui.internal.workbench.PartServiceImpl.showPart(PartServiceImpl.java:1264)
	at org.eclipse.ui.internal.WorkbenchPartReference.getPart(WorkbenchPartReference.java:397)
	at org.eclipse.ui.internal.EditorReference.getEditor(EditorReference.java:283)
	at org.eclipse.ui.internal.WorkbenchPage.findEditor(WorkbenchPage.java:2226)
	at org.eclipse.ui.NavigationLocation.getEditorPart(NavigationLocation.java:47)
	at org.eclipse.ui.NavigationLocation.getText(NavigationLocation.java:57)
	at org.eclipse.ui.internal.NavigationHistoryEntry.getHistoryText(NavigationHistoryEntry.java:99)
	at org.eclipse.ui.internal.NavigationHistoryAction.update(NavigationHistoryAction.java:254)
	at org.eclipse.ui.internal.NavigationHistory.updateActions(NavigationHistory.java:414)
	at org.eclipse.ui.internal.NavigationHistory$1.updateNavigationHistory(NavigationHistory.java:171)
	at org.eclipse.ui.internal.NavigationHistory$1.partInputChanged(NavigationHistory.java:109)
	at org.eclipse.ui.internal.WorkbenchPage$19.run(WorkbenchPage.java:5257)
	at org.eclipse.core.runtime.SafeRunner.run(SafeRunner.java:45)
	at org.eclipse.ui.internal.WorkbenchPage.firePartInputChanged(WorkbenchPage.java:5254)
	at org.eclipse.ui.internal.e4.compatibility.CompatibilityPart.lambda$3(CompatibilityPart.java:412)
	at org.eclipse.ui.part.WorkbenchPart.firePropertyChange(WorkbenchPart.java:124)
	at org.eclipse.ui.texteditor.AbstractTextEditor.firePropertyChange(AbstractTextEditor.java:6339)
	at org.eclipse.ui.texteditor.AbstractTextEditor.setInputWithNotify(AbstractTextEditor.java:4251)
	at org.eclipse.ui.texteditor.AbstractTextEditor.setInput(AbstractTextEditor.java:4263)
	at org.eclipse.ui.internal.WorkbenchPage.reuseEditor(WorkbenchPage.java:3042)
	at org.eclipse.debug.internal.ui.sourcelookup.SourceLookupFacility.openEditor(SourceLookupFacility.java:472)
	at org.eclipse.debug.internal.ui.sourcelookup.SourceLookupFacility.display(SourceLookupFacility.java:409)
	at org.eclipse.debug.internal.ui.sourcelookup.SourceLookupFacility$SourceDisplayJob.runInUIThread(SourceLookupFacility.java:740)
	at org.eclipse.ui.progress.UIJob.lambda$0(UIJob.java:95)
	at org.eclipse.swt.widgets.RunnableLock.run(RunnableLock.java:40)
	at org.eclipse.swt.widgets.Synchronizer.runAsyncMessages(Synchronizer.java:185)
	at org.eclipse.swt.widgets.Display.runAsyncMessages(Display.java:4001)
	at org.eclipse.swt.widgets.Display.readAndDispatch(Display.java:3629)
	at org.eclipse.e4.ui.internal.workbench.swt.PartRenderingEngine$5.run(PartRenderingEngine.java:1157)
	at org.eclipse.core.databinding.observable.Realm.runWithDefault(Realm.java:338)
	at org.eclipse.e4.ui.internal.workbench.swt.PartRenderingEngine.run(PartRenderingEngine.java:1046)
	at org.eclipse.e4.ui.internal.workbench.E4Workbench.createAndRunUI(E4Workbench.java:155)
	at org.eclipse.ui.internal.Workbench.lambda$3(Workbench.java:644)
	at org.eclipse.core.databinding.observable.Realm.runWithDefault(Realm.java:338)
	at org.eclipse.ui.internal.Workbench.createAndRunWorkbench(Workbench.java:551)
	at org.eclipse.ui.PlatformUI.createAndRunWorkbench(PlatformUI.java:156)
	at org.eclipse.ui.internal.ide.application.IDEApplication.start(IDEApplication.java:152)
	at org.eclipse.equinox.internal.app.EclipseAppHandle.run(EclipseAppHandle.java:203)
	at org.eclipse.core.runtime.internal.adaptor.EclipseAppLauncher.runApplication(EclipseAppLauncher.java:134)
	at org.eclipse.core.runtime.internal.adaptor.EclipseAppLauncher.start(EclipseAppLauncher.java:104)
	at org.eclipse.core.runtime.adaptor.EclipseStarter.run(EclipseStarter.java:401)
	at org.eclipse.core.runtime.adaptor.EclipseStarter.run(EclipseStarter.java:255)
	at java.base/jdk.internal.reflect.NativeMethodAccessorImpl.invoke0(Native Method)
	at java.base/jdk.internal.reflect.NativeMethodAccessorImpl.invoke(NativeMethodAccessorImpl.java:78)
	at java.base/jdk.internal.reflect.DelegatingMethodAccessorImpl.invoke(DelegatingMethodAccessorImpl.java:43)
	at java.base/java.lang.reflect.Method.invoke(Method.java:567)
	at org.eclipse.equinox.launcher.Main.invokeFramework(Main.java:654)
	at org.eclipse.equinox.launcher.Main.basicRun(Main.java:591)
	at org.eclipse.equinox.launcher.Main.run(Main.java:1462)
!SUBENTRY 1 org.eclipse.core.resources 4 372 2026-07-24 15:51:43.844
!MESSAGE Project 'Day02' is not open.
!STACK 0
java.lang.Exception: Project 'Day02' is not open.
	at org.eclipse.core.internal.resources.ResourceException.provideStackTrace(ResourceException.java:42)
	at org.eclipse.core.internal.resources.ResourceException.<init>(ResourceException.java:38)
	at org.eclipse.core.internal.resources.Project.checkAccessible(Project.java:148)
	at org.eclipse.core.internal.resources.Resource.findMarkers(Resource.java:985)
	at org.eclipse.jdt.internal.ui.javaeditor.ClassFileMarkerAnnotationModel.retrieveMarkers(ClassFileMarkerAnnotationModel.java:112)
	at org.eclipse.ui.texteditor.AbstractMarkerAnnotationModel.catchupWithMarkers(AbstractMarkerAnnotationModel.java:470)
	at org.eclipse.ui.texteditor.AbstractMarkerAnnotationModel.connected(AbstractMarkerAnnotationModel.java:254)
	at org.eclipse.jface.text.source.AnnotationModel.connect(AnnotationModel.java:497)
	at org.eclipse.jface.text.source.AnnotationModel.connect(AnnotationModel.java:501)
	at org.eclipse.jface.text.source.SourceViewer.setDocument(SourceViewer.java:659)
	at org.eclipse.jface.text.source.projection.ProjectionViewer.setDocument(ProjectionViewer.java:368)
	at org.eclipse.jface.text.source.SourceViewer.setDocument(SourceViewer.java:613)
	at org.eclipse.ui.texteditor.AbstractTextEditor.initializeSourceViewer(AbstractTextEditor.java:3985)
	at org.eclipse.ui.texteditor.AbstractTextEditor.createPartControl(AbstractTextEditor.java:3477)
	at org.eclipse.ui.texteditor.StatusTextEditor.createPartControl(StatusTextEditor.java:64)
	at org.eclipse.ui.texteditor.AbstractDecoratedTextEditor.createPartControl(AbstractDecoratedTextEditor.java:454)
	at org.eclipse.jdt.internal.ui.javaeditor.JavaEditor.createPartControl(JavaEditor.java:3079)
	at org.eclipse.jdt.internal.ui.javaeditor.ClassFileEditor.createPartControl(ClassFileEditor.java:746)
	at org.eclipse.ui.internal.e4.compatibility.CompatibilityPart.createPartControl(CompatibilityPart.java:158)
	at org.eclipse.ui.internal.e4.compatibility.CompatibilityEditor.createPartControl(CompatibilityEditor.java:96)
	at org.eclipse.ui.internal.e4.compatibility.CompatibilityPart.create(CompatibilityPart.java:365)
	at jdk.internal.reflect.GeneratedMethodAccessor58.invoke(Unknown Source)
	at java.base/jdk.internal.reflect.DelegatingMethodAccessorImpl.invoke(DelegatingMethodAccessorImpl.java:43)
	at java.base/java.lang.reflect.Method.invoke(Method.java:567)
	at org.eclipse.e4.core.internal.di.MethodRequestor.execute(MethodRequestor.java:58)
	at org.eclipse.e4.core.internal.di.InjectorImpl.processAnnotated(InjectorImpl.java:999)
	at org.eclipse.e4.core.internal.di.InjectorImpl.processAnnotated(InjectorImpl.java:964)
	at org.eclipse.e4.core.internal.di.InjectorImpl.internalInject(InjectorImpl.java:140)
	at org.eclipse.e4.core.internal.di.InjectorImpl.internalMake(InjectorImpl.java:405)
	at org.eclipse.e4.core.internal.di.InjectorImpl.make(InjectorImpl.java:332)
	at org.eclipse.e4.core.contexts.ContextInjectionFactory.make(ContextInjectionFactory.java:202)
	at org.eclipse.e4.ui.internal.workbench.ReflectionContributionFactory.createFromBundle(ReflectionContributionFactory.java:91)
	at org.eclipse.e4.ui.internal.workbench.ReflectionContributionFactory.doCreate(ReflectionContributionFactory.java:60)
	at org.eclipse.e4.ui.internal.workbench.ReflectionContributionFactory.create(ReflectionContributionFactory.java:42)
	at org.eclipse.e4.ui.workbench.renderers.swt.ContributedPartRenderer.createWidget(ContributedPartRenderer.java:132)
	at org.eclipse.e4.ui.internal.workbench.swt.PartRenderingEngine.createWidget(PartRenderingEngine.java:999)
	at org.eclipse.e4.ui.internal.workbench.swt.PartRenderingEngine.safeCreateGui(PartRenderingEngine.java:659)
	at org.eclipse.e4.ui.internal.workbench.swt.PartRenderingEngine.safeCreateGui(PartRenderingEngine.java:765)
	at org.eclipse.e4.ui.internal.workbench.swt.PartRenderingEngine$2.run(PartRenderingEngine.java:730)
	at org.eclipse.core.runtime.SafeRunner.run(SafeRunner.java:45)
	at org.eclipse.e4.ui.internal.workbench.swt.PartRenderingEngine.createGui(PartRenderingEngine.java:714)
	at org.eclipse.e4.ui.internal.workbench.PartServiceImpl.createElement(PartServiceImpl.java:1303)
	at org.eclipse.e4.ui.internal.workbench.PartServiceImpl.showPart(PartServiceImpl.java:1264)
	at org.eclipse.ui.internal.WorkbenchPartReference.getPart(WorkbenchPartReference.java:397)
	at org.eclipse.ui.internal.EditorReference.getEditor(EditorReference.java:283)
	at org.eclipse.ui.internal.WorkbenchPage.findEditor(WorkbenchPage.java:2226)
	at org.eclipse.ui.NavigationLocation.getEditorPart(NavigationLocation.java:47)
	at org.eclipse.ui.NavigationLocation.getText(NavigationLocation.java:57)
	at org.eclipse.ui.internal.NavigationHistoryEntry.getHistoryText(NavigationHistoryEntry.java:99)
	at org.eclipse.ui.internal.NavigationHistoryAction.update(NavigationHistoryAction.java:254)
	at org.eclipse.ui.internal.NavigationHistory.updateActions(NavigationHistory.java:414)
	at org.eclipse.ui.internal.NavigationHistory$1.updateNavigationHistory(NavigationHistory.java:171)
	at org.eclipse.ui.internal.NavigationHistory$1.partInputChanged(NavigationHistory.java:109)
	at org.eclipse.ui.internal.WorkbenchPage$19.run(WorkbenchPage.java:5257)
	at org.eclipse.core.runtime.SafeRunner.run(SafeRunner.java:45)
	at org.eclipse.ui.internal.WorkbenchPage.firePartInputChanged(WorkbenchPage.java:5254)
	at org.eclipse.ui.internal.e4.compatibility.CompatibilityPart.lambda$3(CompatibilityPart.java:412)
	at org.eclipse.ui.part.WorkbenchPart.firePropertyChange(WorkbenchPart.java:124)
	at org.eclipse.ui.texteditor.AbstractTextEditor.firePropertyChange(AbstractTextEditor.java:6339)
	at org.eclipse.ui.texteditor.AbstractTextEditor.setInputWithNotify(AbstractTextEditor.java:4251)
	at org.eclipse.ui.texteditor.AbstractTextEditor.setInput(AbstractTextEditor.java:4263)
	at org.eclipse.ui.internal.WorkbenchPage.reuseEditor(WorkbenchPage.java:3042)
	at org.eclipse.debug.internal.ui.sourcelookup.SourceLookupFacility.openEditor(SourceLookupFacility.java:472)
	at org.eclipse.debug.internal.ui.sourcelookup.SourceLookupFacility.display(SourceLookupFacility.java:409)
	at org.eclipse.debug.internal.ui.sourcelookup.SourceLookupFacility$SourceDisplayJob.runInUIThread(SourceLookupFacility.java:740)
	at org.eclipse.ui.progress.UIJob.lambda$0(UIJob.java:95)
	at org.eclipse.swt.widgets.RunnableLock.run(RunnableLock.java:40)
	at org.eclipse.swt.widgets.Synchronizer.runAsyncMessages(Synchronizer.java:185)
	at org.eclipse.swt.widgets.Display.runAsyncMessages(Display.java:4001)
	at org.eclipse.swt.widgets.Display.readAndDispatch(Display.java:3629)
	at org.eclipse.e4.ui.internal.workbench.swt.PartRenderingEngine$5.run(PartRenderingEngine.java:1157)
	at org.eclipse.core.databinding.observable.Realm.runWithDefault(Realm.java:338)
	at org.eclipse.e4.ui.internal.workbench.swt.PartRenderingEngine.run(PartRenderingEngine.java:1046)
	at org.eclipse.e4.ui.internal.workbench.E4Workbench.createAndRunUI(E4Workbench.java:155)
	at org.eclipse.ui.internal.Workbench.lambda$3(Workbench.java:644)
	at org.eclipse.core.databinding.observable.Realm.runWithDefault(Realm.java:338)
	at org.eclipse.ui.internal.Workbench.createAndRunWorkbench(Workbench.java:551)
	at org.eclipse.ui.PlatformUI.createAndRunWorkbench(PlatformUI.java:156)
	at org.eclipse.ui.internal.ide.application.IDEApplication.start(IDEApplication.java:152)
	at org.eclipse.equinox.internal.app.EclipseAppHandle.run(EclipseAppHandle.java:203)
	at org.eclipse.core.runtime.internal.adaptor.EclipseAppLauncher.runApplication(EclipseAppLauncher.java:134)
	at org.eclipse.core.runtime.internal.adaptor.EclipseAppLauncher.start(EclipseAppLauncher.java:104)
	at org.eclipse.core.runtime.adaptor.EclipseStarter.run(EclipseStarter.java:401)
	at org.eclipse.core.runtime.adaptor.EclipseStarter.run(EclipseStarter.java:255)
	at java.base/jdk.internal.reflect.NativeMethodAccessorImpl.invoke0(Native Method)
	at java.base/jdk.internal.reflect.NativeMethodAccessorImpl.invoke(NativeMethodAccessorImpl.java:78)
	at java.base/jdk.internal.reflect.DelegatingMethodAccessorImpl.invoke(DelegatingMethodAccessorImpl.java:43)
	at java.base/java.lang.reflect.Method.invoke(Method.java:567)
	at org.eclipse.equinox.launcher.Main.invokeFramework(Main.java:654)
	at org.eclipse.equinox.launcher.Main.basicRun(Main.java:591)
	at org.eclipse.equinox.launcher.Main.run(Main.java:1462)

!ENTRY org.eclipse.ui 4 0 2026-07-24 15:56:07.797
!MESSAGE AbstractMarkerAnnotationModel.connected
!STACK 1
org.eclipse.core.internal.resources.ResourceException(/Day02)[372]: java.lang.Exception: Project 'Day02' is not open.
	at org.eclipse.core.internal.resources.ResourceException.provideStackTrace(ResourceException.java:42)
	at org.eclipse.core.internal.resources.ResourceException.<init>(ResourceException.java:38)
	at org.eclipse.core.internal.resources.Project.checkAccessible(Project.java:148)
	at org.eclipse.core.internal.resources.Resource.findMarkers(Resource.java:985)
	at org.eclipse.jdt.internal.ui.javaeditor.ClassFileMarkerAnnotationModel.retrieveMarkers(ClassFileMarkerAnnotationModel.java:112)
	at org.eclipse.ui.texteditor.AbstractMarkerAnnotationModel.catchupWithMarkers(AbstractMarkerAnnotationModel.java:470)
	at org.eclipse.ui.texteditor.AbstractMarkerAnnotationModel.connected(AbstractMarkerAnnotationModel.java:254)
	at org.eclipse.jface.text.source.AnnotationModel.connect(AnnotationModel.java:497)
	at org.eclipse.jface.text.source.AnnotationModel.connect(AnnotationModel.java:501)
	at org.eclipse.jface.text.source.SourceViewer.setDocument(SourceViewer.java:659)
	at org.eclipse.jface.text.source.projection.ProjectionViewer.setDocument(ProjectionViewer.java:368)
	at org.eclipse.jface.text.source.SourceViewer.setDocument(SourceViewer.java:613)
	at org.eclipse.ui.texteditor.AbstractTextEditor.initializeSourceViewer(AbstractTextEditor.java:3985)
	at org.eclipse.ui.texteditor.AbstractTextEditor.createPartControl(AbstractTextEditor.java:3477)
	at org.eclipse.ui.texteditor.StatusTextEditor.createPartControl(StatusTextEditor.java:64)
	at org.eclipse.ui.texteditor.AbstractDecoratedTextEditor.createPartControl(AbstractDecoratedTextEditor.java:454)
	at org.eclipse.jdt.internal.ui.javaeditor.JavaEditor.createPartControl(JavaEditor.java:3079)
	at org.eclipse.jdt.internal.ui.javaeditor.ClassFileEditor.createPartControl(ClassFileEditor.java:746)
	at org.eclipse.ui.internal.e4.compatibility.CompatibilityPart.createPartControl(CompatibilityPart.java:158)
	at org.eclipse.ui.internal.e4.compatibility.CompatibilityEditor.createPartControl(CompatibilityEditor.java:96)
	at org.eclipse.ui.internal.e4.compatibility.CompatibilityPart.create(CompatibilityPart.java:365)
	at jdk.internal.reflect.GeneratedMethodAccessor58.invoke(Unknown Source)
	at java.base/jdk.internal.reflect.DelegatingMethodAccessorImpl.invoke(DelegatingMethodAccessorImpl.java:43)
	at java.base/java.lang.reflect.Method.invoke(Method.java:567)
	at org.eclipse.e4.core.internal.di.MethodRequestor.execute(MethodRequestor.java:58)
	at org.eclipse.e4.core.internal.di.InjectorImpl.processAnnotated(InjectorImpl.java:999)
	at org.eclipse.e4.core.internal.di.InjectorImpl.processAnnotated(InjectorImpl.java:964)
	at org.eclipse.e4.core.internal.di.InjectorImpl.internalInject(InjectorImpl.java:140)
	at org.eclipse.e4.core.internal.di.InjectorImpl.internalMake(InjectorImpl.java:405)
	at org.eclipse.e4.core.internal.di.InjectorImpl.make(InjectorImpl.java:332)
	at org.eclipse.e4.core.contexts.ContextInjectionFactory.make(ContextInjectionFactory.java:202)
	at org.eclipse.e4.ui.internal.workbench.ReflectionContributionFactory.createFromBundle(ReflectionContributionFactory.java:91)
	at org.eclipse.e4.ui.internal.workbench.ReflectionContributionFactory.doCreate(ReflectionContributionFactory.java:60)
	at org.eclipse.e4.ui.internal.workbench.ReflectionContributionFactory.create(ReflectionContributionFactory.java:42)
	at org.eclipse.e4.ui.workbench.renderers.swt.ContributedPartRenderer.createWidget(ContributedPartRenderer.java:132)
	at org.eclipse.e4.ui.internal.workbench.swt.PartRenderingEngine.createWidget(PartRenderingEngine.java:999)
	at org.eclipse.e4.ui.internal.workbench.swt.PartRenderingEngine.safeCreateGui(PartRenderingEngine.java:659)
	at org.eclipse.e4.ui.internal.workbench.swt.PartRenderingEngine.safeCreateGui(PartRenderingEngine.java:765)
	at org.eclipse.e4.ui.internal.workbench.swt.PartRenderingEngine$2.run(PartRenderingEngine.java:730)
	at org.eclipse.core.runtime.SafeRunner.run(SafeRunner.java:45)
	at org.eclipse.e4.ui.internal.workbench.swt.PartRenderingEngine.createGui(PartRenderingEngine.java:714)
	at org.eclipse.e4.ui.internal.workbench.PartServiceImpl.createElement(PartServiceImpl.java:1303)
	at org.eclipse.e4.ui.internal.workbench.PartServiceImpl.showPart(PartServiceImpl.java:1264)
	at org.eclipse.ui.internal.WorkbenchPartReference.getPart(WorkbenchPartReference.java:397)
	at org.eclipse.ui.internal.EditorReference.getEditor(EditorReference.java:283)
	at org.eclipse.ui.internal.WorkbenchPage.findEditor(WorkbenchPage.java:2226)
	at org.eclipse.ui.NavigationLocation.getEditorPart(NavigationLocation.java:47)
	at org.eclipse.ui.NavigationLocation.getText(NavigationLocation.java:57)
	at org.eclipse.ui.internal.NavigationHistoryEntry.getHistoryText(NavigationHistoryEntry.java:99)
	at org.eclipse.ui.internal.NavigationHistoryAction.update(NavigationHistoryAction.java:254)
	at org.eclipse.ui.internal.NavigationHistory.updateActions(NavigationHistory.java:414)
	at org.eclipse.ui.internal.NavigationHistory$1.updateNavigationHistory(NavigationHistory.java:171)
	at org.eclipse.ui.internal.NavigationHistory$1.partInputChanged(NavigationHistory.java:109)
	at org.eclipse.ui.internal.WorkbenchPage$19.run(WorkbenchPage.java:5257)
	at org.eclipse.core.runtime.SafeRunner.run(SafeRunner.java:45)
	at org.eclipse.ui.internal.WorkbenchPage.firePartInputChanged(WorkbenchPage.java:5254)
	at org.eclipse.ui.internal.e4.compatibility.CompatibilityPart.lambda$3(CompatibilityPart.java:412)
	at org.eclipse.ui.part.WorkbenchPart.firePropertyChange(WorkbenchPart.java:124)
	at org.eclipse.ui.texteditor.AbstractTextEditor.firePropertyChange(AbstractTextEditor.java:6339)
	at org.eclipse.ui.texteditor.AbstractTextEditor.setInputWithNotify(AbstractTextEditor.java:4251)
	at org.eclipse.ui.texteditor.AbstractTextEditor.setInput(AbstractTextEditor.java:4263)
	at org.eclipse.ui.internal.WorkbenchPage.reuseEditor(WorkbenchPage.java:3042)
	at org.eclipse.debug.internal.ui.sourcelookup.SourceLookupFacility.openEditor(SourceLookupFacility.java:472)
	at org.eclipse.debug.internal.ui.sourcelookup.SourceLookupFacility.display(SourceLookupFacility.java:409)
	at org.eclipse.debug.internal.ui.sourcelookup.SourceLookupFacility$SourceDisplayJob.runInUIThread(SourceLookupFacility.java:740)
	at org.eclipse.ui.progress.UIJob.lambda$0(UIJob.java:95)
	at org.eclipse.swt.widgets.RunnableLock.run(RunnableLock.java:40)
	at org.eclipse.swt.widgets.Synchronizer.runAsyncMessages(Synchronizer.java:185)
	at org.eclipse.swt.widgets.Display.runAsyncMessages(Display.java:4001)
	at org.eclipse.swt.widgets.Display.readAndDispatch(Display.java:3629)
	at org.eclipse.e4.ui.internal.workbench.swt.PartRenderingEngine$5.run(PartRenderingEngine.java:1157)
	at org.eclipse.core.databinding.observable.Realm.runWithDefault(Realm.java:338)
	at org.eclipse.e4.ui.internal.workbench.swt.PartRenderingEngine.run(PartRenderingEngine.java:1046)
	at org.eclipse.e4.ui.internal.workbench.E4Workbench.createAndRunUI(E4Workbench.java:155)
	at org.eclipse.ui.internal.Workbench.lambda$3(Workbench.java:644)
	at org.eclipse.core.databinding.observable.Realm.runWithDefault(Realm.java:338)
	at org.eclipse.ui.internal.Workbench.createAndRunWorkbench(Workbench.java:551)
	at org.eclipse.ui.PlatformUI.createAndRunWorkbench(PlatformUI.java:156)
	at org.eclipse.ui.internal.ide.application.IDEApplication.start(IDEApplication.java:152)
	at org.eclipse.equinox.internal.app.EclipseAppHandle.run(EclipseAppHandle.java:203)
	at org.eclipse.core.runtime.internal.adaptor.EclipseAppLauncher.runApplication(EclipseAppLauncher.java:134)
	at org.eclipse.core.runtime.internal.adaptor.EclipseAppLauncher.start(EclipseAppLauncher.java:104)
	at org.eclipse.core.runtime.adaptor.EclipseStarter.run(EclipseStarter.java:401)
	at org.eclipse.core.runtime.adaptor.EclipseStarter.run(EclipseStarter.java:255)
	at java.base/jdk.internal.reflect.NativeMethodAccessorImpl.invoke0(Native Method)
	at java.base/jdk.internal.reflect.NativeMethodAccessorImpl.invoke(NativeMethodAccessorImpl.java:78)
	at java.base/jdk.internal.reflect.DelegatingMethodAccessorImpl.invoke(DelegatingMethodAccessorImpl.java:43)
	at java.base/java.lang.reflect.Method.invoke(Method.java:567)
	at org.eclipse.equinox.launcher.Main.invokeFramework(Main.java:654)
	at org.eclipse.equinox.launcher.Main.basicRun(Main.java:591)
	at org.eclipse.equinox.launcher.Main.run(Main.java:1462)
!SUBENTRY 1 org.eclipse.core.resources 4 372 2026-07-24 15:56:07.797
!MESSAGE Project 'Day02' is not open.
!STACK 0
java.lang.Exception: Project 'Day02' is not open.
	at org.eclipse.core.internal.resources.ResourceException.provideStackTrace(ResourceException.java:42)
	at org.eclipse.core.internal.resources.ResourceException.<init>(ResourceException.java:38)
	at org.eclipse.core.internal.resources.Project.checkAccessible(Project.java:148)
	at org.eclipse.core.internal.resources.Resource.findMarkers(Resource.java:985)
	at org.eclipse.jdt.internal.ui.javaeditor.ClassFileMarkerAnnotationModel.retrieveMarkers(ClassFileMarkerAnnotationModel.java:112)
	at org.eclipse.ui.texteditor.AbstractMarkerAnnotationModel.catchupWithMarkers(AbstractMarkerAnnotationModel.java:470)
	at org.eclipse.ui.texteditor.AbstractMarkerAnnotationModel.connected(AbstractMarkerAnnotationModel.java:254)
	at org.eclipse.jface.text.source.AnnotationModel.connect(AnnotationModel.java:497)
	at org.eclipse.jface.text.source.AnnotationModel.connect(AnnotationModel.java:501)
	at org.eclipse.jface.text.source.SourceViewer.setDocument(SourceViewer.java:659)
	at org.eclipse.jface.text.source.projection.ProjectionViewer.setDocument(ProjectionViewer.java:368)
	at org.eclipse.jface.text.source.SourceViewer.setDocument(SourceViewer.java:613)
	at org.eclipse.ui.texteditor.AbstractTextEditor.initializeSourceViewer(AbstractTextEditor.java:3985)
	at org.eclipse.ui.texteditor.AbstractTextEditor.createPartControl(AbstractTextEditor.java:3477)
	at org.eclipse.ui.texteditor.StatusTextEditor.createPartControl(StatusTextEditor.java:64)
	at org.eclipse.ui.texteditor.AbstractDecoratedTextEditor.createPartControl(AbstractDecoratedTextEditor.java:454)
	at org.eclipse.jdt.internal.ui.javaeditor.JavaEditor.createPartControl(JavaEditor.java:3079)
	at org.eclipse.jdt.internal.ui.javaeditor.ClassFileEditor.createPartControl(ClassFileEditor.java:746)
	at org.eclipse.ui.internal.e4.compatibility.CompatibilityPart.createPartControl(CompatibilityPart.java:158)
	at org.eclipse.ui.internal.e4.compatibility.CompatibilityEditor.createPartControl(CompatibilityEditor.java:96)
	at org.eclipse.ui.internal.e4.compatibility.CompatibilityPart.create(CompatibilityPart.java:365)
	at jdk.internal.reflect.GeneratedMethodAccessor58.invoke(Unknown Source)
	at java.base/jdk.internal.reflect.DelegatingMethodAccessorImpl.invoke(DelegatingMethodAccessorImpl.java:43)
	at java.base/java.lang.reflect.Method.invoke(Method.java:567)
	at org.eclipse.e4.core.internal.di.MethodRequestor.execute(MethodRequestor.java:58)
	at org.eclipse.e4.core.internal.di.InjectorImpl.processAnnotated(InjectorImpl.java:999)
	at org.eclipse.e4.core.internal.di.InjectorImpl.processAnnotated(InjectorImpl.java:964)
	at org.eclipse.e4.core.internal.di.InjectorImpl.internalInject(InjectorImpl.java:140)
	at org.eclipse.e4.core.internal.di.InjectorImpl.internalMake(InjectorImpl.java:405)
	at org.eclipse.e4.core.internal.di.InjectorImpl.make(InjectorImpl.java:332)
	at org.eclipse.e4.core.contexts.ContextInjectionFactory.make(ContextInjectionFactory.java:202)
	at org.eclipse.e4.ui.internal.workbench.ReflectionContributionFactory.createFromBundle(ReflectionContributionFactory.java:91)
	at org.eclipse.e4.ui.internal.workbench.ReflectionContributionFactory.doCreate(ReflectionContributionFactory.java:60)
	at org.eclipse.e4.ui.internal.workbench.ReflectionContributionFactory.create(ReflectionContributionFactory.java:42)
	at org.eclipse.e4.ui.workbench.renderers.swt.ContributedPartRenderer.createWidget(ContributedPartRenderer.java:132)
	at org.eclipse.e4.ui.internal.workbench.swt.PartRenderingEngine.createWidget(PartRenderingEngine.java:999)
	at org.eclipse.e4.ui.internal.workbench.swt.PartRenderingEngine.safeCreateGui(PartRenderingEngine.java:659)
	at org.eclipse.e4.ui.internal.workbench.swt.PartRenderingEngine.safeCreateGui(PartRenderingEngine.java:765)
	at org.eclipse.e4.ui.internal.workbench.swt.PartRenderingEngine$2.run(PartRenderingEngine.java:730)
	at org.eclipse.core.runtime.SafeRunner.run(SafeRunner.java:45)
	at org.eclipse.e4.ui.internal.workbench.swt.PartRenderingEngine.createGui(PartRenderingEngine.java:714)
	at org.eclipse.e4.ui.internal.workbench.PartServiceImpl.createElement(PartServiceImpl.java:1303)
	at org.eclipse.e4.ui.internal.workbench.PartServiceImpl.showPart(PartServiceImpl.java:1264)
	at org.eclipse.ui.internal.WorkbenchPartReference.getPart(WorkbenchPartReference.java:397)
	at org.eclipse.ui.internal.EditorReference.getEditor(EditorReference.java:283)
	at org.eclipse.ui.internal.WorkbenchPage.findEditor(WorkbenchPage.java:2226)
	at org.eclipse.ui.NavigationLocation.getEditorPart(NavigationLocation.java:47)
	at org.eclipse.ui.NavigationLocation.getText(NavigationLocation.java:57)
	at org.eclipse.ui.internal.NavigationHistoryEntry.getHistoryText(NavigationHistoryEntry.java:99)
	at org.eclipse.ui.internal.NavigationHistoryAction.update(NavigationHistoryAction.java:254)
	at org.eclipse.ui.internal.NavigationHistory.updateActions(NavigationHistory.java:414)
	at org.eclipse.ui.internal.NavigationHistory$1.updateNavigationHistory(NavigationHistory.java:171)
	at org.eclipse.ui.internal.NavigationHistory$1.partInputChanged(NavigationHistory.java:109)
	at org.eclipse.ui.internal.WorkbenchPage$19.run(WorkbenchPage.java:5257)
	at org.eclipse.core.runtime.SafeRunner.run(SafeRunner.java:45)
	at org.eclipse.ui.internal.WorkbenchPage.firePartInputChanged(WorkbenchPage.java:5254)
	at org.eclipse.ui.internal.e4.compatibility.CompatibilityPart.lambda$3(CompatibilityPart.java:412)
	at org.eclipse.ui.part.WorkbenchPart.firePropertyChange(WorkbenchPart.java:124)
	at org.eclipse.ui.texteditor.AbstractTextEditor.firePropertyChange(AbstractTextEditor.java:6339)
	at org.eclipse.ui.texteditor.AbstractTextEditor.setInputWithNotify(AbstractTextEditor.java:4251)
	at org.eclipse.ui.texteditor.AbstractTextEditor.setInput(AbstractTextEditor.java:4263)
	at org.eclipse.ui.internal.WorkbenchPage.reuseEditor(WorkbenchPage.java:3042)
	at org.eclipse.debug.internal.ui.sourcelookup.SourceLookupFacility.openEditor(SourceLookupFacility.java:472)
	at org.eclipse.debug.internal.ui.sourcelookup.SourceLookupFacility.display(SourceLookupFacility.java:409)
	at org.eclipse.debug.internal.ui.sourcelookup.SourceLookupFacility$SourceDisplayJob.runInUIThread(SourceLookupFacility.java:740)
	at org.eclipse.ui.progress.UIJob.lambda$0(UIJob.java:95)
	at org.eclipse.swt.widgets.RunnableLock.run(RunnableLock.java:40)
	at org.eclipse.swt.widgets.Synchronizer.runAsyncMessages(Synchronizer.java:185)
	at org.eclipse.swt.widgets.Display.runAsyncMessages(Display.java:4001)
	at org.eclipse.swt.widgets.Display.readAndDispatch(Display.java:3629)
	at org.eclipse.e4.ui.internal.workbench.swt.PartRenderingEngine$5.run(PartRenderingEngine.java:1157)
	at org.eclipse.core.databinding.observable.Realm.runWithDefault(Realm.java:338)
	at org.eclipse.e4.ui.internal.workbench.swt.PartRenderingEngine.run(PartRenderingEngine.java:1046)
	at org.eclipse.e4.ui.internal.workbench.E4Workbench.createAndRunUI(E4Workbench.java:155)
	at org.eclipse.ui.internal.Workbench.lambda$3(Workbench.java:644)
	at org.eclipse.core.databinding.observable.Realm.runWithDefault(Realm.java:338)
	at org.eclipse.ui.internal.Workbench.createAndRunWorkbench(Workbench.java:551)
	at org.eclipse.ui.PlatformUI.createAndRunWorkbench(PlatformUI.java:156)
	at org.eclipse.ui.internal.ide.application.IDEApplication.start(IDEApplication.java:152)
	at org.eclipse.equinox.internal.app.EclipseAppHandle.run(EclipseAppHandle.java:203)
	at org.eclipse.core.runtime.internal.adaptor.EclipseAppLauncher.runApplication(EclipseAppLauncher.java:134)
	at org.eclipse.core.runtime.internal.adaptor.EclipseAppLauncher.start(EclipseAppLauncher.java:104)
	at org.eclipse.core.runtime.adaptor.EclipseStarter.run(EclipseStarter.java:401)
	at org.eclipse.core.runtime.adaptor.EclipseStarter.run(EclipseStarter.java:255)
	at java.base/jdk.internal.reflect.NativeMethodAccessorImpl.invoke0(Native Method)
	at java.base/jdk.internal.reflect.NativeMethodAccessorImpl.invoke(NativeMethodAccessorImpl.java:78)
	at java.base/jdk.internal.reflect.DelegatingMethodAccessorImpl.invoke(DelegatingMethodAccessorImpl.java:43)
	at java.base/java.lang.reflect.Method.invoke(Method.java:567)
	at org.eclipse.equinox.launcher.Main.invokeFramework(Main.java:654)
	at org.eclipse.equinox.launcher.Main.basicRun(Main.java:591)
	at org.eclipse.equinox.launcher.Main.run(Main.java:1462)
!SESSION 2026-07-24 17:41:28.672 -----------------------------------------------
eclipse.buildId=4.20.0.I20210611-1600
java.version=16.0.1
java.vendor=Oracle Corporation
BootLoader constants: OS=win32, ARCH=x86_64, WS=win32, NL=ko_KR
Framework arguments:  -product org.eclipse.epp.package.java.product
Command-line arguments:  -os win32 -ws win32 -arch x86_64 -product org.eclipse.epp.package.java.product

!ENTRY org.eclipse.jface 2 0 2026-07-24 17:41:33.711
!MESSAGE Keybinding conflicts occurred.  They may interfere with normal accelerator operation.
!SUBENTRY 1 org.eclipse.jface 2 0 2026-07-24 17:41:33.711
!MESSAGE A conflict occurred for CTRL+SHIFT+T:
Binding(CTRL+SHIFT+T,
	ParameterizedCommand(Command(org.eclipse.jdt.ui.navigate.open.type,Open Type,
		Open a type in a Java editor,
		Category(org.eclipse.ui.category.navigate,Navigate,null,true),
		org.eclipse.ui.internal.WorkbenchHandlerServiceHandler@23f8036d,
		,,true),null),
	org.eclipse.ui.defaultAcceleratorConfiguration,
	org.eclipse.ui.contexts.window,,,system)
Binding(CTRL+SHIFT+T,
	ParameterizedCommand(Command(org.eclipse.lsp4e.symbolinworkspace,Go to Symbol in Workspace,
		,
		Category(org.eclipse.lsp4e.category,Language Servers,null,true),
		org.eclipse.ui.internal.WorkbenchHandlerServiceHandler@68f69ca3,
		,,true),null),
	org.eclipse.ui.defaultAcceleratorConfiguration,
	org.eclipse.ui.contexts.window,,,system)

!ENTRY org.eclipse.egit.ui 2 0 2026-07-24 17:41:37.186
!MESSAGE Warning: The environment variable HOME is not set. The following directory will be used to store the Git
user global configuration and to define the default location to store repositories: 'C:\Users\USER'. If this is
not correct please set the HOME environment variable and restart Eclipse. Otherwise Git for Windows and
EGit might behave differently since they see different configuration options.
This warning can be switched off on the Team > Git > Confirmations and Warnings preference page.
!SESSION 2026-07-27 14:10:43.831 -----------------------------------------------
eclipse.buildId=4.20.0.I20210611-1600
java.version=16.0.1
java.vendor=Oracle Corporation
BootLoader constants: OS=win32, ARCH=x86_64, WS=win32, NL=ko_KR
Framework arguments:  -product org.eclipse.epp.package.java.product
Command-line arguments:  -os win32 -ws win32 -arch x86_64 -product org.eclipse.epp.package.java.product

!ENTRY org.eclipse.jface 2 0 2026-07-27 14:10:48.865
!MESSAGE Keybinding conflicts occurred.  They may interfere with normal accelerator operation.
!SUBENTRY 1 org.eclipse.jface 2 0 2026-07-27 14:10:48.865
!MESSAGE A conflict occurred for CTRL+SHIFT+T:
Binding(CTRL+SHIFT+T,
	ParameterizedCommand(Command(org.eclipse.jdt.ui.navigate.open.type,Open Type,
		Open a type in a Java editor,
		Category(org.eclipse.ui.category.navigate,Navigate,null,true),
		org.eclipse.ui.internal.WorkbenchHandlerServiceHandler@7e76a66f,
		,,true),null),
	org.eclipse.ui.defaultAcceleratorConfiguration,
	org.eclipse.ui.contexts.window,,,system)
Binding(CTRL+SHIFT+T,
	ParameterizedCommand(Command(org.eclipse.lsp4e.symbolinworkspace,Go to Symbol in Workspace,
		,
		Category(org.eclipse.lsp4e.category,Language Servers,null,true),
		org.eclipse.ui.internal.WorkbenchHandlerServiceHandler@72237be8,
		,,true),null),
	org.eclipse.ui.defaultAcceleratorConfiguration,
	org.eclipse.ui.contexts.window,,,system)

!ENTRY org.eclipse.egit.ui 2 0 2026-07-27 14:10:52.529
!MESSAGE Warning: The environment variable HOME is not set. The following directory will be used to store the Git
user global configuration and to define the default location to store repositories: 'C:\Users\USER'. If this is
not correct please set the HOME environment variable and restart Eclipse. Otherwise Git for Windows and
EGit might behave differently since they see different configuration options.
This warning can be switched off on the Team > Git > Confirmations and Warnings preference page.

!ENTRY org.eclipse.ui 4 0 2026-07-27 15:21:42.019
!MESSAGE AbstractMarkerAnnotationModel.connected
!STACK 1
org.eclipse.core.internal.resources.ResourceException(/KUJI DAY01)[372]: java.lang.Exception: Project 'KUJI DAY01' is not open.
	at org.eclipse.core.internal.resources.ResourceException.provideStackTrace(ResourceException.java:42)
	at org.eclipse.core.internal.resources.ResourceException.<init>(ResourceException.java:38)
	at org.eclipse.core.internal.resources.Project.checkAccessible(Project.java:148)
	at org.eclipse.core.internal.resources.Resource.findMarkers(Resource.java:985)
	at org.eclipse.jdt.internal.ui.javaeditor.ClassFileMarkerAnnotationModel.retrieveMarkers(ClassFileMarkerAnnotationModel.java:112)
	at org.eclipse.ui.texteditor.AbstractMarkerAnnotationModel.catchupWithMarkers(AbstractMarkerAnnotationModel.java:470)
	at org.eclipse.ui.texteditor.AbstractMarkerAnnotationModel.connected(AbstractMarkerAnnotationModel.java:254)
	at org.eclipse.jface.text.source.AnnotationModel.connect(AnnotationModel.java:497)
	at org.eclipse.jface.text.source.AnnotationModel.connect(AnnotationModel.java:501)
	at org.eclipse.jface.text.source.SourceViewer.setDocument(SourceViewer.java:659)
	at org.eclipse.jface.text.source.projection.ProjectionViewer.setDocument(ProjectionViewer.java:368)
	at org.eclipse.jface.text.source.SourceViewer.setDocument(SourceViewer.java:613)
	at org.eclipse.ui.texteditor.AbstractTextEditor.initializeSourceViewer(AbstractTextEditor.java:3985)
	at org.eclipse.ui.texteditor.AbstractTextEditor.createPartControl(AbstractTextEditor.java:3477)
	at org.eclipse.ui.texteditor.StatusTextEditor.createPartControl(StatusTextEditor.java:64)
	at org.eclipse.ui.texteditor.AbstractDecoratedTextEditor.createPartControl(AbstractDecoratedTextEditor.java:454)
	at org.eclipse.jdt.internal.ui.javaeditor.JavaEditor.createPartControl(JavaEditor.java:3079)
	at org.eclipse.jdt.internal.ui.javaeditor.ClassFileEditor.createPartControl(ClassFileEditor.java:746)
	at org.eclipse.ui.internal.e4.compatibility.CompatibilityPart.createPartControl(CompatibilityPart.java:158)
	at org.eclipse.ui.internal.e4.compatibility.CompatibilityEditor.createPartControl(CompatibilityEditor.java:96)
	at org.eclipse.ui.internal.e4.compatibility.CompatibilityPart.create(CompatibilityPart.java:365)
	at jdk.internal.reflect.GeneratedMethodAccessor58.invoke(Unknown Source)
	at java.base/jdk.internal.reflect.DelegatingMethodAccessorImpl.invoke(DelegatingMethodAccessorImpl.java:43)
	at java.base/java.lang.reflect.Method.invoke(Method.java:567)
	at org.eclipse.e4.core.internal.di.MethodRequestor.execute(MethodRequestor.java:58)
	at org.eclipse.e4.core.internal.di.InjectorImpl.processAnnotated(InjectorImpl.java:999)
	at org.eclipse.e4.core.internal.di.InjectorImpl.processAnnotated(InjectorImpl.java:964)
	at org.eclipse.e4.core.internal.di.InjectorImpl.internalInject(InjectorImpl.java:140)
	at org.eclipse.e4.core.internal.di.InjectorImpl.internalMake(InjectorImpl.java:405)
	at org.eclipse.e4.core.internal.di.InjectorImpl.make(InjectorImpl.java:332)
	at org.eclipse.e4.core.contexts.ContextInjectionFactory.make(ContextInjectionFactory.java:202)
	at org.eclipse.e4.ui.internal.workbench.ReflectionContributionFactory.createFromBundle(ReflectionContributionFactory.java:91)
	at org.eclipse.e4.ui.internal.workbench.ReflectionContributionFactory.doCreate(ReflectionContributionFactory.java:60)
	at org.eclipse.e4.ui.internal.workbench.ReflectionContributionFactory.create(ReflectionContributionFactory.java:42)
	at org.eclipse.e4.ui.workbench.renderers.swt.ContributedPartRenderer.createWidget(ContributedPartRenderer.java:132)
	at org.eclipse.e4.ui.internal.workbench.swt.PartRenderingEngine.createWidget(PartRenderingEngine.java:999)
	at org.eclipse.e4.ui.internal.workbench.swt.PartRenderingEngine.safeCreateGui(PartRenderingEngine.java:659)
	at org.eclipse.e4.ui.internal.workbench.swt.PartRenderingEngine.safeCreateGui(PartRenderingEngine.java:765)
	at org.eclipse.e4.ui.internal.workbench.swt.PartRenderingEngine$2.run(PartRenderingEngine.java:730)
	at org.eclipse.core.runtime.SafeRunner.run(SafeRunner.java:45)
	at org.eclipse.e4.ui.internal.workbench.swt.PartRenderingEngine.createGui(PartRenderingEngine.java:714)
	at org.eclipse.e4.ui.internal.workbench.PartServiceImpl.createElement(PartServiceImpl.java:1303)
	at org.eclipse.e4.ui.internal.workbench.PartServiceImpl.showPart(PartServiceImpl.java:1264)
	at org.eclipse.ui.internal.WorkbenchPartReference.getPart(WorkbenchPartReference.java:397)
	at org.eclipse.ui.internal.EditorReference.getEditor(EditorReference.java:283)
	at org.eclipse.ui.internal.WorkbenchPage.busyOpenEditor(WorkbenchPage.java:3149)
	at org.eclipse.ui.internal.WorkbenchPage.lambda$9(WorkbenchPage.java:3100)
	at org.eclipse.swt.custom.BusyIndicator.showWhile(BusyIndicator.java:74)
	at org.eclipse.ui.internal.WorkbenchPage.openEditor(WorkbenchPage.java:3098)
	at org.eclipse.ui.internal.WorkbenchPage.openEditor(WorkbenchPage.java:3068)
	at org.eclipse.ui.internal.WorkbenchPage.openEditor(WorkbenchPage.java:3051)
	at org.eclipse.jdt.internal.debug.ui.console.JavaStackTraceHyperlink.processSearchResult(JavaStackTraceHyperlink.java:173)
	at org.eclipse.jdt.internal.debug.ui.console.JavaStackTraceHyperlink$2.runInUIThread(JavaStackTraceHyperlink.java:150)
	at org.eclipse.ui.progress.UIJob.lambda$0(UIJob.java:95)
	at org.eclipse.swt.widgets.RunnableLock.run(RunnableLock.java:40)
	at org.eclipse.swt.widgets.Synchronizer.runAsyncMessages(Synchronizer.java:185)
	at org.eclipse.swt.widgets.Display.runAsyncMessages(Display.java:4001)
	at org.eclipse.swt.widgets.Display.readAndDispatch(Display.java:3629)
	at org.eclipse.e4.ui.internal.workbench.swt.PartRenderingEngine$5.run(PartRenderingEngine.java:1157)
	at org.eclipse.core.databinding.observable.Realm.runWithDefault(Realm.java:338)
	at org.eclipse.e4.ui.internal.workbench.swt.PartRenderingEngine.run(PartRenderingEngine.java:1046)
	at org.eclipse.e4.ui.internal.workbench.E4Workbench.createAndRunUI(E4Workbench.java:155)
	at org.eclipse.ui.internal.Workbench.lambda$3(Workbench.java:644)
	at org.eclipse.core.databinding.observable.Realm.runWithDefault(Realm.java:338)
	at org.eclipse.ui.internal.Workbench.createAndRunWorkbench(Workbench.java:551)
	at org.eclipse.ui.PlatformUI.createAndRunWorkbench(PlatformUI.java:156)
	at org.eclipse.ui.internal.ide.application.IDEApplication.start(IDEApplication.java:152)
	at org.eclipse.equinox.internal.app.EclipseAppHandle.run(EclipseAppHandle.java:203)
	at org.eclipse.core.runtime.internal.adaptor.EclipseAppLauncher.runApplication(EclipseAppLauncher.java:134)
	at org.eclipse.core.runtime.internal.adaptor.EclipseAppLauncher.start(EclipseAppLauncher.java:104)
	at org.eclipse.core.runtime.adaptor.EclipseStarter.run(EclipseStarter.java:401)
	at org.eclipse.core.runtime.adaptor.EclipseStarter.run(EclipseStarter.java:255)
	at java.base/jdk.internal.reflect.NativeMethodAccessorImpl.invoke0(Native Method)
	at java.base/jdk.internal.reflect.NativeMethodAccessorImpl.invoke(NativeMethodAccessorImpl.java:78)
	at java.base/jdk.internal.reflect.DelegatingMethodAccessorImpl.invoke(DelegatingMethodAccessorImpl.java:43)
	at java.base/java.lang.reflect.Method.invoke(Method.java:567)
	at org.eclipse.equinox.launcher.Main.invokeFramework(Main.java:654)
	at org.eclipse.equinox.launcher.Main.basicRun(Main.java:591)
	at org.eclipse.equinox.launcher.Main.run(Main.java:1462)
!SUBENTRY 1 org.eclipse.core.resources 4 372 2026-07-27 15:21:42.019
!MESSAGE Project 'KUJI DAY01' is not open.
!STACK 0
java.lang.Exception: Project 'KUJI DAY01' is not open.
	at org.eclipse.core.internal.resources.ResourceException.provideStackTrace(ResourceException.java:42)
	at org.eclipse.core.internal.resources.ResourceException.<init>(ResourceException.java:38)
	at org.eclipse.core.internal.resources.Project.checkAccessible(Project.java:148)
	at org.eclipse.core.internal.resources.Resource.findMarkers(Resource.java:985)
	at org.eclipse.jdt.internal.ui.javaeditor.ClassFileMarkerAnnotationModel.retrieveMarkers(ClassFileMarkerAnnotationModel.java:112)
	at org.eclipse.ui.texteditor.AbstractMarkerAnnotationModel.catchupWithMarkers(AbstractMarkerAnnotationModel.java:470)
	at org.eclipse.ui.texteditor.AbstractMarkerAnnotationModel.connected(AbstractMarkerAnnotationModel.java:254)
	at org.eclipse.jface.text.source.AnnotationModel.connect(AnnotationModel.java:497)
	at org.eclipse.jface.text.source.AnnotationModel.connect(AnnotationModel.java:501)
	at org.eclipse.jface.text.source.SourceViewer.setDocument(SourceViewer.java:659)
	at org.eclipse.jface.text.source.projection.ProjectionViewer.setDocument(ProjectionViewer.java:368)
	at org.eclipse.jface.text.source.SourceViewer.setDocument(SourceViewer.java:613)
	at org.eclipse.ui.texteditor.AbstractTextEditor.initializeSourceViewer(AbstractTextEditor.java:3985)
	at org.eclipse.ui.texteditor.AbstractTextEditor.createPartControl(AbstractTextEditor.java:3477)
	at org.eclipse.ui.texteditor.StatusTextEditor.createPartControl(StatusTextEditor.java:64)
	at org.eclipse.ui.texteditor.AbstractDecoratedTextEditor.createPartControl(AbstractDecoratedTextEditor.java:454)
	at org.eclipse.jdt.internal.ui.javaeditor.JavaEditor.createPartControl(JavaEditor.java:3079)
	at org.eclipse.jdt.internal.ui.javaeditor.ClassFileEditor.createPartControl(ClassFileEditor.java:746)
	at org.eclipse.ui.internal.e4.compatibility.CompatibilityPart.createPartControl(CompatibilityPart.java:158)
	at org.eclipse.ui.internal.e4.compatibility.CompatibilityEditor.createPartControl(CompatibilityEditor.java:96)
	at org.eclipse.ui.internal.e4.compatibility.CompatibilityPart.create(CompatibilityPart.java:365)
	at jdk.internal.reflect.GeneratedMethodAccessor58.invoke(Unknown Source)
	at java.base/jdk.internal.reflect.DelegatingMethodAccessorImpl.invoke(DelegatingMethodAccessorImpl.java:43)
	at java.base/java.lang.reflect.Method.invoke(Method.java:567)
	at org.eclipse.e4.core.internal.di.MethodRequestor.execute(MethodRequestor.java:58)
	at org.eclipse.e4.core.internal.di.InjectorImpl.processAnnotated(InjectorImpl.java:999)
	at org.eclipse.e4.core.internal.di.InjectorImpl.processAnnotated(InjectorImpl.java:964)
	at org.eclipse.e4.core.internal.di.InjectorImpl.internalInject(InjectorImpl.java:140)
	at org.eclipse.e4.core.internal.di.InjectorImpl.internalMake(InjectorImpl.java:405)
	at org.eclipse.e4.core.internal.di.InjectorImpl.make(InjectorImpl.java:332)
	at org.eclipse.e4.core.contexts.ContextInjectionFactory.make(ContextInjectionFactory.java:202)
	at org.eclipse.e4.ui.internal.workbench.ReflectionContributionFactory.createFromBundle(ReflectionContributionFactory.java:91)
	at org.eclipse.e4.ui.internal.workbench.ReflectionContributionFactory.doCreate(ReflectionContributionFactory.java:60)
	at org.eclipse.e4.ui.internal.workbench.ReflectionContributionFactory.create(ReflectionContributionFactory.java:42)
	at org.eclipse.e4.ui.workbench.renderers.swt.ContributedPartRenderer.createWidget(ContributedPartRenderer.java:132)
	at org.eclipse.e4.ui.internal.workbench.swt.PartRenderingEngine.createWidget(PartRenderingEngine.java:999)
	at org.eclipse.e4.ui.internal.workbench.swt.PartRenderingEngine.safeCreateGui(PartRenderingEngine.java:659)
	at org.eclipse.e4.ui.internal.workbench.swt.PartRenderingEngine.safeCreateGui(PartRenderingEngine.java:765)
	at org.eclipse.e4.ui.internal.workbench.swt.PartRenderingEngine$2.run(PartRenderingEngine.java:730)
	at org.eclipse.core.runtime.SafeRunner.run(SafeRunner.java:45)
	at org.eclipse.e4.ui.internal.workbench.swt.PartRenderingEngine.createGui(PartRenderingEngine.java:714)
	at org.eclipse.e4.ui.internal.workbench.PartServiceImpl.createElement(PartServiceImpl.java:1303)
	at org.eclipse.e4.ui.internal.workbench.PartServiceImpl.showPart(PartServiceImpl.java:1264)
	at org.eclipse.ui.internal.WorkbenchPartReference.getPart(WorkbenchPartReference.java:397)
	at org.eclipse.ui.internal.EditorReference.getEditor(EditorReference.java:283)
	at org.eclipse.ui.internal.WorkbenchPage.busyOpenEditor(WorkbenchPage.java:3149)
	at org.eclipse.ui.internal.WorkbenchPage.lambda$9(WorkbenchPage.java:3100)
	at org.eclipse.swt.custom.BusyIndicator.showWhile(BusyIndicator.java:74)
	at org.eclipse.ui.internal.WorkbenchPage.openEditor(WorkbenchPage.java:3098)
	at org.eclipse.ui.internal.WorkbenchPage.openEditor(WorkbenchPage.java:3068)
	at org.eclipse.ui.internal.WorkbenchPage.openEditor(WorkbenchPage.java:3051)
	at org.eclipse.jdt.internal.debug.ui.console.JavaStackTraceHyperlink.processSearchResult(JavaStackTraceHyperlink.java:173)
	at org.eclipse.jdt.internal.debug.ui.console.JavaStackTraceHyperlink$2.runInUIThread(JavaStackTraceHyperlink.java:150)
	at org.eclipse.ui.progress.UIJob.lambda$0(UIJob.java:95)
	at org.eclipse.swt.widgets.RunnableLock.run(RunnableLock.java:40)
	at org.eclipse.swt.widgets.Synchronizer.runAsyncMessages(Synchronizer.java:185)
	at org.eclipse.swt.widgets.Display.runAsyncMessages(Display.java:4001)
	at org.eclipse.swt.widgets.Display.readAndDispatch(Display.java:3629)
	at org.eclipse.e4.ui.internal.workbench.swt.PartRenderingEngine$5.run(PartRenderingEngine.java:1157)
	at org.eclipse.core.databinding.observable.Realm.runWithDefault(Realm.java:338)
	at org.eclipse.e4.ui.internal.workbench.swt.PartRenderingEngine.run(PartRenderingEngine.java:1046)
	at org.eclipse.e4.ui.internal.workbench.E4Workbench.createAndRunUI(E4Workbench.java:155)
	at org.eclipse.ui.internal.Workbench.lambda$3(Workbench.java:644)
	at org.eclipse.core.databinding.observable.Realm.runWithDefault(Realm.java:338)
	at org.eclipse.ui.internal.Workbench.createAndRunWorkbench(Workbench.java:551)
	at org.eclipse.ui.PlatformUI.createAndRunWorkbench(PlatformUI.java:156)
	at org.eclipse.ui.internal.ide.application.IDEApplication.start(IDEApplication.java:152)
	at org.eclipse.equinox.internal.app.EclipseAppHandle.run(EclipseAppHandle.java:203)
	at org.eclipse.core.runtime.internal.adaptor.EclipseAppLauncher.runApplication(EclipseAppLauncher.java:134)
	at org.eclipse.core.runtime.internal.adaptor.EclipseAppLauncher.start(EclipseAppLauncher.java:104)
	at org.eclipse.core.runtime.adaptor.EclipseStarter.run(EclipseStarter.java:401)
	at org.eclipse.core.runtime.adaptor.EclipseStarter.run(EclipseStarter.java:255)
	at java.base/jdk.internal.reflect.NativeMethodAccessorImpl.invoke0(Native Method)
	at java.base/jdk.internal.reflect.NativeMethodAccessorImpl.invoke(NativeMethodAccessorImpl.java:78)
	at java.base/jdk.internal.reflect.DelegatingMethodAccessorImpl.invoke(DelegatingMethodAccessorImpl.java:43)
	at java.base/java.lang.reflect.Method.invoke(Method.java:567)
	at org.eclipse.equinox.launcher.Main.invokeFramework(Main.java:654)
	at org.eclipse.equinox.launcher.Main.basicRun(Main.java:591)
	at org.eclipse.equinox.launcher.Main.run(Main.java:1462)
!SESSION 2026-07-28 14:30:50.898 -----------------------------------------------
eclipse.buildId=4.20.0.I20210611-1600
java.version=16.0.1
java.vendor=Oracle Corporation
BootLoader constants: OS=win32, ARCH=x86_64, WS=win32, NL=ko_KR
Framework arguments:  -product org.eclipse.epp.package.java.product
Command-line arguments:  -os win32 -ws win32 -arch x86_64 -product org.eclipse.epp.package.java.product

!ENTRY org.eclipse.jface 2 0 2026-07-28 14:30:56.509
!MESSAGE Keybinding conflicts occurred.  They may interfere with normal accelerator operation.
!SUBENTRY 1 org.eclipse.jface 2 0 2026-07-28 14:30:56.509
!MESSAGE A conflict occurred for CTRL+SHIFT+T:
Binding(CTRL+SHIFT+T,
	ParameterizedCommand(Command(org.eclipse.jdt.ui.navigate.open.type,Open Type,
		Open a type in a Java editor,
		Category(org.eclipse.ui.category.navigate,Navigate,null,true),
		org.eclipse.ui.internal.WorkbenchHandlerServiceHandler@417446d9,
		,,true),null),
	org.eclipse.ui.defaultAcceleratorConfiguration,
	org.eclipse.ui.contexts.window,,,system)
Binding(CTRL+SHIFT+T,
	ParameterizedCommand(Command(org.eclipse.lsp4e.symbolinworkspace,Go to Symbol in Workspace,
		,
		Category(org.eclipse.lsp4e.category,Language Servers,null,true),
		org.eclipse.ui.internal.WorkbenchHandlerServiceHandler@34070bd2,
		,,true),null),
	org.eclipse.ui.defaultAcceleratorConfiguration,
	org.eclipse.ui.contexts.window,,,system)

!ENTRY org.eclipse.egit.ui 2 0 2026-07-28 14:31:00.325
!MESSAGE Warning: The environment variable HOME is not set. The following directory will be used to store the Git
user global configuration and to define the default location to store repositories: 'C:\Users\USER'. If this is
not correct please set the HOME environment variable and restart Eclipse. Otherwise Git for Windows and
EGit might behave differently since they see different configuration options.
This warning can be switched off on the Team > Git > Confirmations and Warnings preference page.

!ENTRY org.eclipse.ui 4 0 2026-07-28 15:14:55.329
!MESSAGE Factory org.eclipse.jdt.ui.ClassFileEditorInputFactory returned null from createElement for editor id=org.eclipse.jdt.ui.ClassFileEditor name=null
!STACK 1
org.eclipse.ui.PartInitException: Factory org.eclipse.jdt.ui.ClassFileEditorInputFactory returned null from createElement for editor id=org.eclipse.jdt.ui.ClassFileEditor name=null
	at org.eclipse.ui.internal.EditorReference.getEditorInput(EditorReference.java:302)
	at org.eclipse.ui.internal.WorkbenchPage.checkEditor(WorkbenchPage.java:2283)
	at org.eclipse.ui.internal.WorkbenchPage.findEditors(WorkbenchPage.java:2237)
	at org.eclipse.ui.internal.WorkbenchPage.busyOpenEditor(WorkbenchPage.java:3147)
	at org.eclipse.ui.internal.WorkbenchPage.lambda$9(WorkbenchPage.java:3100)
	at org.eclipse.swt.custom.BusyIndicator.showWhile(BusyIndicator.java:74)
	at org.eclipse.ui.internal.WorkbenchPage.openEditor(WorkbenchPage.java:3098)
	at org.eclipse.ui.internal.WorkbenchPage.openEditor(WorkbenchPage.java:3068)
	at org.eclipse.ui.internal.WorkbenchPage.openEditor(WorkbenchPage.java:3051)
	at org.eclipse.jdt.internal.debug.ui.console.JavaStackTraceHyperlink.processSearchResult(JavaStackTraceHyperlink.java:173)
	at org.eclipse.jdt.internal.debug.ui.console.JavaStackTraceHyperlink$2.runInUIThread(JavaStackTraceHyperlink.java:150)
	at org.eclipse.ui.progress.UIJob.lambda$0(UIJob.java:95)
	at org.eclipse.swt.widgets.RunnableLock.run(RunnableLock.java:40)
	at org.eclipse.swt.widgets.Synchronizer.runAsyncMessages(Synchronizer.java:185)
	at org.eclipse.swt.widgets.Display.runAsyncMessages(Display.java:4001)
	at org.eclipse.swt.widgets.Display.readAndDispatch(Display.java:3629)
	at org.eclipse.e4.ui.internal.workbench.swt.PartRenderingEngine$5.run(PartRenderingEngine.java:1157)
	at org.eclipse.core.databinding.observable.Realm.runWithDefault(Realm.java:338)
	at org.eclipse.e4.ui.internal.workbench.swt.PartRenderingEngine.run(PartRenderingEngine.java:1046)
	at org.eclipse.e4.ui.internal.workbench.E4Workbench.createAndRunUI(E4Workbench.java:155)
	at org.eclipse.ui.internal.Workbench.lambda$3(Workbench.java:644)
	at org.eclipse.core.databinding.observable.Realm.runWithDefault(Realm.java:338)
	at org.eclipse.ui.internal.Workbench.createAndRunWorkbench(Workbench.java:551)
	at org.eclipse.ui.PlatformUI.createAndRunWorkbench(PlatformUI.java:156)
	at org.eclipse.ui.internal.ide.application.IDEApplication.start(IDEApplication.java:152)
	at org.eclipse.equinox.internal.app.EclipseAppHandle.run(EclipseAppHandle.java:203)
	at org.eclipse.core.runtime.internal.adaptor.EclipseAppLauncher.runApplication(EclipseAppLauncher.java:134)
	at org.eclipse.core.runtime.internal.adaptor.EclipseAppLauncher.start(EclipseAppLauncher.java:104)
	at org.eclipse.core.runtime.adaptor.EclipseStarter.run(EclipseStarter.java:401)
	at org.eclipse.core.runtime.adaptor.EclipseStarter.run(EclipseStarter.java:255)
	at java.base/jdk.internal.reflect.NativeMethodAccessorImpl.invoke0(Native Method)
	at java.base/jdk.internal.reflect.NativeMethodAccessorImpl.invoke(NativeMethodAccessorImpl.java:78)
	at java.base/jdk.internal.reflect.DelegatingMethodAccessorImpl.invoke(DelegatingMethodAccessorImpl.java:43)
	at java.base/java.lang.reflect.Method.invoke(Method.java:567)
	at org.eclipse.equinox.launcher.Main.invokeFramework(Main.java:654)
	at org.eclipse.equinox.launcher.Main.basicRun(Main.java:591)
	at org.eclipse.equinox.launcher.Main.run(Main.java:1462)
!SUBENTRY 1 org.eclipse.ui 4 0 2026-07-28 15:14:55.331
!MESSAGE Factory org.eclipse.jdt.ui.ClassFileEditorInputFactory returned null from createElement for editor id=org.eclipse.jdt.ui.ClassFileEditor name=null

!ENTRY org.eclipse.ui 4 0 2026-07-28 15:14:55.552
!MESSAGE Factory org.eclipse.jdt.ui.ClassFileEditorInputFactory returned null from createElement for editor id=org.eclipse.jdt.ui.ClassFileEditor name=null
!STACK 1
org.eclipse.ui.PartInitException: Factory org.eclipse.jdt.ui.ClassFileEditorInputFactory returned null from createElement for editor id=org.eclipse.jdt.ui.ClassFileEditor name=null
	at org.eclipse.ui.internal.EditorReference.getEditorInput(EditorReference.java:302)
	at org.eclipse.ui.internal.WorkbenchPage.checkEditor(WorkbenchPage.java:2283)
	at org.eclipse.ui.internal.WorkbenchPage.findEditors(WorkbenchPage.java:2237)
	at org.eclipse.ui.internal.WorkbenchPage.findEditor(WorkbenchPage.java:2225)
	at org.eclipse.ui.NavigationLocation.getEditorPart(NavigationLocation.java:47)
	at org.eclipse.ui.NavigationLocation.getText(NavigationLocation.java:57)
	at org.eclipse.ui.internal.NavigationHistoryEntry.<init>(NavigationHistoryEntry.java:51)
	at org.eclipse.ui.internal.NavigationHistory.createEntry(NavigationHistory.java:616)
	at org.eclipse.ui.internal.NavigationHistory.addEntry(NavigationHistory.java:360)
	at org.eclipse.ui.internal.NavigationHistory.lambda$0(NavigationHistory.java:209)
	at org.eclipse.swt.widgets.RunnableLock.run(RunnableLock.java:40)
	at org.eclipse.swt.widgets.Synchronizer.runAsyncMessages(Synchronizer.java:185)
	at org.eclipse.swt.widgets.Display.runAsyncMessages(Display.java:4001)
	at org.eclipse.swt.widgets.Display.readAndDispatch(Display.java:3629)
	at org.eclipse.e4.ui.internal.workbench.swt.PartRenderingEngine$5.run(PartRenderingEngine.java:1157)
	at org.eclipse.core.databinding.observable.Realm.runWithDefault(Realm.java:338)
	at org.eclipse.e4.ui.internal.workbench.swt.PartRenderingEngine.run(PartRenderingEngine.java:1046)
	at org.eclipse.e4.ui.internal.workbench.E4Workbench.createAndRunUI(E4Workbench.java:155)
	at org.eclipse.ui.internal.Workbench.lambda$3(Workbench.java:644)
	at org.eclipse.core.databinding.observable.Realm.runWithDefault(Realm.java:338)
	at org.eclipse.ui.internal.Workbench.createAndRunWorkbench(Workbench.java:551)
	at org.eclipse.ui.PlatformUI.createAndRunWorkbench(PlatformUI.java:156)
	at org.eclipse.ui.internal.ide.application.IDEApplication.start(IDEApplication.java:152)
	at org.eclipse.equinox.internal.app.EclipseAppHandle.run(EclipseAppHandle.java:203)
	at org.eclipse.core.runtime.internal.adaptor.EclipseAppLauncher.runApplication(EclipseAppLauncher.java:134)
	at org.eclipse.core.runtime.internal.adaptor.EclipseAppLauncher.start(EclipseAppLauncher.java:104)
	at org.eclipse.core.runtime.adaptor.EclipseStarter.run(EclipseStarter.java:401)
	at org.eclipse.core.runtime.adaptor.EclipseStarter.run(EclipseStarter.java:255)
	at java.base/jdk.internal.reflect.NativeMethodAccessorImpl.invoke0(Native Method)
	at java.base/jdk.internal.reflect.NativeMethodAccessorImpl.invoke(NativeMethodAccessorImpl.java:78)
	at java.base/jdk.internal.reflect.DelegatingMethodAccessorImpl.invoke(DelegatingMethodAccessorImpl.java:43)
	at java.base/java.lang.reflect.Method.invoke(Method.java:567)
	at org.eclipse.equinox.launcher.Main.invokeFramework(Main.java:654)
	at org.eclipse.equinox.launcher.Main.basicRun(Main.java:591)
	at org.eclipse.equinox.launcher.Main.run(Main.java:1462)
!SUBENTRY 1 org.eclipse.ui 4 0 2026-07-28 15:14:55.553
!MESSAGE Factory org.eclipse.jdt.ui.ClassFileEditorInputFactory returned null from createElement for editor id=org.eclipse.jdt.ui.ClassFileEditor name=null

!ENTRY org.eclipse.ui 4 0 2026-07-28 15:14:56.462
!MESSAGE Factory org.eclipse.jdt.ui.ClassFileEditorInputFactory returned null from createElement for editor id=org.eclipse.jdt.ui.ClassFileEditor name=null
!STACK 1
org.eclipse.ui.PartInitException: Factory org.eclipse.jdt.ui.ClassFileEditorInputFactory returned null from createElement for editor id=org.eclipse.jdt.ui.ClassFileEditor name=null
	at org.eclipse.ui.internal.EditorReference.getEditorInput(EditorReference.java:302)
	at org.eclipse.ui.internal.WorkbenchPage.checkEditor(WorkbenchPage.java:2283)
	at org.eclipse.ui.internal.WorkbenchPage.findEditors(WorkbenchPage.java:2237)
	at org.eclipse.ui.internal.WorkbenchPage.findEditor(WorkbenchPage.java:2225)
	at org.eclipse.ui.NavigationLocation.getEditorPart(NavigationLocation.java:47)
	at org.eclipse.ui.NavigationLocation.getText(NavigationLocation.java:57)
	at org.eclipse.ui.internal.NavigationHistoryEntry.<init>(NavigationHistoryEntry.java:51)
	at org.eclipse.ui.internal.NavigationHistory.createEntry(NavigationHistory.java:616)
	at org.eclipse.ui.internal.NavigationHistory.addEntry(NavigationHistory.java:360)
	at org.eclipse.ui.internal.NavigationHistory.lambda$0(NavigationHistory.java:209)
	at org.eclipse.swt.widgets.RunnableLock.run(RunnableLock.java:40)
	at org.eclipse.swt.widgets.Synchronizer.runAsyncMessages(Synchronizer.java:185)
	at org.eclipse.swt.widgets.Display.runAsyncMessages(Display.java:4001)
	at org.eclipse.swt.widgets.Display.readAndDispatch(Display.java:3629)
	at org.eclipse.e4.ui.internal.workbench.swt.PartRenderingEngine$5.run(PartRenderingEngine.java:1157)
	at org.eclipse.core.databinding.observable.Realm.runWithDefault(Realm.java:338)
	at org.eclipse.e4.ui.internal.workbench.swt.PartRenderingEngine.run(PartRenderingEngine.java:1046)
	at org.eclipse.e4.ui.internal.workbench.E4Workbench.createAndRunUI(E4Workbench.java:155)
	at org.eclipse.ui.internal.Workbench.lambda$3(Workbench.java:644)
	at org.eclipse.core.databinding.observable.Realm.runWithDefault(Realm.java:338)
	at org.eclipse.ui.internal.Workbench.createAndRunWorkbench(Workbench.java:551)
	at org.eclipse.ui.PlatformUI.createAndRunWorkbench(PlatformUI.java:156)
	at org.eclipse.ui.internal.ide.application.IDEApplication.start(IDEApplication.java:152)
	at org.eclipse.equinox.internal.app.EclipseAppHandle.run(EclipseAppHandle.java:203)
	at org.eclipse.core.runtime.internal.adaptor.EclipseAppLauncher.runApplication(EclipseAppLauncher.java:134)
	at org.eclipse.core.runtime.internal.adaptor.EclipseAppLauncher.start(EclipseAppLauncher.java:104)
	at org.eclipse.core.runtime.adaptor.EclipseStarter.run(EclipseStarter.java:401)
	at org.eclipse.core.runtime.adaptor.EclipseStarter.run(EclipseStarter.java:255)
	at java.base/jdk.internal.reflect.NativeMethodAccessorImpl.invoke0(Native Method)
	at java.base/jdk.internal.reflect.NativeMethodAccessorImpl.invoke(NativeMethodAccessorImpl.java:78)
	at java.base/jdk.internal.reflect.DelegatingMethodAccessorImpl.invoke(DelegatingMethodAccessorImpl.java:43)
	at java.base/java.lang.reflect.Method.invoke(Method.java:567)
	at org.eclipse.equinox.launcher.Main.invokeFramework(Main.java:654)
	at org.eclipse.equinox.launcher.Main.basicRun(Main.java:591)
	at org.eclipse.equinox.launcher.Main.run(Main.java:1462)
!SUBENTRY 1 org.eclipse.ui 4 0 2026-07-28 15:14:56.462
!MESSAGE Factory org.eclipse.jdt.ui.ClassFileEditorInputFactory returned null from createElement for editor id=org.eclipse.jdt.ui.ClassFileEditor name=null

!ENTRY org.eclipse.ui 4 0 2026-07-28 15:14:56.518
!MESSAGE Factory org.eclipse.jdt.ui.ClassFileEditorInputFactory returned null from createElement for editor id=org.eclipse.jdt.ui.ClassFileEditor name=null
!STACK 1
org.eclipse.ui.PartInitException: Factory org.eclipse.jdt.ui.ClassFileEditorInputFactory returned null from createElement for editor id=org.eclipse.jdt.ui.ClassFileEditor name=null
	at org.eclipse.ui.internal.EditorReference.getEditorInput(EditorReference.java:302)
	at org.eclipse.ui.internal.WorkbenchPage.checkEditor(WorkbenchPage.java:2283)
	at org.eclipse.ui.internal.WorkbenchPage.findEditors(WorkbenchPage.java:2237)
	at org.eclipse.ui.internal.WorkbenchPage.busyOpenEditor(WorkbenchPage.java:3147)
	at org.eclipse.ui.internal.WorkbenchPage.lambda$9(WorkbenchPage.java:3100)
	at org.eclipse.swt.custom.BusyIndicator.showWhile(BusyIndicator.java:74)
	at org.eclipse.ui.internal.WorkbenchPage.openEditor(WorkbenchPage.java:3098)
	at org.eclipse.ui.internal.WorkbenchPage.openEditor(WorkbenchPage.java:3068)
	at org.eclipse.ui.internal.WorkbenchPage.openEditor(WorkbenchPage.java:3051)
	at org.eclipse.jdt.internal.debug.ui.console.JavaStackTraceHyperlink.processSearchResult(JavaStackTraceHyperlink.java:173)
	at org.eclipse.jdt.internal.debug.ui.console.JavaStackTraceHyperlink$2.runInUIThread(JavaStackTraceHyperlink.java:150)
	at org.eclipse.ui.progress.UIJob.lambda$0(UIJob.java:95)
	at org.eclipse.swt.widgets.RunnableLock.run(RunnableLock.java:40)
	at org.eclipse.swt.widgets.Synchronizer.runAsyncMessages(Synchronizer.java:185)
	at org.eclipse.swt.widgets.Display.runAsyncMessages(Display.java:4001)
	at org.eclipse.swt.widgets.Display.readAndDispatch(Display.java:3629)
	at org.eclipse.e4.ui.internal.workbench.swt.PartRenderingEngine$5.run(PartRenderingEngine.java:1157)
	at org.eclipse.core.databinding.observable.Realm.runWithDefault(Realm.java:338)
	at org.eclipse.e4.ui.internal.workbench.swt.PartRenderingEngine.run(PartRenderingEngine.java:1046)
	at org.eclipse.e4.ui.internal.workbench.E4Workbench.createAndRunUI(E4Workbench.java:155)
	at org.eclipse.ui.internal.Workbench.lambda$3(Workbench.java:644)
	at org.eclipse.core.databinding.observable.Realm.runWithDefault(Realm.java:338)
	at org.eclipse.ui.internal.Workbench.createAndRunWorkbench(Workbench.java:551)
	at org.eclipse.ui.PlatformUI.createAndRunWorkbench(PlatformUI.java:156)
	at org.eclipse.ui.internal.ide.application.IDEApplication.start(IDEApplication.java:152)
	at org.eclipse.equinox.internal.app.EclipseAppHandle.run(EclipseAppHandle.java:203)
	at org.eclipse.core.runtime.internal.adaptor.EclipseAppLauncher.runApplication(EclipseAppLauncher.java:134)
	at org.eclipse.core.runtime.internal.adaptor.EclipseAppLauncher.start(EclipseAppLauncher.java:104)
	at org.eclipse.core.runtime.adaptor.EclipseStarter.run(EclipseStarter.java:401)
	at org.eclipse.core.runtime.adaptor.EclipseStarter.run(EclipseStarter.java:255)
	at java.base/jdk.internal.reflect.NativeMethodAccessorImpl.invoke0(Native Method)
	at java.base/jdk.internal.reflect.NativeMethodAccessorImpl.invoke(NativeMethodAccessorImpl.java:78)
	at java.base/jdk.internal.reflect.DelegatingMethodAccessorImpl.invoke(DelegatingMethodAccessorImpl.java:43)
	at java.base/java.lang.reflect.Method.invoke(Method.java:567)
	at org.eclipse.equinox.launcher.Main.invokeFramework(Main.java:654)
	at org.eclipse.equinox.launcher.Main.basicRun(Main.java:591)
	at org.eclipse.equinox.launcher.Main.run(Main.java:1462)
!SUBENTRY 1 org.eclipse.ui 4 0 2026-07-28 15:14:56.518
!MESSAGE Factory org.eclipse.jdt.ui.ClassFileEditorInputFactory returned null from createElement for editor id=org.eclipse.jdt.ui.ClassFileEditor name=null

!ENTRY org.eclipse.ui 4 0 2026-07-28 15:14:56.602
!MESSAGE Factory org.eclipse.jdt.ui.ClassFileEditorInputFactory returned null from createElement for editor id=org.eclipse.jdt.ui.ClassFileEditor name=null
!STACK 1
org.eclipse.ui.PartInitException: Factory org.eclipse.jdt.ui.ClassFileEditorInputFactory returned null from createElement for editor id=org.eclipse.jdt.ui.ClassFileEditor name=null
	at org.eclipse.ui.internal.EditorReference.getEditorInput(EditorReference.java:302)
	at org.eclipse.ui.internal.WorkbenchPage.checkEditor(WorkbenchPage.java:2283)
	at org.eclipse.ui.internal.WorkbenchPage.findEditors(WorkbenchPage.java:2237)
	at org.eclipse.ui.internal.WorkbenchPage.findEditor(WorkbenchPage.java:2225)
	at org.eclipse.ui.NavigationLocation.getEditorPart(NavigationLocation.java:47)
	at org.eclipse.ui.NavigationLocation.getText(NavigationLocation.java:57)
	at org.eclipse.ui.internal.NavigationHistoryEntry.<init>(NavigationHistoryEntry.java:51)
	at org.eclipse.ui.internal.NavigationHistory.createEntry(NavigationHistory.java:616)
	at org.eclipse.ui.internal.NavigationHistory.addEntry(NavigationHistory.java:360)
	at org.eclipse.ui.internal.NavigationHistory.lambda$0(NavigationHistory.java:209)
	at org.eclipse.swt.widgets.RunnableLock.run(RunnableLock.java:40)
	at org.eclipse.swt.widgets.Synchronizer.runAsyncMessages(Synchronizer.java:185)
	at org.eclipse.swt.widgets.Display.runAsyncMessages(Display.java:4001)
	at org.eclipse.swt.widgets.Display.readAndDispatch(Display.java:3629)
	at org.eclipse.e4.ui.internal.workbench.swt.PartRenderingEngine$5.run(PartRenderingEngine.java:1157)
	at org.eclipse.core.databinding.observable.Realm.runWithDefault(Realm.java:338)
	at org.eclipse.e4.ui.internal.workbench.swt.PartRenderingEngine.run(PartRenderingEngine.java:1046)
	at org.eclipse.e4.ui.internal.workbench.E4Workbench.createAndRunUI(E4Workbench.java:155)
	at org.eclipse.ui.internal.Workbench.lambda$3(Workbench.java:644)
	at org.eclipse.core.databinding.observable.Realm.runWithDefault(Realm.java:338)
	at org.eclipse.ui.internal.Workbench.createAndRunWorkbench(Workbench.java:551)
	at org.eclipse.ui.PlatformUI.createAndRunWorkbench(PlatformUI.java:156)
	at org.eclipse.ui.internal.ide.application.IDEApplication.start(IDEApplication.java:152)
	at org.eclipse.equinox.internal.app.EclipseAppHandle.run(EclipseAppHandle.java:203)
	at org.eclipse.core.runtime.internal.adaptor.EclipseAppLauncher.runApplication(EclipseAppLauncher.java:134)
	at org.eclipse.core.runtime.internal.adaptor.EclipseAppLauncher.start(EclipseAppLauncher.java:104)
	at org.eclipse.core.runtime.adaptor.EclipseStarter.run(EclipseStarter.java:401)
	at org.eclipse.core.runtime.adaptor.EclipseStarter.run(EclipseStarter.java:255)
	at java.base/jdk.internal.reflect.NativeMethodAccessorImpl.invoke0(Native Method)
	at java.base/jdk.internal.reflect.NativeMethodAccessorImpl.invoke(NativeMethodAccessorImpl.java:78)
	at java.base/jdk.internal.reflect.DelegatingMethodAccessorImpl.invoke(DelegatingMethodAccessorImpl.java:43)
	at java.base/java.lang.reflect.Method.invoke(Method.java:567)
	at org.eclipse.equinox.launcher.Main.invokeFramework(Main.java:654)
	at org.eclipse.equinox.launcher.Main.basicRun(Main.java:591)
	at org.eclipse.equinox.launcher.Main.run(Main.java:1462)
!SUBENTRY 1 org.eclipse.ui 4 0 2026-07-28 15:14:56.602
!MESSAGE Factory org.eclipse.jdt.ui.ClassFileEditorInputFactory returned null from createElement for editor id=org.eclipse.jdt.ui.ClassFileEditor name=null

!ENTRY org.eclipse.ui 4 0 2026-07-28 15:14:56.605
!MESSAGE Factory org.eclipse.jdt.ui.ClassFileEditorInputFactory returned null from createElement for editor id=org.eclipse.jdt.ui.ClassFileEditor name=null
!STACK 1
org.eclipse.ui.PartInitException: Factory org.eclipse.jdt.ui.ClassFileEditorInputFactory returned null from createElement for editor id=org.eclipse.jdt.ui.ClassFileEditor name=null
	at org.eclipse.ui.internal.EditorReference.getEditorInput(EditorReference.java:302)
	at org.eclipse.ui.internal.WorkbenchPage.checkEditor(WorkbenchPage.java:2283)
	at org.eclipse.ui.internal.WorkbenchPage.findEditors(WorkbenchPage.java:2237)
	at org.eclipse.ui.internal.WorkbenchPage.findEditor(WorkbenchPage.java:2225)
	at org.eclipse.ui.NavigationLocation.getEditorPart(NavigationLocation.java:47)
	at org.eclipse.ui.NavigationLocation.getText(NavigationLocation.java:57)
	at org.eclipse.ui.internal.NavigationHistoryEntry.getHistoryText(NavigationHistoryEntry.java:99)
	at org.eclipse.ui.internal.NavigationHistoryAction.update(NavigationHistoryAction.java:254)
	at org.eclipse.ui.internal.NavigationHistory.updateActions(NavigationHistory.java:414)
	at org.eclipse.ui.internal.NavigationHistory.addEntry(NavigationHistory.java:370)
	at org.eclipse.ui.internal.NavigationHistory.lambda$0(NavigationHistory.java:209)
	at org.eclipse.swt.widgets.RunnableLock.run(RunnableLock.java:40)
	at org.eclipse.swt.widgets.Synchronizer.runAsyncMessages(Synchronizer.java:185)
	at org.eclipse.swt.widgets.Display.runAsyncMessages(Display.java:4001)
	at org.eclipse.swt.widgets.Display.readAndDispatch(Display.java:3629)
	at org.eclipse.e4.ui.internal.workbench.swt.PartRenderingEngine$5.run(PartRenderingEngine.java:1157)
	at org.eclipse.core.databinding.observable.Realm.runWithDefault(Realm.java:338)
	at org.eclipse.e4.ui.internal.workbench.swt.PartRenderingEngine.run(PartRenderingEngine.java:1046)
	at org.eclipse.e4.ui.internal.workbench.E4Workbench.createAndRunUI(E4Workbench.java:155)
	at org.eclipse.ui.internal.Workbench.lambda$3(Workbench.java:644)
	at org.eclipse.core.databinding.observable.Realm.runWithDefault(Realm.java:338)
	at org.eclipse.ui.internal.Workbench.createAndRunWorkbench(Workbench.java:551)
	at org.eclipse.ui.PlatformUI.createAndRunWorkbench(PlatformUI.java:156)
	at org.eclipse.ui.internal.ide.application.IDEApplication.start(IDEApplication.java:152)
	at org.eclipse.equinox.internal.app.EclipseAppHandle.run(EclipseAppHandle.java:203)
	at org.eclipse.core.runtime.internal.adaptor.EclipseAppLauncher.runApplication(EclipseAppLauncher.java:134)
	at org.eclipse.core.runtime.internal.adaptor.EclipseAppLauncher.start(EclipseAppLauncher.java:104)
	at org.eclipse.core.runtime.adaptor.EclipseStarter.run(EclipseStarter.java:401)
	at org.eclipse.core.runtime.adaptor.EclipseStarter.run(EclipseStarter.java:255)
	at java.base/jdk.internal.reflect.NativeMethodAccessorImpl.invoke0(Native Method)
	at java.base/jdk.internal.reflect.NativeMethodAccessorImpl.invoke(NativeMethodAccessorImpl.java:78)
	at java.base/jdk.internal.reflect.DelegatingMethodAccessorImpl.invoke(DelegatingMethodAccessorImpl.java:43)
	at java.base/java.lang.reflect.Method.invoke(Method.java:567)
	at org.eclipse.equinox.launcher.Main.invokeFramework(Main.java:654)
	at org.eclipse.equinox.launcher.Main.basicRun(Main.java:591)
	at org.eclipse.equinox.launcher.Main.run(Main.java:1462)
!SUBENTRY 1 org.eclipse.ui 4 0 2026-07-28 15:14:56.605
!MESSAGE Factory org.eclipse.jdt.ui.ClassFileEditorInputFactory returned null from createElement for editor id=org.eclipse.jdt.ui.ClassFileEditor name=null

!ENTRY org.eclipse.ui 4 0 2026-07-28 15:14:56.969
!MESSAGE Factory org.eclipse.jdt.ui.ClassFileEditorInputFactory returned null from createElement for editor id=org.eclipse.jdt.ui.ClassFileEditor name=null
!STACK 1
org.eclipse.ui.PartInitException: Factory org.eclipse.jdt.ui.ClassFileEditorInputFactory returned null from createElement for editor id=org.eclipse.jdt.ui.ClassFileEditor name=null
	at org.eclipse.ui.internal.EditorReference.getEditorInput(EditorReference.java:302)
	at org.eclipse.ui.internal.WorkbenchPage.checkEditor(WorkbenchPage.java:2283)
	at org.eclipse.ui.internal.WorkbenchPage.findEditors(WorkbenchPage.java:2237)
	at org.eclipse.ui.internal.WorkbenchPage.findEditor(WorkbenchPage.java:2225)
	at org.eclipse.ui.NavigationLocation.getEditorPart(NavigationLocation.java:47)
	at org.eclipse.ui.NavigationLocation.getText(NavigationLocation.java:57)
	at org.eclipse.ui.internal.NavigationHistoryEntry.<init>(NavigationHistoryEntry.java:51)
	at org.eclipse.ui.internal.NavigationHistory.createEntry(NavigationHistory.java:616)
	at org.eclipse.ui.internal.NavigationHistory.addEntry(NavigationHistory.java:360)
	at org.eclipse.ui.internal.NavigationHistory.lambda$0(NavigationHistory.java:209)
	at org.eclipse.swt.widgets.RunnableLock.run(RunnableLock.java:40)
	at org.eclipse.swt.widgets.Synchronizer.runAsyncMessages(Synchronizer.java:185)
	at org.eclipse.swt.widgets.Display.runAsyncMessages(Display.java:4001)
	at org.eclipse.swt.widgets.Display.readAndDispatch(Display.java:3629)
	at org.eclipse.e4.ui.internal.workbench.swt.PartRenderingEngine$5.run(PartRenderingEngine.java:1157)
	at org.eclipse.core.databinding.observable.Realm.runWithDefault(Realm.java:338)
	at org.eclipse.e4.ui.internal.workbench.swt.PartRenderingEngine.run(PartRenderingEngine.java:1046)
	at org.eclipse.e4.ui.internal.workbench.E4Workbench.createAndRunUI(E4Workbench.java:155)
	at org.eclipse.ui.internal.Workbench.lambda$3(Workbench.java:644)
	at org.eclipse.core.databinding.observable.Realm.runWithDefault(Realm.java:338)
	at org.eclipse.ui.internal.Workbench.createAndRunWorkbench(Workbench.java:551)
	at org.eclipse.ui.PlatformUI.createAndRunWorkbench(PlatformUI.java:156)
	at org.eclipse.ui.internal.ide.application.IDEApplication.start(IDEApplication.java:152)
	at org.eclipse.equinox.internal.app.EclipseAppHandle.run(EclipseAppHandle.java:203)
	at org.eclipse.core.runtime.internal.adaptor.EclipseAppLauncher.runApplication(EclipseAppLauncher.java:134)
	at org.eclipse.core.runtime.internal.adaptor.EclipseAppLauncher.start(EclipseAppLauncher.java:104)
	at org.eclipse.core.runtime.adaptor.EclipseStarter.run(EclipseStarter.java:401)
	at org.eclipse.core.runtime.adaptor.EclipseStarter.run(EclipseStarter.java:255)
	at java.base/jdk.internal.reflect.NativeMethodAccessorImpl.invoke0(Native Method)
	at java.base/jdk.internal.reflect.NativeMethodAccessorImpl.invoke(NativeMethodAccessorImpl.java:78)
	at java.base/jdk.internal.reflect.DelegatingMethodAccessorImpl.invoke(DelegatingMethodAccessorImpl.java:43)
	at java.base/java.lang.reflect.Method.invoke(Method.java:567)
	at org.eclipse.equinox.launcher.Main.invokeFramework(Main.java:654)
	at org.eclipse.equinox.launcher.Main.basicRun(Main.java:591)
	at org.eclipse.equinox.launcher.Main.run(Main.java:1462)
!SUBENTRY 1 org.eclipse.ui 4 0 2026-07-28 15:14:56.969
!MESSAGE Factory org.eclipse.jdt.ui.ClassFileEditorInputFactory returned null from createElement for editor id=org.eclipse.jdt.ui.ClassFileEditor name=null

!ENTRY org.eclipse.ui 4 0 2026-07-28 15:14:56.972
!MESSAGE Factory org.eclipse.jdt.ui.ClassFileEditorInputFactory returned null from createElement for editor id=org.eclipse.jdt.ui.ClassFileEditor name=null
!STACK 1
org.eclipse.ui.PartInitException: Factory org.eclipse.jdt.ui.ClassFileEditorInputFactory returned null from createElement for editor id=org.eclipse.jdt.ui.ClassFileEditor name=null
	at org.eclipse.ui.internal.EditorReference.getEditorInput(EditorReference.java:302)
	at org.eclipse.ui.internal.WorkbenchPage.checkEditor(WorkbenchPage.java:2283)
	at org.eclipse.ui.internal.WorkbenchPage.findEditors(WorkbenchPage.java:2237)
	at org.eclipse.ui.internal.WorkbenchPage.findEditor(WorkbenchPage.java:2225)
	at org.eclipse.ui.NavigationLocation.getEditorPart(NavigationLocation.java:47)
	at org.eclipse.ui.NavigationLocation.getText(NavigationLocation.java:57)
	at org.eclipse.ui.internal.NavigationHistoryEntry.getHistoryText(NavigationHistoryEntry.java:99)
	at org.eclipse.ui.internal.NavigationHistoryAction.update(NavigationHistoryAction.java:254)
	at org.eclipse.ui.internal.NavigationHistory.updateActions(NavigationHistory.java:414)
	at org.eclipse.ui.internal.NavigationHistory.addEntry(NavigationHistory.java:370)
	at org.eclipse.ui.internal.NavigationHistory.lambda$0(NavigationHistory.java:209)
	at org.eclipse.swt.widgets.RunnableLock.run(RunnableLock.java:40)
	at org.eclipse.swt.widgets.Synchronizer.runAsyncMessages(Synchronizer.java:185)
	at org.eclipse.swt.widgets.Display.runAsyncMessages(Display.java:4001)
	at org.eclipse.swt.widgets.Display.readAndDispatch(Display.java:3629)
	at org.eclipse.e4.ui.internal.workbench.swt.PartRenderingEngine$5.run(PartRenderingEngine.java:1157)
	at org.eclipse.core.databinding.observable.Realm.runWithDefault(Realm.java:338)
	at org.eclipse.e4.ui.internal.workbench.swt.PartRenderingEngine.run(PartRenderingEngine.java:1046)
	at org.eclipse.e4.ui.internal.workbench.E4Workbench.createAndRunUI(E4Workbench.java:155)
	at org.eclipse.ui.internal.Workbench.lambda$3(Workbench.java:644)
	at org.eclipse.core.databinding.observable.Realm.runWithDefault(Realm.java:338)
	at org.eclipse.ui.internal.Workbench.createAndRunWorkbench(Workbench.java:551)
	at org.eclipse.ui.PlatformUI.createAndRunWorkbench(PlatformUI.java:156)
	at org.eclipse.ui.internal.ide.application.IDEApplication.start(IDEApplication.java:152)
	at org.eclipse.equinox.internal.app.EclipseAppHandle.run(EclipseAppHandle.java:203)
	at org.eclipse.core.runtime.internal.adaptor.EclipseAppLauncher.runApplication(EclipseAppLauncher.java:134)
	at org.eclipse.core.runtime.internal.adaptor.EclipseAppLauncher.start(EclipseAppLauncher.java:104)
	at org.eclipse.core.runtime.adaptor.EclipseStarter.run(EclipseStarter.java:401)
	at org.eclipse.core.runtime.adaptor.EclipseStarter.run(EclipseStarter.java:255)
	at java.base/jdk.internal.reflect.NativeMethodAccessorImpl.invoke0(Native Method)
	at java.base/jdk.internal.reflect.NativeMethodAccessorImpl.invoke(NativeMethodAccessorImpl.java:78)
	at java.base/jdk.internal.reflect.DelegatingMethodAccessorImpl.invoke(DelegatingMethodAccessorImpl.java:43)
	at java.base/java.lang.reflect.Method.invoke(Method.java:567)
	at org.eclipse.equinox.launcher.Main.invokeFramework(Main.java:654)
	at org.eclipse.equinox.launcher.Main.basicRun(Main.java:591)
	at org.eclipse.equinox.launcher.Main.run(Main.java:1462)
!SUBENTRY 1 org.eclipse.ui 4 0 2026-07-28 15:14:56.972
!MESSAGE Factory org.eclipse.jdt.ui.ClassFileEditorInputFactory returned null from createElement for editor id=org.eclipse.jdt.ui.ClassFileEditor name=null

!ENTRY org.eclipse.ui 4 0 2026-07-28 15:14:57.145
!MESSAGE Factory org.eclipse.jdt.ui.ClassFileEditorInputFactory returned null from createElement for editor id=org.eclipse.jdt.ui.ClassFileEditor name=null
!STACK 1
org.eclipse.ui.PartInitException: Factory org.eclipse.jdt.ui.ClassFileEditorInputFactory returned null from createElement for editor id=org.eclipse.jdt.ui.ClassFileEditor name=null
	at org.eclipse.ui.internal.EditorReference.getEditorInput(EditorReference.java:302)
	at org.eclipse.ui.internal.WorkbenchPage.checkEditor(WorkbenchPage.java:2283)
	at org.eclipse.ui.internal.WorkbenchPage.findEditors(WorkbenchPage.java:2237)
	at org.eclipse.ui.internal.WorkbenchPage.findEditor(WorkbenchPage.java:2225)
	at org.eclipse.ui.NavigationLocation.getEditorPart(NavigationLocation.java:47)
	at org.eclipse.ui.texteditor.TextSelectionNavigationLocation.update(TextSelectionNavigationLocation.java:332)
	at org.eclipse.ui.internal.NavigationHistory.updateEntry(NavigationHistory.java:449)
	at org.eclipse.ui.internal.NavigationHistory.lambda$0(NavigationHistory.java:207)
	at org.eclipse.swt.widgets.RunnableLock.run(RunnableLock.java:40)
	at org.eclipse.swt.widgets.Synchronizer.runAsyncMessages(Synchronizer.java:185)
	at org.eclipse.swt.widgets.Display.runAsyncMessages(Display.java:4001)
	at org.eclipse.swt.widgets.Display.readAndDispatch(Display.java:3629)
	at org.eclipse.e4.ui.internal.workbench.swt.PartRenderingEngine$5.run(PartRenderingEngine.java:1157)
	at org.eclipse.core.databinding.observable.Realm.runWithDefault(Realm.java:338)
	at org.eclipse.e4.ui.internal.workbench.swt.PartRenderingEngine.run(PartRenderingEngine.java:1046)
	at org.eclipse.e4.ui.internal.workbench.E4Workbench.createAndRunUI(E4Workbench.java:155)
	at org.eclipse.ui.internal.Workbench.lambda$3(Workbench.java:644)
	at org.eclipse.core.databinding.observable.Realm.runWithDefault(Realm.java:338)
	at org.eclipse.ui.internal.Workbench.createAndRunWorkbench(Workbench.java:551)
	at org.eclipse.ui.PlatformUI.createAndRunWorkbench(PlatformUI.java:156)
	at org.eclipse.ui.internal.ide.application.IDEApplication.start(IDEApplication.java:152)
	at org.eclipse.equinox.internal.app.EclipseAppHandle.run(EclipseAppHandle.java:203)
	at org.eclipse.core.runtime.internal.adaptor.EclipseAppLauncher.runApplication(EclipseAppLauncher.java:134)
	at org.eclipse.core.runtime.internal.adaptor.EclipseAppLauncher.start(EclipseAppLauncher.java:104)
	at org.eclipse.core.runtime.adaptor.EclipseStarter.run(EclipseStarter.java:401)
	at org.eclipse.core.runtime.adaptor.EclipseStarter.run(EclipseStarter.java:255)
	at java.base/jdk.internal.reflect.NativeMethodAccessorImpl.invoke0(Native Method)
	at java.base/jdk.internal.reflect.NativeMethodAccessorImpl.invoke(NativeMethodAccessorImpl.java:78)
	at java.base/jdk.internal.reflect.DelegatingMethodAccessorImpl.invoke(DelegatingMethodAccessorImpl.java:43)
	at java.base/java.lang.reflect.Method.invoke(Method.java:567)
	at org.eclipse.equinox.launcher.Main.invokeFramework(Main.java:654)
	at org.eclipse.equinox.launcher.Main.basicRun(Main.java:591)
	at org.eclipse.equinox.launcher.Main.run(Main.java:1462)
!SUBENTRY 1 org.eclipse.ui 4 0 2026-07-28 15:14:57.145
!MESSAGE Factory org.eclipse.jdt.ui.ClassFileEditorInputFactory returned null from createElement for editor id=org.eclipse.jdt.ui.ClassFileEditor name=null

!ENTRY org.eclipse.ui 4 0 2026-07-28 15:14:57.146
!MESSAGE Factory org.eclipse.jdt.ui.ClassFileEditorInputFactory returned null from createElement for editor id=org.eclipse.jdt.ui.ClassFileEditor name=null
!STACK 1
org.eclipse.ui.PartInitException: Factory org.eclipse.jdt.ui.ClassFileEditorInputFactory returned null from createElement for editor id=org.eclipse.jdt.ui.ClassFileEditor name=null
	at org.eclipse.ui.internal.EditorReference.getEditorInput(EditorReference.java:302)
	at org.eclipse.ui.internal.WorkbenchPage.checkEditor(WorkbenchPage.java:2283)
	at org.eclipse.ui.internal.WorkbenchPage.findEditors(WorkbenchPage.java:2237)
	at org.eclipse.ui.internal.WorkbenchPage.findEditor(WorkbenchPage.java:2225)
	at org.eclipse.ui.NavigationLocation.getEditorPart(NavigationLocation.java:47)
	at org.eclipse.ui.texteditor.TextSelectionNavigationLocation.update(TextSelectionNavigationLocation.java:334)
	at org.eclipse.ui.internal.NavigationHistory.updateEntry(NavigationHistory.java:449)
	at org.eclipse.ui.internal.NavigationHistory.lambda$0(NavigationHistory.java:207)
	at org.eclipse.swt.widgets.RunnableLock.run(RunnableLock.java:40)
	at org.eclipse.swt.widgets.Synchronizer.runAsyncMessages(Synchronizer.java:185)
	at org.eclipse.swt.widgets.Display.runAsyncMessages(Display.java:4001)
	at org.eclipse.swt.widgets.Display.readAndDispatch(Display.java:3629)
	at org.eclipse.e4.ui.internal.workbench.swt.PartRenderingEngine$5.run(PartRenderingEngine.java:1157)
	at org.eclipse.core.databinding.observable.Realm.runWithDefault(Realm.java:338)
	at org.eclipse.e4.ui.internal.workbench.swt.PartRenderingEngine.run(PartRenderingEngine.java:1046)
	at org.eclipse.e4.ui.internal.workbench.E4Workbench.createAndRunUI(E4Workbench.java:155)
	at org.eclipse.ui.internal.Workbench.lambda$3(Workbench.java:644)
	at org.eclipse.core.databinding.observable.Realm.runWithDefault(Realm.java:338)
	at org.eclipse.ui.internal.Workbench.createAndRunWorkbench(Workbench.java:551)
	at org.eclipse.ui.PlatformUI.createAndRunWorkbench(PlatformUI.java:156)
	at org.eclipse.ui.internal.ide.application.IDEApplication.start(IDEApplication.java:152)
	at org.eclipse.equinox.internal.app.EclipseAppHandle.run(EclipseAppHandle.java:203)
	at org.eclipse.core.runtime.internal.adaptor.EclipseAppLauncher.runApplication(EclipseAppLauncher.java:134)
	at org.eclipse.core.runtime.internal.adaptor.EclipseAppLauncher.start(EclipseAppLauncher.java:104)
	at org.eclipse.core.runtime.adaptor.EclipseStarter.run(EclipseStarter.java:401)
	at org.eclipse.core.runtime.adaptor.EclipseStarter.run(EclipseStarter.java:255)
	at java.base/jdk.internal.reflect.NativeMethodAccessorImpl.invoke0(Native Method)
	at java.base/jdk.internal.reflect.NativeMethodAccessorImpl.invoke(NativeMethodAccessorImpl.java:78)
	at java.base/jdk.internal.reflect.DelegatingMethodAccessorImpl.invoke(DelegatingMethodAccessorImpl.java:43)
	at java.base/java.lang.reflect.Method.invoke(Method.java:567)
	at org.eclipse.equinox.launcher.Main.invokeFramework(Main.java:654)
	at org.eclipse.equinox.launcher.Main.basicRun(Main.java:591)
	at org.eclipse.equinox.launcher.Main.run(Main.java:1462)
!SUBENTRY 1 org.eclipse.ui 4 0 2026-07-28 15:14:57.146
!MESSAGE Factory org.eclipse.jdt.ui.ClassFileEditorInputFactory returned null from createElement for editor id=org.eclipse.jdt.ui.ClassFileEditor name=null

!ENTRY org.eclipse.ui 4 0 2026-07-28 15:14:57.148
!MESSAGE Factory org.eclipse.jdt.ui.ClassFileEditorInputFactory returned null from createElement for editor id=org.eclipse.jdt.ui.ClassFileEditor name=null
!STACK 1
org.eclipse.ui.PartInitException: Factory org.eclipse.jdt.ui.ClassFileEditorInputFactory returned null from createElement for editor id=org.eclipse.jdt.ui.ClassFileEditor name=null
	at org.eclipse.ui.internal.EditorReference.getEditorInput(EditorReference.java:302)
	at org.eclipse.ui.internal.WorkbenchPage.checkEditor(WorkbenchPage.java:2283)
	at org.eclipse.ui.internal.WorkbenchPage.findEditors(WorkbenchPage.java:2237)
	at org.eclipse.ui.internal.WorkbenchPage.findEditor(WorkbenchPage.java:2225)
	at org.eclipse.ui.NavigationLocation.getEditorPart(NavigationLocation.java:47)
	at org.eclipse.ui.NavigationLocation.getText(NavigationLocation.java:57)
	at org.eclipse.ui.internal.NavigationHistoryEntry.getHistoryText(NavigationHistoryEntry.java:99)
	at org.eclipse.ui.internal.NavigationHistoryAction.update(NavigationHistoryAction.java:254)
	at org.eclipse.ui.internal.NavigationHistory.updateActions(NavigationHistory.java:414)
	at org.eclipse.ui.internal.NavigationHistory.addEntry(NavigationHistory.java:370)
	at org.eclipse.ui.internal.NavigationHistory.lambda$0(NavigationHistory.java:209)
	at org.eclipse.swt.widgets.RunnableLock.run(RunnableLock.java:40)
	at org.eclipse.swt.widgets.Synchronizer.runAsyncMessages(Synchronizer.java:185)
	at org.eclipse.swt.widgets.Display.runAsyncMessages(Display.java:4001)
	at org.eclipse.swt.widgets.Display.readAndDispatch(Display.java:3629)
	at org.eclipse.e4.ui.internal.workbench.swt.PartRenderingEngine$5.run(PartRenderingEngine.java:1157)
	at org.eclipse.core.databinding.observable.Realm.runWithDefault(Realm.java:338)
	at org.eclipse.e4.ui.internal.workbench.swt.PartRenderingEngine.run(PartRenderingEngine.java:1046)
	at org.eclipse.e4.ui.internal.workbench.E4Workbench.createAndRunUI(E4Workbench.java:155)
	at org.eclipse.ui.internal.Workbench.lambda$3(Workbench.java:644)
	at org.eclipse.core.databinding.observable.Realm.runWithDefault(Realm.java:338)
	at org.eclipse.ui.internal.Workbench.createAndRunWorkbench(Workbench.java:551)
	at org.eclipse.ui.PlatformUI.createAndRunWorkbench(PlatformUI.java:156)
	at org.eclipse.ui.internal.ide.application.IDEApplication.start(IDEApplication.java:152)
	at org.eclipse.equinox.internal.app.EclipseAppHandle.run(EclipseAppHandle.java:203)
	at org.eclipse.core.runtime.internal.adaptor.EclipseAppLauncher.runApplication(EclipseAppLauncher.java:134)
	at org.eclipse.core.runtime.internal.adaptor.EclipseAppLauncher.start(EclipseAppLauncher.java:104)
	at org.eclipse.core.runtime.adaptor.EclipseStarter.run(EclipseStarter.java:401)
	at org.eclipse.core.runtime.adaptor.EclipseStarter.run(EclipseStarter.java:255)
	at java.base/jdk.internal.reflect.NativeMethodAccessorImpl.invoke0(Native Method)
	at java.base/jdk.internal.reflect.NativeMethodAccessorImpl.invoke(NativeMethodAccessorImpl.java:78)
	at java.base/jdk.internal.reflect.DelegatingMethodAccessorImpl.invoke(DelegatingMethodAccessorImpl.java:43)
	at java.base/java.lang.reflect.Method.invoke(Method.java:567)
	at org.eclipse.equinox.launcher.Main.invokeFramework(Main.java:654)
	at org.eclipse.equinox.launcher.Main.basicRun(Main.java:591)
	at org.eclipse.equinox.launcher.Main.run(Main.java:1462)
!SUBENTRY 1 org.eclipse.ui 4 0 2026-07-28 15:14:57.148
!MESSAGE Factory org.eclipse.jdt.ui.ClassFileEditorInputFactory returned null from createElement for editor id=org.eclipse.jdt.ui.ClassFileEditor name=null

!ENTRY org.eclipse.jdt.core 4 4 2026-07-28 18:05:25.472
!MESSAGE Exception occurred during compilation unit conversion:
----------------------------------- SOURCE BEGIN -------------------------------------
package com.ArrayEXexam;
/* 문]
 *      주민번호를 입력받아 올바른 주민번호인지를 검증하는 프로그램을 구현하시오.
 *      
 *      123456 - abcdefg;
 *      12 -> 년도, 34 - > 월, 56 -> 일
 *      
 *      a - > 9,1,3(남자), 0,2,4(여성),
 *      b - > 지역 (0 ~ 9)
 *      c, d - > 시도, 구 의미
 *      e, f - > 해당 구의 동, 읍, 면
 *      g - > 판별 공식(해당 번호가 맞는지를 판별) *      
 * 
 *      공식
 *         int hap = 0;
 *         hap += 주민번호의 첫번쨰 자리 * 2
 *         hap += 주민번호의 두번쨰 자리 * 3
 *         hap += 주민번호의 세번쨰 자리 * 4
 *         hap += 주민번호의 네번쨰 자리 * 5
 *         hap += 주민번호의 다섯번쨰 자리 * 6
 *         hap += 주민번호의 여섯번쨰 자리 * 7
 *          - : 계산하지 않음
 *         hap += 주민번호의 여덟번쨰 자리(a) * 8
 *         hap += 주민번호의 아홉번쨰 자리(b) * 9
 *         hap += 주민번호의 열번쨰 자리(c) * 2
 *         hap += 주민번호의 열한번쨰 자리(d) * 3
 *         hap += 주민번호의 열두번쨰 자리(e) * 4
 *         hap += 주민번호의 열세버쨰 자리(f) * 5
 *         
 *         float temp = (int)(hap / 11.0f) * 11.0f + 11.0f -hap;
 *         float temp1 = temp - (int)(temp / 10.0f) * 10.0f;
 *         주민번호가 옳은지 틀린지 알 수 있다.
 * 
 */
import java.util.*;
import java.io.*;
public class ArrayEX14 {

	public static void main(String[] args) throws IOException{
		
		BufferedReader br = 
				new BufferedReader(new InputStreamReader(System.in));
		String name = "";
		
		int[] jumin = new int [14];
		boolean right = false;
		
		System.out.print("이름 :");
		name = br.readLine();
		
		do {
			right = false;
			System.out.print("주민번호 : ");
			for(int i = 0; i < jumin.length; i++) {
				jumin[i] = System.in.read() - 48;
			}
			System.in.read();
			System.in.read();
			
			// 달은 12월보다 크면 안됨
			if(jumin[2]*10 + jumin[3] > 12) {
				System.out.println("태어난 날은 12월보다 클 수 없습니다.");
				continue;
			
			}else if(jumin[4]*10 + jumin[5] > 31) {
				// 일은 31 보다 크면 안됨
				System.out.println("태어난 일은 31일보다 클 수 없습니다.");
				continue;
			
			}else if(jumin[7] !=9 && jumin[7] !=0 &&  jumin[7] !=1 && 
					 jumin[7] !=2 &&  jumin[7] !=3 &&  jumin[7] !=4) {
				System.out.print("성별을 나타내는 숫자는 9,0,1,2,3,4 중 하나만 가능합니다.");
				continue;
			}
			
			int hap = 0, cre =2;
			float temp = 0.0f, temp1= 0.0f;
			
			for(int i = 0; i < jumin.length - 1; i++) {
				if(i == 6) {
					continue;
				}
				hap += jumin[i] * cre;
				cre++;
				if(cre == 10) {
					cre = 2;
				}
			}
			
			temp = (int)(hap / 11.0f) * 11.0f + 11.0f -hap;
			temp1 = temp - (int)(temp / 10.0f) * 10.0f;
			
			if(temp1 != jumin[13]) {
				System.out.println("주민번호 검증 수가 올바르지 않습니다.");
				continue;
			}
			right = true;
	
		} while (!right);
		
		System.out.println();
		System.out.println("이름 :"+name);
		System.out.println("주민번호 :");
		for(int i = 0; i < jumin.length; i++) {
			if(i==6) {
				System.out.println("-");
				continue;
			}
			System.out.print(jumin[i]);
		}
		
		System.out.println();
		System.out.println("생년월일 :");
		int year = 0, month=0, day = 0;
		switch (jumin[7]) {
		case 9 :
		case 0 :
			year = 1800;
			break;
			
		case 1 :
		case 2 :
			year = 1900;
			break;
			
		case 3 :
		case 4 :
			year = 2000;
			break;

		}
		year + jumin
	}

}

----------------------------------- SOURCE END -------------------------------------
!STACK 0
java.lang.IllegalArgumentException
	at org.eclipse.jdt.core.dom.InfixExpression.setOperator(InfixExpression.java:383)
	at org.eclipse.jdt.core.dom.ASTConverter.convert(ASTConverter.java:1287)
	at org.eclipse.jdt.core.dom.ASTConverter.convert(ASTConverter.java:2031)
	at org.eclipse.jdt.core.dom.ASTConverter.convertToParenthesizedExpression(ASTConverter.java:3795)
	at org.eclipse.jdt.core.dom.ASTConverter.convert(ASTConverter.java:1943)
	at org.eclipse.jdt.core.dom.ASTConverter.convert(ASTConverter.java:1204)
	at org.eclipse.jdt.core.dom.ASTConverter.convert(ASTConverter.java:1974)
	at org.eclipse.jdt.core.dom.ASTConverter.convert(ASTConverter.java:3052)
	at org.eclipse.jdt.core.dom.ASTConverter.convert(ASTConverter.java:751)
	at org.eclipse.jdt.core.dom.ASTConverter.buildBodyDeclarations(ASTConverter.java:208)
	at org.eclipse.jdt.core.dom.ASTConverter.convert(ASTConverter.java:3347)
	at org.eclipse.jdt.core.dom.ASTConverter.convert(ASTConverter.java:1524)
	at org.eclipse.jdt.core.dom.AST.convertCompilationUnit(AST.java:494)
	at org.eclipse.jdt.internal.core.CompilationUnit.buildStructure(CompilationUnit.java:201)
	at org.eclipse.jdt.internal.core.Openable.generateInfos(Openable.java:266)
	at org.eclipse.jdt.internal.core.JavaElement.openWhenClosed(JavaElement.java:597)
	at org.eclipse.jdt.internal.core.CompilationUnit.makeConsistent(CompilationUnit.java:1142)
	at org.eclipse.jdt.internal.core.ReconcileWorkingCopyOperation.makeConsistent(ReconcileWorkingCopyOperation.java:173)
	at org.eclipse.jdt.internal.core.ReconcileWorkingCopyOperation.executeOperation(ReconcileWorkingCopyOperation.java:94)
	at org.eclipse.jdt.internal.core.JavaModelOperation.run(JavaModelOperation.java:740)
	at org.eclipse.jdt.internal.core.JavaModelOperation.runOperation(JavaModelOperation.java:806)
	at org.eclipse.jdt.internal.core.CompilationUnit.reconcile(CompilationUnit.java:1319)
	at org.eclipse.jdt.internal.ui.text.java.JavaReconcilingStrategy.reconcile(JavaReconcilingStrategy.java:131)
	at org.eclipse.jdt.internal.ui.text.java.JavaReconcilingStrategy.access$0(JavaReconcilingStrategy.java:113)
	at org.eclipse.jdt.internal.ui.text.java.JavaReconcilingStrategy$1.run(JavaReconcilingStrategy.java:93)
	at org.eclipse.core.runtime.SafeRunner.run(SafeRunner.java:45)
	at org.eclipse.jdt.internal.ui.text.java.JavaReconcilingStrategy.reconcile(JavaReconcilingStrategy.java:90)
	at org.eclipse.jdt.internal.ui.text.java.JavaReconcilingStrategy.reconcile(JavaReconcilingStrategy.java:157)
	at org.eclipse.jdt.internal.ui.text.CompositeReconcilingStrategy.reconcile(CompositeReconcilingStrategy.java:94)
	at org.eclipse.jdt.internal.ui.text.JavaCompositeReconcilingStrategy.reconcile(JavaCompositeReconcilingStrategy.java:107)
	at org.eclipse.jface.text.reconciler.MonoReconciler.process(MonoReconciler.java:76)
	at org.eclipse.jface.text.reconciler.AbstractReconciler$BackgroundThread.run(AbstractReconciler.java:210)

!ENTRY org.eclipse.jdt.ui 4 2 2026-07-28 18:05:25.474
!MESSAGE Problems occurred when invoking code from plug-in: "org.eclipse.jdt.ui".
!STACK 0
java.lang.IllegalArgumentException
	at org.eclipse.jdt.core.dom.InfixExpression.setOperator(InfixExpression.java:383)
	at org.eclipse.jdt.core.dom.ASTConverter.convert(ASTConverter.java:1287)
	at org.eclipse.jdt.core.dom.ASTConverter.convert(ASTConverter.java:2031)
	at org.eclipse.jdt.core.dom.ASTConverter.convertToParenthesizedExpression(ASTConverter.java:3795)
	at org.eclipse.jdt.core.dom.ASTConverter.convert(ASTConverter.java:1943)
	at org.eclipse.jdt.core.dom.ASTConverter.convert(ASTConverter.java:1204)
	at org.eclipse.jdt.core.dom.ASTConverter.convert(ASTConverter.java:1974)
	at org.eclipse.jdt.core.dom.ASTConverter.convert(ASTConverter.java:3052)
	at org.eclipse.jdt.core.dom.ASTConverter.convert(ASTConverter.java:751)
	at org.eclipse.jdt.core.dom.ASTConverter.buildBodyDeclarations(ASTConverter.java:208)
	at org.eclipse.jdt.core.dom.ASTConverter.convert(ASTConverter.java:3347)
	at org.eclipse.jdt.core.dom.ASTConverter.convert(ASTConverter.java:1524)
	at org.eclipse.jdt.core.dom.AST.convertCompilationUnit(AST.java:494)
	at org.eclipse.jdt.internal.core.CompilationUnit.buildStructure(CompilationUnit.java:201)
	at org.eclipse.jdt.internal.core.Openable.generateInfos(Openable.java:266)
	at org.eclipse.jdt.internal.core.JavaElement.openWhenClosed(JavaElement.java:597)
	at org.eclipse.jdt.internal.core.CompilationUnit.makeConsistent(CompilationUnit.java:1142)
	at org.eclipse.jdt.internal.core.ReconcileWorkingCopyOperation.makeConsistent(ReconcileWorkingCopyOperation.java:173)
	at org.eclipse.jdt.internal.core.ReconcileWorkingCopyOperation.executeOperation(ReconcileWorkingCopyOperation.java:94)
	at org.eclipse.jdt.internal.core.JavaModelOperation.run(JavaModelOperation.java:740)
	at org.eclipse.jdt.internal.core.JavaModelOperation.runOperation(JavaModelOperation.java:806)
	at org.eclipse.jdt.internal.core.CompilationUnit.reconcile(CompilationUnit.java:1319)
	at org.eclipse.jdt.internal.ui.text.java.JavaReconcilingStrategy.reconcile(JavaReconcilingStrategy.java:131)
	at org.eclipse.jdt.internal.ui.text.java.JavaReconcilingStrategy.access$0(JavaReconcilingStrategy.java:113)
	at org.eclipse.jdt.internal.ui.text.java.JavaReconcilingStrategy$1.run(JavaReconcilingStrategy.java:93)
	at org.eclipse.core.runtime.SafeRunner.run(SafeRunner.java:45)
	at org.eclipse.jdt.internal.ui.text.java.JavaReconcilingStrategy.reconcile(JavaReconcilingStrategy.java:90)
	at org.eclipse.jdt.internal.ui.text.java.JavaReconcilingStrategy.reconcile(JavaReconcilingStrategy.java:157)
	at org.eclipse.jdt.internal.ui.text.CompositeReconcilingStrategy.reconcile(CompositeReconcilingStrategy.java:94)
	at org.eclipse.jdt.internal.ui.text.JavaCompositeReconcilingStrategy.reconcile(JavaCompositeReconcilingStrategy.java:107)
	at org.eclipse.jface.text.reconciler.MonoReconciler.process(MonoReconciler.java:76)
	at org.eclipse.jface.text.reconciler.AbstractReconciler$BackgroundThread.run(AbstractReconciler.java:210)

!ENTRY org.eclipse.jdt.ui 4 0 2026-07-28 18:05:25.474
!MESSAGE Error in JDT Core during reconcile
!STACK 0
java.lang.IllegalArgumentException
	at org.eclipse.jdt.core.dom.InfixExpression.setOperator(InfixExpression.java:383)
	at org.eclipse.jdt.core.dom.ASTConverter.convert(ASTConverter.java:1287)
	at org.eclipse.jdt.core.dom.ASTConverter.convert(ASTConverter.java:2031)
	at org.eclipse.jdt.core.dom.ASTConverter.convertToParenthesizedExpression(ASTConverter.java:3795)
	at org.eclipse.jdt.core.dom.ASTConverter.convert(ASTConverter.java:1943)
	at org.eclipse.jdt.core.dom.ASTConverter.convert(ASTConverter.java:1204)
	at org.eclipse.jdt.core.dom.ASTConverter.convert(ASTConverter.java:1974)
	at org.eclipse.jdt.core.dom.ASTConverter.convert(ASTConverter.java:3052)
	at org.eclipse.jdt.core.dom.ASTConverter.convert(ASTConverter.java:751)
	at org.eclipse.jdt.core.dom.ASTConverter.buildBodyDeclarations(ASTConverter.java:208)
	at org.eclipse.jdt.core.dom.ASTConverter.convert(ASTConverter.java:3347)
	at org.eclipse.jdt.core.dom.ASTConverter.convert(ASTConverter.java:1524)
	at org.eclipse.jdt.core.dom.AST.convertCompilationUnit(AST.java:494)
	at org.eclipse.jdt.internal.core.CompilationUnit.buildStructure(CompilationUnit.java:201)
	at org.eclipse.jdt.internal.core.Openable.generateInfos(Openable.java:266)
	at org.eclipse.jdt.internal.core.JavaElement.openWhenClosed(JavaElement.java:597)
	at org.eclipse.jdt.internal.core.CompilationUnit.makeConsistent(CompilationUnit.java:1142)
	at org.eclipse.jdt.internal.core.ReconcileWorkingCopyOperation.makeConsistent(ReconcileWorkingCopyOperation.java:173)
	at org.eclipse.jdt.internal.core.ReconcileWorkingCopyOperation.executeOperation(ReconcileWorkingCopyOperation.java:94)
	at org.eclipse.jdt.internal.core.JavaModelOperation.run(JavaModelOperation.java:740)
	at org.eclipse.jdt.internal.core.JavaModelOperation.runOperation(JavaModelOperation.java:806)
	at org.eclipse.jdt.internal.core.CompilationUnit.reconcile(CompilationUnit.java:1319)
	at org.eclipse.jdt.internal.ui.text.java.JavaReconcilingStrategy.reconcile(JavaReconcilingStrategy.java:131)
	at org.eclipse.jdt.internal.ui.text.java.JavaReconcilingStrategy.access$0(JavaReconcilingStrategy.java:113)
	at org.eclipse.jdt.internal.ui.text.java.JavaReconcilingStrategy$1.run(JavaReconcilingStrategy.java:93)
	at org.eclipse.core.runtime.SafeRunner.run(SafeRunner.java:45)
	at org.eclipse.jdt.internal.ui.text.java.JavaReconcilingStrategy.reconcile(JavaReconcilingStrategy.java:90)
	at org.eclipse.jdt.internal.ui.text.java.JavaReconcilingStrategy.reconcile(JavaReconcilingStrategy.java:157)
	at org.eclipse.jdt.internal.ui.text.CompositeReconcilingStrategy.reconcile(CompositeReconcilingStrategy.java:94)
	at org.eclipse.jdt.internal.ui.text.JavaCompositeReconcilingStrategy.reconcile(JavaCompositeReconcilingStrategy.java:107)
	at org.eclipse.jface.text.reconciler.MonoReconciler.process(MonoReconciler.java:76)
	at org.eclipse.jface.text.reconciler.AbstractReconciler$BackgroundThread.run(AbstractReconciler.java:210)
!SESSION 2026-07-29 14:20:59.440 -----------------------------------------------
eclipse.buildId=4.20.0.I20210611-1600
java.version=16.0.1
java.vendor=Oracle Corporation
BootLoader constants: OS=win32, ARCH=x86_64, WS=win32, NL=ko_KR
Framework arguments:  -product org.eclipse.epp.package.java.product
Command-line arguments:  -os win32 -ws win32 -arch x86_64 -product org.eclipse.epp.package.java.product

!ENTRY org.eclipse.jface 2 0 2026-07-29 14:21:05.763
!MESSAGE Keybinding conflicts occurred.  They may interfere with normal accelerator operation.
!SUBENTRY 1 org.eclipse.jface 2 0 2026-07-29 14:21:05.763
!MESSAGE A conflict occurred for CTRL+SHIFT+T:
Binding(CTRL+SHIFT+T,
	ParameterizedCommand(Command(org.eclipse.jdt.ui.navigate.open.type,Open Type,
		Open a type in a Java editor,
		Category(org.eclipse.ui.category.navigate,Navigate,null,true),
		org.eclipse.ui.internal.WorkbenchHandlerServiceHandler@20914835,
		,,true),null),
	org.eclipse.ui.defaultAcceleratorConfiguration,
	org.eclipse.ui.contexts.window,,,system)
Binding(CTRL+SHIFT+T,
	ParameterizedCommand(Command(org.eclipse.lsp4e.symbolinworkspace,Go to Symbol in Workspace,
		,
		Category(org.eclipse.lsp4e.category,Language Servers,null,true),
		org.eclipse.ui.internal.WorkbenchHandlerServiceHandler@615c4ea4,
		,,true),null),
	org.eclipse.ui.defaultAcceleratorConfiguration,
	org.eclipse.ui.contexts.window,,,system)

!ENTRY org.eclipse.egit.ui 2 0 2026-07-29 14:21:09.656
!MESSAGE Warning: The environment variable HOME is not set. The following directory will be used to store the Git
user global configuration and to define the default location to store repositories: 'C:\Users\USER'. If this is
not correct please set the HOME environment variable and restart Eclipse. Otherwise Git for Windows and
EGit might behave differently since they see different configuration options.
This warning can be switched off on the Team > Git > Confirmations and Warnings preference page.
!SESSION 2026-07-30 14:00:41.785 -----------------------------------------------
eclipse.buildId=4.20.0.I20210611-1600
java.version=16.0.1
java.vendor=Oracle Corporation
BootLoader constants: OS=win32, ARCH=x86_64, WS=win32, NL=ko_KR
Framework arguments:  -product org.eclipse.epp.package.java.product
Command-line arguments:  -os win32 -ws win32 -arch x86_64 -product org.eclipse.epp.package.java.product

!ENTRY org.eclipse.jface 2 0 2026-07-30 14:00:46.551
!MESSAGE Keybinding conflicts occurred.  They may interfere with normal accelerator operation.
!SUBENTRY 1 org.eclipse.jface 2 0 2026-07-30 14:00:46.551
!MESSAGE A conflict occurred for CTRL+SHIFT+T:
Binding(CTRL+SHIFT+T,
	ParameterizedCommand(Command(org.eclipse.jdt.ui.navigate.open.type,Open Type,
		Open a type in a Java editor,
		Category(org.eclipse.ui.category.navigate,Navigate,null,true),
		org.eclipse.ui.internal.WorkbenchHandlerServiceHandler@20914835,
		,,true),null),
	org.eclipse.ui.defaultAcceleratorConfiguration,
	org.eclipse.ui.contexts.window,,,system)
Binding(CTRL+SHIFT+T,
	ParameterizedCommand(Command(org.eclipse.lsp4e.symbolinworkspace,Go to Symbol in Workspace,
		,
		Category(org.eclipse.lsp4e.category,Language Servers,null,true),
		org.eclipse.ui.internal.WorkbenchHandlerServiceHandler@615c4ea4,
		,,true),null),
	org.eclipse.ui.defaultAcceleratorConfiguration,
	org.eclipse.ui.contexts.window,,,system)

!ENTRY org.eclipse.egit.ui 2 0 2026-07-30 14:00:53.938
!MESSAGE Warning: The environment variable HOME is not set. The following directory will be used to store the Git
user global configuration and to define the default location to store repositories: 'C:\Users\USER'. If this is
not correct please set the HOME environment variable and restart Eclipse. Otherwise Git for Windows and
EGit might behave differently since they see different configuration options.
This warning can be switched off on the Team > Git > Confirmations and Warnings preference page.
!SESSION 2026-07-30 15:33:03.250 -----------------------------------------------
eclipse.buildId=4.20.0.I20210611-1600
java.version=16.0.1
java.vendor=Oracle Corporation
BootLoader constants: OS=win32, ARCH=x86_64, WS=win32, NL=ko_KR
Framework arguments:  -product org.eclipse.epp.package.java.product
Command-line arguments:  -os win32 -ws win32 -arch x86_64 -product org.eclipse.epp.package.java.product

!ENTRY org.eclipse.core.resources 2 10035 2026-07-30 15:33:05.577
!MESSAGE The workspace exited with unsaved changes in the previous session; refreshing workspace to recover changes.

!ENTRY org.eclipse.jface 2 0 2026-07-30 15:33:07.348
!MESSAGE Keybinding conflicts occurred.  They may interfere with normal accelerator operation.
!SUBENTRY 1 org.eclipse.jface 2 0 2026-07-30 15:33:07.348
!MESSAGE A conflict occurred for CTRL+SHIFT+T:
Binding(CTRL+SHIFT+T,
	ParameterizedCommand(Command(org.eclipse.jdt.ui.navigate.open.type,Open Type,
		Open a type in a Java editor,
		Category(org.eclipse.ui.category.navigate,Navigate,null,true),
		org.eclipse.ui.internal.WorkbenchHandlerServiceHandler@2579d8a,
		,,true),null),
	org.eclipse.ui.defaultAcceleratorConfiguration,
	org.eclipse.ui.contexts.window,,,system)
Binding(CTRL+SHIFT+T,
	ParameterizedCommand(Command(org.eclipse.lsp4e.symbolinworkspace,Go to Symbol in Workspace,
		,
		Category(org.eclipse.lsp4e.category,Language Servers,null,true),
		org.eclipse.ui.internal.WorkbenchHandlerServiceHandler@2507a170,
		,,true),null),
	org.eclipse.ui.defaultAcceleratorConfiguration,
	org.eclipse.ui.contexts.window,,,system)

!ENTRY org.eclipse.egit.ui 2 0 2026-07-30 15:33:10.826
!MESSAGE Warning: The environment variable HOME is not set. The following directory will be used to store the Git
user global configuration and to define the default location to store repositories: 'C:\Users\USER'. If this is
not correct please set the HOME environment variable and restart Eclipse. Otherwise Git for Windows and
EGit might behave differently since they see different configuration options.
This warning can be switched off on the Team > Git > Confirmations and Warnings preference page.

!ENTRY org.eclipse.core.resources 4 567 2026-07-30 17:07:45.391
!MESSAGE The project description file (.project) for 'KUJI DAY01' is missing.  This file contains important information about the project.  The project will not function properly until this file is restored.
!STACK 0
java.lang.Exception: The project description file (.project) for 'KUJI DAY01' is missing.  This file contains important information about the project.  The project will not function properly until this file is restored.
	at org.eclipse.core.internal.resources.ResourceException.provideStackTrace(ResourceException.java:42)
	at org.eclipse.core.internal.resources.ResourceException.<init>(ResourceException.java:38)
	at org.eclipse.core.internal.localstore.FileSystemResourceManager.read(FileSystemResourceManager.java:908)
	at org.eclipse.core.internal.resources.SaveManager.restoreMetaInfo(SaveManager.java:888)
	at org.eclipse.core.internal.resources.SaveManager.restore(SaveManager.java:763)
	at org.eclipse.core.internal.resources.Project.open(Project.java:1060)
	at org.eclipse.ui.actions.OpenResourceAction$1.doOpenWithReferences(OpenResourceAction.java:233)
	at org.eclipse.ui.actions.OpenResourceAction$1.runInWorkspace(OpenResourceAction.java:279)
	at org.eclipse.core.internal.resources.InternalWorkspaceJob.run(InternalWorkspaceJob.java:42)
	at org.eclipse.core.internal.jobs.Worker.run(Worker.java:63)
!SESSION 2026-07-31 14:21:36.922 -----------------------------------------------
eclipse.buildId=4.20.0.I20210611-1600
java.version=16.0.1
java.vendor=Oracle Corporation
BootLoader constants: OS=win32, ARCH=x86_64, WS=win32, NL=ko_KR
Framework arguments:  -product org.eclipse.epp.package.java.product
Command-line arguments:  -os win32 -ws win32 -arch x86_64 -product org.eclipse.epp.package.java.product

!ENTRY org.eclipse.jface 2 0 2026-07-31 14:21:42.148
!MESSAGE Keybinding conflicts occurred.  They may interfere with normal accelerator operation.
!SUBENTRY 1 org.eclipse.jface 2 0 2026-07-31 14:21:42.148
!MESSAGE A conflict occurred for CTRL+SHIFT+T:
Binding(CTRL+SHIFT+T,
	ParameterizedCommand(Command(org.eclipse.jdt.ui.navigate.open.type,Open Type,
		Open a type in a Java editor,
		Category(org.eclipse.ui.category.navigate,Navigate,null,true),
		org.eclipse.ui.internal.WorkbenchHandlerServiceHandler@20914835,
		,,true),null),
	org.eclipse.ui.defaultAcceleratorConfiguration,
	org.eclipse.ui.contexts.window,,,system)
Binding(CTRL+SHIFT+T,
	ParameterizedCommand(Command(org.eclipse.lsp4e.symbolinworkspace,Go to Symbol in Workspace,
		,
		Category(org.eclipse.lsp4e.category,Language Servers,null,true),
		org.eclipse.ui.internal.WorkbenchHandlerServiceHandler@615c4ea4,
		,,true),null),
	org.eclipse.ui.defaultAcceleratorConfiguration,
	org.eclipse.ui.contexts.window,,,system)

!ENTRY org.eclipse.egit.ui 2 0 2026-07-31 14:21:45.976
!MESSAGE Warning: The environment variable HOME is not set. The following directory will be used to store the Git
user global configuration and to define the default location to store repositories: 'C:\Users\USER'. If this is
not correct please set the HOME environment variable and restart Eclipse. Otherwise Git for Windows and
EGit might behave differently since they see different configuration options.
This warning can be switched off on the Team > Git > Confirmations and Warnings preference page.

!ENTRY org.eclipse.jdt.core 4 4 2026-07-31 15:10:56.742
!MESSAGE Exception occurred during compilation unit conversion:
----------------------------------- SOURCE BEGIN -------------------------------------
package com.objectEX;

public class CardExam {

	public static void main(String[] args) {
		// 클래스 변수(static 변수)는 객체생성 없이 (클래스명.변수)로 직접 사용이 가능함
		System.out.println("Card.width : "+Card.width);
		System.out.println("Card.height : "+Card.height);
		
		
		Card c1 = new Card(); // 객체를 생성
		c1.kind = "Heart";
		c1.number = 7;
		
		Card c2 = new Card();
		c2.kind = "Space";
		c2.number = 3;  // 인스턴스 변수
		
		System.out.println("c1은 "+ c1.kind+", "+c1.number+"이며 크기는 " (+c1.width+"높이는" +c1.height+) "입니다." );
		
		


	}

}

----------------------------------- SOURCE END -------------------------------------
!STACK 0
java.lang.IllegalArgumentException
	at org.eclipse.jdt.core.dom.InfixExpression.setOperator(InfixExpression.java:383)
	at org.eclipse.jdt.core.dom.ASTConverter.convert(ASTConverter.java:1287)
	at org.eclipse.jdt.core.dom.ASTConverter.convert(ASTConverter.java:2031)
	at org.eclipse.jdt.core.dom.ASTConverter.convertToParenthesizedExpression(ASTConverter.java:3795)
	at org.eclipse.jdt.core.dom.ASTConverter.convert(ASTConverter.java:1943)
	at org.eclipse.jdt.core.dom.ASTConverter.convert(ASTConverter.java:1204)
	at org.eclipse.jdt.core.dom.ASTConverter.convert(ASTConverter.java:1974)
	at org.eclipse.jdt.core.dom.ASTConverter.convert(ASTConverter.java:3052)
	at org.eclipse.jdt.core.dom.ASTConverter.convert(ASTConverter.java:751)
	at org.eclipse.jdt.core.dom.ASTConverter.buildBodyDeclarations(ASTConverter.java:208)
	at org.eclipse.jdt.core.dom.ASTConverter.convert(ASTConverter.java:3347)
	at org.eclipse.jdt.core.dom.ASTConverter.convert(ASTConverter.java:1524)
	at org.eclipse.jdt.core.dom.AST.convertCompilationUnit(AST.java:494)
	at org.eclipse.jdt.internal.core.CompilationUnit.buildStructure(CompilationUnit.java:201)
	at org.eclipse.jdt.internal.core.Openable.generateInfos(Openable.java:266)
	at org.eclipse.jdt.internal.core.JavaElement.openWhenClosed(JavaElement.java:597)
	at org.eclipse.jdt.internal.core.CompilationUnit.makeConsistent(CompilationUnit.java:1142)
	at org.eclipse.jdt.internal.core.ReconcileWorkingCopyOperation.makeConsistent(ReconcileWorkingCopyOperation.java:173)
	at org.eclipse.jdt.internal.core.ReconcileWorkingCopyOperation.executeOperation(ReconcileWorkingCopyOperation.java:94)
	at org.eclipse.jdt.internal.core.JavaModelOperation.run(JavaModelOperation.java:740)
	at org.eclipse.jdt.internal.core.JavaModelOperation.runOperation(JavaModelOperation.java:806)
	at org.eclipse.jdt.internal.core.CompilationUnit.reconcile(CompilationUnit.java:1319)
	at org.eclipse.jdt.internal.ui.text.java.JavaReconcilingStrategy.reconcile(JavaReconcilingStrategy.java:131)
	at org.eclipse.jdt.internal.ui.text.java.JavaReconcilingStrategy.access$0(JavaReconcilingStrategy.java:113)
	at org.eclipse.jdt.internal.ui.text.java.JavaReconcilingStrategy$1.run(JavaReconcilingStrategy.java:93)
	at org.eclipse.core.runtime.SafeRunner.run(SafeRunner.java:45)
	at org.eclipse.jdt.internal.ui.text.java.JavaReconcilingStrategy.reconcile(JavaReconcilingStrategy.java:90)
	at org.eclipse.jdt.internal.ui.text.java.JavaReconcilingStrategy.reconcile(JavaReconcilingStrategy.java:157)
	at org.eclipse.jdt.internal.ui.text.CompositeReconcilingStrategy.reconcile(CompositeReconcilingStrategy.java:94)
	at org.eclipse.jdt.internal.ui.text.JavaCompositeReconcilingStrategy.reconcile(JavaCompositeReconcilingStrategy.java:107)
	at org.eclipse.jface.text.reconciler.MonoReconciler.process(MonoReconciler.java:76)
	at org.eclipse.jface.text.reconciler.AbstractReconciler$BackgroundThread.run(AbstractReconciler.java:210)

!ENTRY org.eclipse.jdt.ui 4 2 2026-07-31 15:10:56.743
!MESSAGE Problems occurred when invoking code from plug-in: "org.eclipse.jdt.ui".
!STACK 0
java.lang.IllegalArgumentException
	at org.eclipse.jdt.core.dom.InfixExpression.setOperator(InfixExpression.java:383)
	at org.eclipse.jdt.core.dom.ASTConverter.convert(ASTConverter.java:1287)
	at org.eclipse.jdt.core.dom.ASTConverter.convert(ASTConverter.java:2031)
	at org.eclipse.jdt.core.dom.ASTConverter.convertToParenthesizedExpression(ASTConverter.java:3795)
	at org.eclipse.jdt.core.dom.ASTConverter.convert(ASTConverter.java:1943)
	at org.eclipse.jdt.core.dom.ASTConverter.convert(ASTConverter.java:1204)
	at org.eclipse.jdt.core.dom.ASTConverter.convert(ASTConverter.java:1974)
	at org.eclipse.jdt.core.dom.ASTConverter.convert(ASTConverter.java:3052)
	at org.eclipse.jdt.core.dom.ASTConverter.convert(ASTConverter.java:751)
	at org.eclipse.jdt.core.dom.ASTConverter.buildBodyDeclarations(ASTConverter.java:208)
	at org.eclipse.jdt.core.dom.ASTConverter.convert(ASTConverter.java:3347)
	at org.eclipse.jdt.core.dom.ASTConverter.convert(ASTConverter.java:1524)
	at org.eclipse.jdt.core.dom.AST.convertCompilationUnit(AST.java:494)
	at org.eclipse.jdt.internal.core.CompilationUnit.buildStructure(CompilationUnit.java:201)
	at org.eclipse.jdt.internal.core.Openable.generateInfos(Openable.java:266)
	at org.eclipse.jdt.internal.core.JavaElement.openWhenClosed(JavaElement.java:597)
	at org.eclipse.jdt.internal.core.CompilationUnit.makeConsistent(CompilationUnit.java:1142)
	at org.eclipse.jdt.internal.core.ReconcileWorkingCopyOperation.makeConsistent(ReconcileWorkingCopyOperation.java:173)
	at org.eclipse.jdt.internal.core.ReconcileWorkingCopyOperation.executeOperation(ReconcileWorkingCopyOperation.java:94)
	at org.eclipse.jdt.internal.core.JavaModelOperation.run(JavaModelOperation.java:740)
	at org.eclipse.jdt.internal.core.JavaModelOperation.runOperation(JavaModelOperation.java:806)
	at org.eclipse.jdt.internal.core.CompilationUnit.reconcile(CompilationUnit.java:1319)
	at org.eclipse.jdt.internal.ui.text.java.JavaReconcilingStrategy.reconcile(JavaReconcilingStrategy.java:131)
	at org.eclipse.jdt.internal.ui.text.java.JavaReconcilingStrategy.access$0(JavaReconcilingStrategy.java:113)
	at org.eclipse.jdt.internal.ui.text.java.JavaReconcilingStrategy$1.run(JavaReconcilingStrategy.java:93)
	at org.eclipse.core.runtime.SafeRunner.run(SafeRunner.java:45)
	at org.eclipse.jdt.internal.ui.text.java.JavaReconcilingStrategy.reconcile(JavaReconcilingStrategy.java:90)
	at org.eclipse.jdt.internal.ui.text.java.JavaReconcilingStrategy.reconcile(JavaReconcilingStrategy.java:157)
	at org.eclipse.jdt.internal.ui.text.CompositeReconcilingStrategy.reconcile(CompositeReconcilingStrategy.java:94)
	at org.eclipse.jdt.internal.ui.text.JavaCompositeReconcilingStrategy.reconcile(JavaCompositeReconcilingStrategy.java:107)
	at org.eclipse.jface.text.reconciler.MonoReconciler.process(MonoReconciler.java:76)
	at org.eclipse.jface.text.reconciler.AbstractReconciler$BackgroundThread.run(AbstractReconciler.java:210)

!ENTRY org.eclipse.jdt.ui 4 0 2026-07-31 15:10:56.743
!MESSAGE Error in JDT Core during reconcile
!STACK 0
java.lang.IllegalArgumentException
	at org.eclipse.jdt.core.dom.InfixExpression.setOperator(InfixExpression.java:383)
	at org.eclipse.jdt.core.dom.ASTConverter.convert(ASTConverter.java:1287)
	at org.eclipse.jdt.core.dom.ASTConverter.convert(ASTConverter.java:2031)
	at org.eclipse.jdt.core.dom.ASTConverter.convertToParenthesizedExpression(ASTConverter.java:3795)
	at org.eclipse.jdt.core.dom.ASTConverter.convert(ASTConverter.java:1943)
	at org.eclipse.jdt.core.dom.ASTConverter.convert(ASTConverter.java:1204)
	at org.eclipse.jdt.core.dom.ASTConverter.convert(ASTConverter.java:1974)
	at org.eclipse.jdt.core.dom.ASTConverter.convert(ASTConverter.java:3052)
	at org.eclipse.jdt.core.dom.ASTConverter.convert(ASTConverter.java:751)
	at org.eclipse.jdt.core.dom.ASTConverter.buildBodyDeclarations(ASTConverter.java:208)
	at org.eclipse.jdt.core.dom.ASTConverter.convert(ASTConverter.java:3347)
	at org.eclipse.jdt.core.dom.ASTConverter.convert(ASTConverter.java:1524)
	at org.eclipse.jdt.core.dom.AST.convertCompilationUnit(AST.java:494)
	at org.eclipse.jdt.internal.core.CompilationUnit.buildStructure(CompilationUnit.java:201)
	at org.eclipse.jdt.internal.core.Openable.generateInfos(Openable.java:266)
	at org.eclipse.jdt.internal.core.JavaElement.openWhenClosed(JavaElement.java:597)
	at org.eclipse.jdt.internal.core.CompilationUnit.makeConsistent(CompilationUnit.java:1142)
	at org.eclipse.jdt.internal.core.ReconcileWorkingCopyOperation.makeConsistent(ReconcileWorkingCopyOperation.java:173)
	at org.eclipse.jdt.internal.core.ReconcileWorkingCopyOperation.executeOperation(ReconcileWorkingCopyOperation.java:94)
	at org.eclipse.jdt.internal.core.JavaModelOperation.run(JavaModelOperation.java:740)
	at org.eclipse.jdt.internal.core.JavaModelOperation.runOperation(JavaModelOperation.java:806)
	at org.eclipse.jdt.internal.core.CompilationUnit.reconcile(CompilationUnit.java:1319)
	at org.eclipse.jdt.internal.ui.text.java.JavaReconcilingStrategy.reconcile(JavaReconcilingStrategy.java:131)
	at org.eclipse.jdt.internal.ui.text.java.JavaReconcilingStrategy.access$0(JavaReconcilingStrategy.java:113)
	at org.eclipse.jdt.internal.ui.text.java.JavaReconcilingStrategy$1.run(JavaReconcilingStrategy.java:93)
	at org.eclipse.core.runtime.SafeRunner.run(SafeRunner.java:45)
	at org.eclipse.jdt.internal.ui.text.java.JavaReconcilingStrategy.reconcile(JavaReconcilingStrategy.java:90)
	at org.eclipse.jdt.internal.ui.text.java.JavaReconcilingStrategy.reconcile(JavaReconcilingStrategy.java:157)
	at org.eclipse.jdt.internal.ui.text.CompositeReconcilingStrategy.reconcile(CompositeReconcilingStrategy.java:94)
	at org.eclipse.jdt.internal.ui.text.JavaCompositeReconcilingStrategy.reconcile(JavaCompositeReconcilingStrategy.java:107)
	at org.eclipse.jface.text.reconciler.MonoReconciler.process(MonoReconciler.java:76)
	at org.eclipse.jface.text.reconciler.AbstractReconciler$BackgroundThread.run(AbstractReconciler.java:210)

!ENTRY org.eclipse.jdt.core 4 4 2026-07-31 15:10:59.750
!MESSAGE Exception occurred during compilation unit conversion:
----------------------------------- SOURCE BEGIN -------------------------------------
package com.objectEX;

public class CardExam {

	public static void main(String[] args) {
		// 클래스 변수(static 변수)는 객체생성 없이 (클래스명.변수)로 직접 사용이 가능함
		System.out.println("Card.width : "+Card.width);
		System.out.println("Card.height : "+Card.height);
		
		
		Card c1 = new Card(); // 객체를 생성
		c1.kind = "Heart";
		c1.number = 7;
		
		Card c2 = new Card();
		c2.kind = "Space";
		c2.number = 3;  // 인스턴스 변수
		
		System.out.println("c1은 "+ c1.kind+", "+c1.number+"이며 크기는 " (+c1.width+"높이는" +c1.height+) "입니다." );
		
		


	}

}

----------------------------------- SOURCE END -------------------------------------
!STACK 0
java.lang.IllegalArgumentException
	at org.eclipse.jdt.core.dom.InfixExpression.setOperator(InfixExpression.java:383)
	at org.eclipse.jdt.core.dom.ASTConverter.convert(ASTConverter.java:1287)
	at org.eclipse.jdt.core.dom.ASTConverter.convert(ASTConverter.java:2031)
	at org.eclipse.jdt.core.dom.ASTConverter.convertToParenthesizedExpression(ASTConverter.java:3795)
	at org.eclipse.jdt.core.dom.ASTConverter.convert(ASTConverter.java:1943)
	at org.eclipse.jdt.core.dom.ASTConverter.convert(ASTConverter.java:1204)
	at org.eclipse.jdt.core.dom.ASTConverter.convert(ASTConverter.java:1974)
	at org.eclipse.jdt.core.dom.ASTConverter.convert(ASTConverter.java:3052)
	at org.eclipse.jdt.core.dom.ASTConverter.convert(ASTConverter.java:751)
	at org.eclipse.jdt.core.dom.ASTConverter.buildBodyDeclarations(ASTConverter.java:208)
	at org.eclipse.jdt.core.dom.ASTConverter.convert(ASTConverter.java:3347)
	at org.eclipse.jdt.core.dom.ASTConverter.convert(ASTConverter.java:1524)
	at org.eclipse.jdt.core.dom.AST.convertCompilationUnit(AST.java:494)
	at org.eclipse.jdt.internal.core.ReconcileWorkingCopyOperation.makeConsistent(ReconcileWorkingCopyOperation.java:209)
	at org.eclipse.jdt.internal.core.ReconcileWorkingCopyOperation.executeOperation(ReconcileWorkingCopyOperation.java:94)
	at org.eclipse.jdt.internal.core.JavaModelOperation.run(JavaModelOperation.java:740)
	at org.eclipse.jdt.internal.core.JavaModelOperation.runOperation(JavaModelOperation.java:806)
	at org.eclipse.jdt.internal.core.CompilationUnit.reconcile(CompilationUnit.java:1319)
	at org.eclipse.jdt.internal.ui.text.java.JavaReconcilingStrategy.reconcile(JavaReconcilingStrategy.java:131)
	at org.eclipse.jdt.internal.ui.text.java.JavaReconcilingStrategy.access$0(JavaReconcilingStrategy.java:113)
	at org.eclipse.jdt.internal.ui.text.java.JavaReconcilingStrategy$1.run(JavaReconcilingStrategy.java:93)
	at org.eclipse.core.runtime.SafeRunner.run(SafeRunner.java:45)
	at org.eclipse.jdt.internal.ui.text.java.JavaReconcilingStrategy.reconcile(JavaReconcilingStrategy.java:90)
	at org.eclipse.jdt.internal.ui.text.java.JavaReconcilingStrategy.reconcile(JavaReconcilingStrategy.java:157)
	at org.eclipse.jdt.internal.ui.text.CompositeReconcilingStrategy.reconcile(CompositeReconcilingStrategy.java:94)
	at org.eclipse.jdt.internal.ui.text.JavaCompositeReconcilingStrategy.reconcile(JavaCompositeReconcilingStrategy.java:107)
	at org.eclipse.jface.text.reconciler.MonoReconciler.process(MonoReconciler.java:76)
	at org.eclipse.jface.text.reconciler.AbstractReconciler$BackgroundThread.run(AbstractReconciler.java:210)

!ENTRY org.eclipse.jdt.ui 4 2 2026-07-31 15:10:59.750
!MESSAGE Problems occurred when invoking code from plug-in: "org.eclipse.jdt.ui".
!STACK 0
java.lang.IllegalArgumentException
	at org.eclipse.jdt.core.dom.InfixExpression.setOperator(InfixExpression.java:383)
	at org.eclipse.jdt.core.dom.ASTConverter.convert(ASTConverter.java:1287)
	at org.eclipse.jdt.core.dom.ASTConverter.convert(ASTConverter.java:2031)
	at org.eclipse.jdt.core.dom.ASTConverter.convertToParenthesizedExpression(ASTConverter.java:3795)
	at org.eclipse.jdt.core.dom.ASTConverter.convert(ASTConverter.java:1943)
	at org.eclipse.jdt.core.dom.ASTConverter.convert(ASTConverter.java:1204)
	at org.eclipse.jdt.core.dom.ASTConverter.convert(ASTConverter.java:1974)
	at org.eclipse.jdt.core.dom.ASTConverter.convert(ASTConverter.java:3052)
	at org.eclipse.jdt.core.dom.ASTConverter.convert(ASTConverter.java:751)
	at org.eclipse.jdt.core.dom.ASTConverter.buildBodyDeclarations(ASTConverter.java:208)
	at org.eclipse.jdt.core.dom.ASTConverter.convert(ASTConverter.java:3347)
	at org.eclipse.jdt.core.dom.ASTConverter.convert(ASTConverter.java:1524)
	at org.eclipse.jdt.core.dom.AST.convertCompilationUnit(AST.java:494)
	at org.eclipse.jdt.internal.core.ReconcileWorkingCopyOperation.makeConsistent(ReconcileWorkingCopyOperation.java:209)
	at org.eclipse.jdt.internal.core.ReconcileWorkingCopyOperation.executeOperation(ReconcileWorkingCopyOperation.java:94)
	at org.eclipse.jdt.internal.core.JavaModelOperation.run(JavaModelOperation.java:740)
	at org.eclipse.jdt.internal.core.JavaModelOperation.runOperation(JavaModelOperation.java:806)
	at org.eclipse.jdt.internal.core.CompilationUnit.reconcile(CompilationUnit.java:1319)
	at org.eclipse.jdt.internal.ui.text.java.JavaReconcilingStrategy.reconcile(JavaReconcilingStrategy.java:131)
	at org.eclipse.jdt.internal.ui.text.java.JavaReconcilingStrategy.access$0(JavaReconcilingStrategy.java:113)
	at org.eclipse.jdt.internal.ui.text.java.JavaReconcilingStrategy$1.run(JavaReconcilingStrategy.java:93)
	at org.eclipse.core.runtime.SafeRunner.run(SafeRunner.java:45)
	at org.eclipse.jdt.internal.ui.text.java.JavaReconcilingStrategy.reconcile(JavaReconcilingStrategy.java:90)
	at org.eclipse.jdt.internal.ui.text.java.JavaReconcilingStrategy.reconcile(JavaReconcilingStrategy.java:157)
	at org.eclipse.jdt.internal.ui.text.CompositeReconcilingStrategy.reconcile(CompositeReconcilingStrategy.java:94)
	at org.eclipse.jdt.internal.ui.text.JavaCompositeReconcilingStrategy.reconcile(JavaCompositeReconcilingStrategy.java:107)
	at org.eclipse.jface.text.reconciler.MonoReconciler.process(MonoReconciler.java:76)
	at org.eclipse.jface.text.reconciler.AbstractReconciler$BackgroundThread.run(AbstractReconciler.java:210)

!ENTRY org.eclipse.jdt.ui 4 0 2026-07-31 15:10:59.751
!MESSAGE Error in JDT Core during reconcile
!STACK 0
java.lang.IllegalArgumentException
	at org.eclipse.jdt.core.dom.InfixExpression.setOperator(InfixExpression.java:383)
	at org.eclipse.jdt.core.dom.ASTConverter.convert(ASTConverter.java:1287)
	at org.eclipse.jdt.core.dom.ASTConverter.convert(ASTConverter.java:2031)
	at org.eclipse.jdt.core.dom.ASTConverter.convertToParenthesizedExpression(ASTConverter.java:3795)
	at org.eclipse.jdt.core.dom.ASTConverter.convert(ASTConverter.java:1943)
	at org.eclipse.jdt.core.dom.ASTConverter.convert(ASTConverter.java:1204)
	at org.eclipse.jdt.core.dom.ASTConverter.convert(ASTConverter.java:1974)
	at org.eclipse.jdt.core.dom.ASTConverter.convert(ASTConverter.java:3052)
	at org.eclipse.jdt.core.dom.ASTConverter.convert(ASTConverter.java:751)
	at org.eclipse.jdt.core.dom.ASTConverter.buildBodyDeclarations(ASTConverter.java:208)
	at org.eclipse.jdt.core.dom.ASTConverter.convert(ASTConverter.java:3347)
	at org.eclipse.jdt.core.dom.ASTConverter.convert(ASTConverter.java:1524)
	at org.eclipse.jdt.core.dom.AST.convertCompilationUnit(AST.java:494)
	at org.eclipse.jdt.internal.core.ReconcileWorkingCopyOperation.makeConsistent(ReconcileWorkingCopyOperation.java:209)
	at org.eclipse.jdt.internal.core.ReconcileWorkingCopyOperation.executeOperation(ReconcileWorkingCopyOperation.java:94)
	at org.eclipse.jdt.internal.core.JavaModelOperation.run(JavaModelOperation.java:740)
	at org.eclipse.jdt.internal.core.JavaModelOperation.runOperation(JavaModelOperation.java:806)
	at org.eclipse.jdt.internal.core.CompilationUnit.reconcile(CompilationUnit.java:1319)
	at org.eclipse.jdt.internal.ui.text.java.JavaReconcilingStrategy.reconcile(JavaReconcilingStrategy.java:131)
	at org.eclipse.jdt.internal.ui.text.java.JavaReconcilingStrategy.access$0(JavaReconcilingStrategy.java:113)
	at org.eclipse.jdt.internal.ui.text.java.JavaReconcilingStrategy$1.run(JavaReconcilingStrategy.java:93)
	at org.eclipse.core.runtime.SafeRunner.run(SafeRunner.java:45)
	at org.eclipse.jdt.internal.ui.text.java.JavaReconcilingStrategy.reconcile(JavaReconcilingStrategy.java:90)
	at org.eclipse.jdt.internal.ui.text.java.JavaReconcilingStrategy.reconcile(JavaReconcilingStrategy.java:157)
	at org.eclipse.jdt.internal.ui.text.CompositeReconcilingStrategy.reconcile(CompositeReconcilingStrategy.java:94)
	at org.eclipse.jdt.internal.ui.text.JavaCompositeReconcilingStrategy.reconcile(JavaCompositeReconcilingStrategy.java:107)
	at org.eclipse.jface.text.reconciler.MonoReconciler.process(MonoReconciler.java:76)
	at org.eclipse.jface.text.reconciler.AbstractReconciler$BackgroundThread.run(AbstractReconciler.java:210)

!ENTRY org.eclipse.jdt.core 4 4 2026-07-31 15:11:04.483
!MESSAGE Exception occurred during compilation unit conversion:
----------------------------------- SOURCE BEGIN -------------------------------------
package com.objectEX;

public class CardExam {

	public static void main(String[] args) {
		// 클래스 변수(static 변수)는 객체생성 없이 (클래스명.변수)로 직접 사용이 가능함
		System.out.println("Card.width : "+Card.width);
		System.out.println("Card.height : "+Card.height);
		
		
		Card c1 = new Card(); // 객체를 생성
		c1.kind = "Heart";
		c1.number = 7;
		
		Card c2 = new Card();
		c2.kind = "Space";
		c2.number = 3;  // 인스턴스 변수
		
		System.out.println("c1은 "+ c1.kind+", "+c1.number+"이며 크기는 " (+c1.width+"높이는" +c1.height+) "입니다." );
		
		


	}

}

----------------------------------- SOURCE END -------------------------------------
!STACK 0
java.lang.IllegalArgumentException
	at org.eclipse.jdt.core.dom.InfixExpression.setOperator(InfixExpression.java:383)
	at org.eclipse.jdt.core.dom.ASTConverter.convert(ASTConverter.java:1287)
	at org.eclipse.jdt.core.dom.ASTConverter.convert(ASTConverter.java:2031)
	at org.eclipse.jdt.core.dom.ASTConverter.convertToParenthesizedExpression(ASTConverter.java:3795)
	at org.eclipse.jdt.core.dom.ASTConverter.convert(ASTConverter.java:1943)
	at org.eclipse.jdt.core.dom.ASTConverter.convert(ASTConverter.java:1204)
	at org.eclipse.jdt.core.dom.ASTConverter.convert(ASTConverter.java:1974)
	at org.eclipse.jdt.core.dom.ASTConverter.convert(ASTConverter.java:3052)
	at org.eclipse.jdt.core.dom.ASTConverter.convert(ASTConverter.java:751)
	at org.eclipse.jdt.core.dom.ASTConverter.buildBodyDeclarations(ASTConverter.java:208)
	at org.eclipse.jdt.core.dom.ASTConverter.convert(ASTConverter.java:3347)
	at org.eclipse.jdt.core.dom.ASTConverter.convert(ASTConverter.java:1524)
	at org.eclipse.jdt.core.dom.CompilationUnitResolver.convert(CompilationUnitResolver.java:323)
	at org.eclipse.jdt.core.dom.ASTParser.internalCreateAST(ASTParser.java:1231)
	at org.eclipse.jdt.core.dom.ASTParser.createAST(ASTParser.java:820)
	at org.eclipse.jdt.core.manipulation.CoreASTProvider$1.run(CoreASTProvider.java:272)
	at org.eclipse.core.runtime.SafeRunner.run(SafeRunner.java:45)
	at org.eclipse.jdt.core.manipulation.CoreASTProvider.createAST(CoreASTProvider.java:264)
	at org.eclipse.jdt.core.manipulation.CoreASTProvider.getAST(CoreASTProvider.java:197)
	at org.eclipse.jdt.core.manipulation.SharedASTProviderCore.getAST(SharedASTProviderCore.java:138)
	at org.eclipse.jdt.internal.ui.text.correction.AssistContext.getASTRoot(AssistContext.java:128)
	at org.eclipse.jdt.internal.ui.text.java.hover.ProblemHover$ProblemInfo.getJavaAnnotationFixes(ProblemHover.java:101)
	at org.eclipse.jdt.internal.ui.text.java.hover.ProblemHover$ProblemInfo.getCompletionProposals(ProblemHover.java:79)
	at org.eclipse.jdt.internal.ui.text.java.hover.AbstractAnnotationHover$AnnotationInformationControl.deferredCreateContent(AbstractAnnotationHover.java:304)
	at org.eclipse.jdt.internal.ui.text.java.hover.AbstractAnnotationHover$AnnotationInformationControl.setInput(AbstractAnnotationHover.java:190)
	at org.eclipse.jface.text.AbstractInformationControlManager.internalShowInformationControl(AbstractInformationControlManager.java:1151)
	at org.eclipse.jface.text.AbstractInformationControlManager.presentInformation(AbstractInformationControlManager.java:1120)
	at org.eclipse.jface.text.AbstractHoverInformationControlManager.presentInformation(AbstractHoverInformationControlManager.java:884)
	at org.eclipse.jface.text.TextViewerHoverManager.doPresentInformation(TextViewerHoverManager.java:237)
	at org.eclipse.jface.text.TextViewerHoverManager.lambda$3(TextViewerHoverManager.java:227)
	at org.eclipse.swt.widgets.RunnableLock.run(RunnableLock.java:40)
	at org.eclipse.swt.widgets.Synchronizer.runAsyncMessages(Synchronizer.java:185)
	at org.eclipse.swt.widgets.Display.runAsyncMessages(Display.java:4001)
	at org.eclipse.swt.widgets.Display.readAndDispatch(Display.java:3629)
	at org.eclipse.e4.ui.internal.workbench.swt.PartRenderingEngine$5.run(PartRenderingEngine.java:1157)
	at org.eclipse.core.databinding.observable.Realm.runWithDefault(Realm.java:338)
	at org.eclipse.e4.ui.internal.workbench.swt.PartRenderingEngine.run(PartRenderingEngine.java:1046)
	at org.eclipse.e4.ui.internal.workbench.E4Workbench.createAndRunUI(E4Workbench.java:155)
	at org.eclipse.ui.internal.Workbench.lambda$3(Workbench.java:644)
	at org.eclipse.core.databinding.observable.Realm.runWithDefault(Realm.java:338)
	at org.eclipse.ui.internal.Workbench.createAndRunWorkbench(Workbench.java:551)
	at org.eclipse.ui.PlatformUI.createAndRunWorkbench(PlatformUI.java:156)
	at org.eclipse.ui.internal.ide.application.IDEApplication.start(IDEApplication.java:152)
	at org.eclipse.equinox.internal.app.EclipseAppHandle.run(EclipseAppHandle.java:203)
	at org.eclipse.core.runtime.internal.adaptor.EclipseAppLauncher.runApplication(EclipseAppLauncher.java:134)
	at org.eclipse.core.runtime.internal.adaptor.EclipseAppLauncher.start(EclipseAppLauncher.java:104)
	at org.eclipse.core.runtime.adaptor.EclipseStarter.run(EclipseStarter.java:401)
	at org.eclipse.core.runtime.adaptor.EclipseStarter.run(EclipseStarter.java:255)
	at java.base/jdk.internal.reflect.NativeMethodAccessorImpl.invoke0(Native Method)
	at java.base/jdk.internal.reflect.NativeMethodAccessorImpl.invoke(NativeMethodAccessorImpl.java:78)
	at java.base/jdk.internal.reflect.DelegatingMethodAccessorImpl.invoke(DelegatingMethodAccessorImpl.java:43)
	at java.base/java.lang.reflect.Method.invoke(Method.java:567)
	at org.eclipse.equinox.launcher.Main.invokeFramework(Main.java:654)
	at org.eclipse.equinox.launcher.Main.basicRun(Main.java:591)
	at org.eclipse.equinox.launcher.Main.run(Main.java:1462)

!ENTRY org.eclipse.jdt.core.manipulation 4 2 2026-07-31 15:11:04.483
!MESSAGE Problems occurred when invoking code from plug-in: "org.eclipse.jdt.core.manipulation".
!STACK 0
java.lang.IllegalArgumentException
	at org.eclipse.jdt.core.dom.InfixExpression.setOperator(InfixExpression.java:383)
	at org.eclipse.jdt.core.dom.ASTConverter.convert(ASTConverter.java:1287)
	at org.eclipse.jdt.core.dom.ASTConverter.convert(ASTConverter.java:2031)
	at org.eclipse.jdt.core.dom.ASTConverter.convertToParenthesizedExpression(ASTConverter.java:3795)
	at org.eclipse.jdt.core.dom.ASTConverter.convert(ASTConverter.java:1943)
	at org.eclipse.jdt.core.dom.ASTConverter.convert(ASTConverter.java:1204)
	at org.eclipse.jdt.core.dom.ASTConverter.convert(ASTConverter.java:1974)
	at org.eclipse.jdt.core.dom.ASTConverter.convert(ASTConverter.java:3052)
	at org.eclipse.jdt.core.dom.ASTConverter.convert(ASTConverter.java:751)
	at org.eclipse.jdt.core.dom.ASTConverter.buildBodyDeclarations(ASTConverter.java:208)
	at org.eclipse.jdt.core.dom.ASTConverter.convert(ASTConverter.java:3347)
	at org.eclipse.jdt.core.dom.ASTConverter.convert(ASTConverter.java:1524)
	at org.eclipse.jdt.core.dom.CompilationUnitResolver.convert(CompilationUnitResolver.java:323)
	at org.eclipse.jdt.core.dom.ASTParser.internalCreateAST(ASTParser.java:1231)
	at org.eclipse.jdt.core.dom.ASTParser.createAST(ASTParser.java:820)
	at org.eclipse.jdt.core.manipulation.CoreASTProvider$1.run(CoreASTProvider.java:272)
	at org.eclipse.core.runtime.SafeRunner.run(SafeRunner.java:45)
	at org.eclipse.jdt.core.manipulation.CoreASTProvider.createAST(CoreASTProvider.java:264)
	at org.eclipse.jdt.core.manipulation.CoreASTProvider.getAST(CoreASTProvider.java:197)
	at org.eclipse.jdt.core.manipulation.SharedASTProviderCore.getAST(SharedASTProviderCore.java:138)
	at org.eclipse.jdt.internal.ui.text.correction.AssistContext.getASTRoot(AssistContext.java:128)
	at org.eclipse.jdt.internal.ui.text.java.hover.ProblemHover$ProblemInfo.getJavaAnnotationFixes(ProblemHover.java:101)
	at org.eclipse.jdt.internal.ui.text.java.hover.ProblemHover$ProblemInfo.getCompletionProposals(ProblemHover.java:79)
	at org.eclipse.jdt.internal.ui.text.java.hover.AbstractAnnotationHover$AnnotationInformationControl.deferredCreateContent(AbstractAnnotationHover.java:304)
	at org.eclipse.jdt.internal.ui.text.java.hover.AbstractAnnotationHover$AnnotationInformationControl.setInput(AbstractAnnotationHover.java:190)
	at org.eclipse.jface.text.AbstractInformationControlManager.internalShowInformationControl(AbstractInformationControlManager.java:1151)
	at org.eclipse.jface.text.AbstractInformationControlManager.presentInformation(AbstractInformationControlManager.java:1120)
	at org.eclipse.jface.text.AbstractHoverInformationControlManager.presentInformation(AbstractHoverInformationControlManager.java:884)
	at org.eclipse.jface.text.TextViewerHoverManager.doPresentInformation(TextViewerHoverManager.java:237)
	at org.eclipse.jface.text.TextViewerHoverManager.lambda$3(TextViewerHoverManager.java:227)
	at org.eclipse.swt.widgets.RunnableLock.run(RunnableLock.java:40)
	at org.eclipse.swt.widgets.Synchronizer.runAsyncMessages(Synchronizer.java:185)
	at org.eclipse.swt.widgets.Display.runAsyncMessages(Display.java:4001)
	at org.eclipse.swt.widgets.Display.readAndDispatch(Display.java:3629)
	at org.eclipse.e4.ui.internal.workbench.swt.PartRenderingEngine$5.run(PartRenderingEngine.java:1157)
	at org.eclipse.core.databinding.observable.Realm.runWithDefault(Realm.java:338)
	at org.eclipse.e4.ui.internal.workbench.swt.PartRenderingEngine.run(PartRenderingEngine.java:1046)
	at org.eclipse.e4.ui.internal.workbench.E4Workbench.createAndRunUI(E4Workbench.java:155)
	at org.eclipse.ui.internal.Workbench.lambda$3(Workbench.java:644)
	at org.eclipse.core.databinding.observable.Realm.runWithDefault(Realm.java:338)
	at org.eclipse.ui.internal.Workbench.createAndRunWorkbench(Workbench.java:551)
	at org.eclipse.ui.PlatformUI.createAndRunWorkbench(PlatformUI.java:156)
	at org.eclipse.ui.internal.ide.application.IDEApplication.start(IDEApplication.java:152)
	at org.eclipse.equinox.internal.app.EclipseAppHandle.run(EclipseAppHandle.java:203)
	at org.eclipse.core.runtime.internal.adaptor.EclipseAppLauncher.runApplication(EclipseAppLauncher.java:134)
	at org.eclipse.core.runtime.internal.adaptor.EclipseAppLauncher.start(EclipseAppLauncher.java:104)
	at org.eclipse.core.runtime.adaptor.EclipseStarter.run(EclipseStarter.java:401)
	at org.eclipse.core.runtime.adaptor.EclipseStarter.run(EclipseStarter.java:255)
	at java.base/jdk.internal.reflect.NativeMethodAccessorImpl.invoke0(Native Method)
	at java.base/jdk.internal.reflect.NativeMethodAccessorImpl.invoke(NativeMethodAccessorImpl.java:78)
	at java.base/jdk.internal.reflect.DelegatingMethodAccessorImpl.invoke(DelegatingMethodAccessorImpl.java:43)
	at java.base/java.lang.reflect.Method.invoke(Method.java:567)
	at org.eclipse.equinox.launcher.Main.invokeFramework(Main.java:654)
	at org.eclipse.equinox.launcher.Main.basicRun(Main.java:591)
	at org.eclipse.equinox.launcher.Main.run(Main.java:1462)

!ENTRY org.eclipse.jdt.core.manipulation 4 0 2026-07-31 15:11:04.484
!MESSAGE Error in JDT Core during AST creation
!STACK 0
java.lang.IllegalArgumentException
	at org.eclipse.jdt.core.dom.InfixExpression.setOperator(InfixExpression.java:383)
	at org.eclipse.jdt.core.dom.ASTConverter.convert(ASTConverter.java:1287)
	at org.eclipse.jdt.core.dom.ASTConverter.convert(ASTConverter.java:2031)
	at org.eclipse.jdt.core.dom.ASTConverter.convertToParenthesizedExpression(ASTConverter.java:3795)
	at org.eclipse.jdt.core.dom.ASTConverter.convert(ASTConverter.java:1943)
	at org.eclipse.jdt.core.dom.ASTConverter.convert(ASTConverter.java:1204)
	at org.eclipse.jdt.core.dom.ASTConverter.convert(ASTConverter.java:1974)
	at org.eclipse.jdt.core.dom.ASTConverter.convert(ASTConverter.java:3052)
	at org.eclipse.jdt.core.dom.ASTConverter.convert(ASTConverter.java:751)
	at org.eclipse.jdt.core.dom.ASTConverter.buildBodyDeclarations(ASTConverter.java:208)
	at org.eclipse.jdt.core.dom.ASTConverter.convert(ASTConverter.java:3347)
	at org.eclipse.jdt.core.dom.ASTConverter.convert(ASTConverter.java:1524)
	at org.eclipse.jdt.core.dom.CompilationUnitResolver.convert(CompilationUnitResolver.java:323)
	at org.eclipse.jdt.core.dom.ASTParser.internalCreateAST(ASTParser.java:1231)
	at org.eclipse.jdt.core.dom.ASTParser.createAST(ASTParser.java:820)
	at org.eclipse.jdt.core.manipulation.CoreASTProvider$1.run(CoreASTProvider.java:272)
	at org.eclipse.core.runtime.SafeRunner.run(SafeRunner.java:45)
	at org.eclipse.jdt.core.manipulation.CoreASTProvider.createAST(CoreASTProvider.java:264)
	at org.eclipse.jdt.core.manipulation.CoreASTProvider.getAST(CoreASTProvider.java:197)
	at org.eclipse.jdt.core.manipulation.SharedASTProviderCore.getAST(SharedASTProviderCore.java:138)
	at org.eclipse.jdt.internal.ui.text.correction.AssistContext.getASTRoot(AssistContext.java:128)
	at org.eclipse.jdt.internal.ui.text.java.hover.ProblemHover$ProblemInfo.getJavaAnnotationFixes(ProblemHover.java:101)
	at org.eclipse.jdt.internal.ui.text.java.hover.ProblemHover$ProblemInfo.getCompletionProposals(ProblemHover.java:79)
	at org.eclipse.jdt.internal.ui.text.java.hover.AbstractAnnotationHover$AnnotationInformationControl.deferredCreateContent(AbstractAnnotationHover.java:304)
	at org.eclipse.jdt.internal.ui.text.java.hover.AbstractAnnotationHover$AnnotationInformationControl.setInput(AbstractAnnotationHover.java:190)
	at org.eclipse.jface.text.AbstractInformationControlManager.internalShowInformationControl(AbstractInformationControlManager.java:1151)
	at org.eclipse.jface.text.AbstractInformationControlManager.presentInformation(AbstractInformationControlManager.java:1120)
	at org.eclipse.jface.text.AbstractHoverInformationControlManager.presentInformation(AbstractHoverInformationControlManager.java:884)
	at org.eclipse.jface.text.TextViewerHoverManager.doPresentInformation(TextViewerHoverManager.java:237)
	at org.eclipse.jface.text.TextViewerHoverManager.lambda$3(TextViewerHoverManager.java:227)
	at org.eclipse.swt.widgets.RunnableLock.run(RunnableLock.java:40)
	at org.eclipse.swt.widgets.Synchronizer.runAsyncMessages(Synchronizer.java:185)
	at org.eclipse.swt.widgets.Display.runAsyncMessages(Display.java:4001)
	at org.eclipse.swt.widgets.Display.readAndDispatch(Display.java:3629)
	at org.eclipse.e4.ui.internal.workbench.swt.PartRenderingEngine$5.run(PartRenderingEngine.java:1157)
	at org.eclipse.core.databinding.observable.Realm.runWithDefault(Realm.java:338)
	at org.eclipse.e4.ui.internal.workbench.swt.PartRenderingEngine.run(PartRenderingEngine.java:1046)
	at org.eclipse.e4.ui.internal.workbench.E4Workbench.createAndRunUI(E4Workbench.java:155)
	at org.eclipse.ui.internal.Workbench.lambda$3(Workbench.java:644)
	at org.eclipse.core.databinding.observable.Realm.runWithDefault(Realm.java:338)
	at org.eclipse.ui.internal.Workbench.createAndRunWorkbench(Workbench.java:551)
	at org.eclipse.ui.PlatformUI.createAndRunWorkbench(PlatformUI.java:156)
	at org.eclipse.ui.internal.ide.application.IDEApplication.start(IDEApplication.java:152)
	at org.eclipse.equinox.internal.app.EclipseAppHandle.run(EclipseAppHandle.java:203)
	at org.eclipse.core.runtime.internal.adaptor.EclipseAppLauncher.runApplication(EclipseAppLauncher.java:134)
	at org.eclipse.core.runtime.internal.adaptor.EclipseAppLauncher.start(EclipseAppLauncher.java:104)
	at org.eclipse.core.runtime.adaptor.EclipseStarter.run(EclipseStarter.java:401)
	at org.eclipse.core.runtime.adaptor.EclipseStarter.run(EclipseStarter.java:255)
	at java.base/jdk.internal.reflect.NativeMethodAccessorImpl.invoke0(Native Method)
	at java.base/jdk.internal.reflect.NativeMethodAccessorImpl.invoke(NativeMethodAccessorImpl.java:78)
	at java.base/jdk.internal.reflect.DelegatingMethodAccessorImpl.invoke(DelegatingMethodAccessorImpl.java:43)
	at java.base/java.lang.reflect.Method.invoke(Method.java:567)
	at org.eclipse.equinox.launcher.Main.invokeFramework(Main.java:654)
	at org.eclipse.equinox.launcher.Main.basicRun(Main.java:591)
	at org.eclipse.equinox.launcher.Main.run(Main.java:1462)

!ENTRY org.eclipse.jdt.core 4 4 2026-07-31 15:11:04.487
!MESSAGE Exception occurred during compilation unit conversion:
----------------------------------- SOURCE BEGIN -------------------------------------
package com.objectEX;

public class CardExam {

	public static void main(String[] args) {
		// 클래스 변수(static 변수)는 객체생성 없이 (클래스명.변수)로 직접 사용이 가능함
		System.out.println("Card.width : "+Card.width);
		System.out.println("Card.height : "+Card.height);
		
		
		Card c1 = new Card(); // 객체를 생성
		c1.kind = "Heart";
		c1.number = 7;
		
		Card c2 = new Card();
		c2.kind = "Space";
		c2.number = 3;  // 인스턴스 변수
		
		System.out.println("c1은 "+ c1.kind+", "+c1.number+"이며 크기는 " (+c1.width+"높이는" +c1.height+) "입니다." );
		
		


	}

}

----------------------------------- SOURCE END -------------------------------------
!STACK 0
java.lang.IllegalArgumentException
	at org.eclipse.jdt.core.dom.InfixExpression.setOperator(InfixExpression.java:383)
	at org.eclipse.jdt.core.dom.ASTConverter.convert(ASTConverter.java:1287)
	at org.eclipse.jdt.core.dom.ASTConverter.convert(ASTConverter.java:2031)
	at org.eclipse.jdt.core.dom.ASTConverter.convertToParenthesizedExpression(ASTConverter.java:3795)
	at org.eclipse.jdt.core.dom.ASTConverter.convert(ASTConverter.java:1943)
	at org.eclipse.jdt.core.dom.ASTConverter.convert(ASTConverter.java:1204)
	at org.eclipse.jdt.core.dom.ASTConverter.convert(ASTConverter.java:1974)
	at org.eclipse.jdt.core.dom.ASTConverter.convert(ASTConverter.java:3052)
	at org.eclipse.jdt.core.dom.ASTConverter.convert(ASTConverter.java:751)
	at org.eclipse.jdt.core.dom.ASTConverter.buildBodyDeclarations(ASTConverter.java:208)
	at org.eclipse.jdt.core.dom.ASTConverter.convert(ASTConverter.java:3347)
	at org.eclipse.jdt.core.dom.ASTConverter.convert(ASTConverter.java:1524)
	at org.eclipse.jdt.core.dom.CompilationUnitResolver.convert(CompilationUnitResolver.java:323)
	at org.eclipse.jdt.core.dom.ASTParser.internalCreateAST(ASTParser.java:1231)
	at org.eclipse.jdt.core.dom.ASTParser.createAST(ASTParser.java:820)
	at org.eclipse.jdt.internal.core.manipulation.dom.ASTResolving.createQuickFixAST(ASTResolving.java:1052)
	at org.eclipse.jdt.internal.ui.text.correction.AssistContext.getASTRoot(AssistContext.java:131)
	at org.eclipse.jdt.internal.ui.text.java.hover.ProblemHover$ProblemInfo.getJavaAnnotationFixes(ProblemHover.java:101)
	at org.eclipse.jdt.internal.ui.text.java.hover.ProblemHover$ProblemInfo.getCompletionProposals(ProblemHover.java:79)
	at org.eclipse.jdt.internal.ui.text.java.hover.AbstractAnnotationHover$AnnotationInformationControl.deferredCreateContent(AbstractAnnotationHover.java:304)
	at org.eclipse.jdt.internal.ui.text.java.hover.AbstractAnnotationHover$AnnotationInformationControl.setInput(AbstractAnnotationHover.java:190)
	at org.eclipse.jface.text.AbstractInformationControlManager.internalShowInformationControl(AbstractInformationControlManager.java:1151)
	at org.eclipse.jface.text.AbstractInformationControlManager.presentInformation(AbstractInformationControlManager.java:1120)
	at org.eclipse.jface.text.AbstractHoverInformationControlManager.presentInformation(AbstractHoverInformationControlManager.java:884)
	at org.eclipse.jface.text.TextViewerHoverManager.doPresentInformation(TextViewerHoverManager.java:237)
	at org.eclipse.jface.text.TextViewerHoverManager.lambda$3(TextViewerHoverManager.java:227)
	at org.eclipse.swt.widgets.RunnableLock.run(RunnableLock.java:40)
	at org.eclipse.swt.widgets.Synchronizer.runAsyncMessages(Synchronizer.java:185)
	at org.eclipse.swt.widgets.Display.runAsyncMessages(Display.java:4001)
	at org.eclipse.swt.widgets.Display.readAndDispatch(Display.java:3629)
	at org.eclipse.e4.ui.internal.workbench.swt.PartRenderingEngine$5.run(PartRenderingEngine.java:1157)
	at org.eclipse.core.databinding.observable.Realm.runWithDefault(Realm.java:338)
	at org.eclipse.e4.ui.internal.workbench.swt.PartRenderingEngine.run(PartRenderingEngine.java:1046)
	at org.eclipse.e4.ui.internal.workbench.E4Workbench.createAndRunUI(E4Workbench.java:155)
	at org.eclipse.ui.internal.Workbench.lambda$3(Workbench.java:644)
	at org.eclipse.core.databinding.observable.Realm.runWithDefault(Realm.java:338)
	at org.eclipse.ui.internal.Workbench.createAndRunWorkbench(Workbench.java:551)
	at org.eclipse.ui.PlatformUI.createAndRunWorkbench(PlatformUI.java:156)
	at org.eclipse.ui.internal.ide.application.IDEApplication.start(IDEApplication.java:152)
	at org.eclipse.equinox.internal.app.EclipseAppHandle.run(EclipseAppHandle.java:203)
	at org.eclipse.core.runtime.internal.adaptor.EclipseAppLauncher.runApplication(EclipseAppLauncher.java:134)
	at org.eclipse.core.runtime.internal.adaptor.EclipseAppLauncher.start(EclipseAppLauncher.java:104)
	at org.eclipse.core.runtime.adaptor.EclipseStarter.run(EclipseStarter.java:401)
	at org.eclipse.core.runtime.adaptor.EclipseStarter.run(EclipseStarter.java:255)
	at java.base/jdk.internal.reflect.NativeMethodAccessorImpl.invoke0(Native Method)
	at java.base/jdk.internal.reflect.NativeMethodAccessorImpl.invoke(NativeMethodAccessorImpl.java:78)
	at java.base/jdk.internal.reflect.DelegatingMethodAccessorImpl.invoke(DelegatingMethodAccessorImpl.java:43)
	at java.base/java.lang.reflect.Method.invoke(Method.java:567)
	at org.eclipse.equinox.launcher.Main.invokeFramework(Main.java:654)
	at org.eclipse.equinox.launcher.Main.basicRun(Main.java:591)
	at org.eclipse.equinox.launcher.Main.run(Main.java:1462)

!ENTRY org.eclipse.ui 4 0 2026-07-31 15:11:04.488
!MESSAGE Unhandled event loop exception
!STACK 0
java.lang.IllegalArgumentException
	at org.eclipse.jdt.core.dom.InfixExpression.setOperator(InfixExpression.java:383)
	at org.eclipse.jdt.core.dom.ASTConverter.convert(ASTConverter.java:1287)
	at org.eclipse.jdt.core.dom.ASTConverter.convert(ASTConverter.java:2031)
	at org.eclipse.jdt.core.dom.ASTConverter.convertToParenthesizedExpression(ASTConverter.java:3795)
	at org.eclipse.jdt.core.dom.ASTConverter.convert(ASTConverter.java:1943)
	at org.eclipse.jdt.core.dom.ASTConverter.convert(ASTConverter.java:1204)
	at org.eclipse.jdt.core.dom.ASTConverter.convert(ASTConverter.java:1974)
	at org.eclipse.jdt.core.dom.ASTConverter.convert(ASTConverter.java:3052)
	at org.eclipse.jdt.core.dom.ASTConverter.convert(ASTConverter.java:751)
	at org.eclipse.jdt.core.dom.ASTConverter.buildBodyDeclarations(ASTConverter.java:208)
	at org.eclipse.jdt.core.dom.ASTConverter.convert(ASTConverter.java:3347)
	at org.eclipse.jdt.core.dom.ASTConverter.convert(ASTConverter.java:1524)
	at org.eclipse.jdt.core.dom.CompilationUnitResolver.convert(CompilationUnitResolver.java:323)
	at org.eclipse.jdt.core.dom.ASTParser.internalCreateAST(ASTParser.java:1231)
	at org.eclipse.jdt.core.dom.ASTParser.createAST(ASTParser.java:820)
	at org.eclipse.jdt.internal.core.manipulation.dom.ASTResolving.createQuickFixAST(ASTResolving.java:1052)
	at org.eclipse.jdt.internal.ui.text.correction.AssistContext.getASTRoot(AssistContext.java:131)
	at org.eclipse.jdt.internal.ui.text.java.hover.ProblemHover$ProblemInfo.getJavaAnnotationFixes(ProblemHover.java:101)
	at org.eclipse.jdt.internal.ui.text.java.hover.ProblemHover$ProblemInfo.getCompletionProposals(ProblemHover.java:79)
	at org.eclipse.jdt.internal.ui.text.java.hover.AbstractAnnotationHover$AnnotationInformationControl.deferredCreateContent(AbstractAnnotationHover.java:304)
	at org.eclipse.jdt.internal.ui.text.java.hover.AbstractAnnotationHover$AnnotationInformationControl.setInput(AbstractAnnotationHover.java:190)
	at org.eclipse.jface.text.AbstractInformationControlManager.internalShowInformationControl(AbstractInformationControlManager.java:1151)
	at org.eclipse.jface.text.AbstractInformationControlManager.presentInformation(AbstractInformationControlManager.java:1120)
	at org.eclipse.jface.text.AbstractHoverInformationControlManager.presentInformation(AbstractHoverInformationControlManager.java:884)
	at org.eclipse.jface.text.TextViewerHoverManager.doPresentInformation(TextViewerHoverManager.java:237)
	at org.eclipse.jface.text.TextViewerHoverManager.lambda$3(TextViewerHoverManager.java:227)
	at org.eclipse.swt.widgets.RunnableLock.run(RunnableLock.java:40)
	at org.eclipse.swt.widgets.Synchronizer.runAsyncMessages(Synchronizer.java:185)
	at org.eclipse.swt.widgets.Display.runAsyncMessages(Display.java:4001)
	at org.eclipse.swt.widgets.Display.readAndDispatch(Display.java:3629)
	at org.eclipse.e4.ui.internal.workbench.swt.PartRenderingEngine$5.run(PartRenderingEngine.java:1157)
	at org.eclipse.core.databinding.observable.Realm.runWithDefault(Realm.java:338)
	at org.eclipse.e4.ui.internal.workbench.swt.PartRenderingEngine.run(PartRenderingEngine.java:1046)
	at org.eclipse.e4.ui.internal.workbench.E4Workbench.createAndRunUI(E4Workbench.java:155)
	at org.eclipse.ui.internal.Workbench.lambda$3(Workbench.java:644)
	at org.eclipse.core.databinding.observable.Realm.runWithDefault(Realm.java:338)
	at org.eclipse.ui.internal.Workbench.createAndRunWorkbench(Workbench.java:551)
	at org.eclipse.ui.PlatformUI.createAndRunWorkbench(PlatformUI.java:156)
	at org.eclipse.ui.internal.ide.application.IDEApplication.start(IDEApplication.java:152)
	at org.eclipse.equinox.internal.app.EclipseAppHandle.run(EclipseAppHandle.java:203)
	at org.eclipse.core.runtime.internal.adaptor.EclipseAppLauncher.runApplication(EclipseAppLauncher.java:134)
	at org.eclipse.core.runtime.internal.adaptor.EclipseAppLauncher.start(EclipseAppLauncher.java:104)
	at org.eclipse.core.runtime.adaptor.EclipseStarter.run(EclipseStarter.java:401)
	at org.eclipse.core.runtime.adaptor.EclipseStarter.run(EclipseStarter.java:255)
	at java.base/jdk.internal.reflect.NativeMethodAccessorImpl.invoke0(Native Method)
	at java.base/jdk.internal.reflect.NativeMethodAccessorImpl.invoke(NativeMethodAccessorImpl.java:78)
	at java.base/jdk.internal.reflect.DelegatingMethodAccessorImpl.invoke(DelegatingMethodAccessorImpl.java:43)
	at java.base/java.lang.reflect.Method.invoke(Method.java:567)
	at org.eclipse.equinox.launcher.Main.invokeFramework(Main.java:654)
	at org.eclipse.equinox.launcher.Main.basicRun(Main.java:591)
	at org.eclipse.equinox.launcher.Main.run(Main.java:1462)

!ENTRY org.eclipse.jdt.core 4 4 2026-07-31 15:11:10.261
!MESSAGE Exception occurred during compilation unit conversion:
----------------------------------- SOURCE BEGIN -------------------------------------
package com.objectEX;

public class CardExam {

	public static void main(String[] args) {
		// 클래스 변수(static 변수)는 객체생성 없이 (클래스명.변수)로 직접 사용이 가능함
		System.out.println("Card.width : "+Card.width);
		System.out.println("Card.height : "+Card.height);
		
		
		Card c1 = new Card(); // 객체를 생성
		c1.kind = "Heart";
		c1.number = 7;
		
		Card c2 = new Card();
		c2.kind = "Space";
		c2.number = 3;  // 인스턴스 변수
		
		System.out.println("c1은 "+ c1.kind+", "+c1.number+"이며 크기는 " (+c1.width+"" +c1.height+) "입니다." );
		
		


	}

}

----------------------------------- SOURCE END -------------------------------------
!STACK 0
java.lang.IllegalArgumentException
	at org.eclipse.jdt.core.dom.InfixExpression.setOperator(InfixExpression.java:383)
	at org.eclipse.jdt.core.dom.ASTConverter.convert(ASTConverter.java:1287)
	at org.eclipse.jdt.core.dom.ASTConverter.convert(ASTConverter.java:2031)
	at org.eclipse.jdt.core.dom.ASTConverter.convertToParenthesizedExpression(ASTConverter.java:3795)
	at org.eclipse.jdt.core.dom.ASTConverter.convert(ASTConverter.java:1943)
	at org.eclipse.jdt.core.dom.ASTConverter.convert(ASTConverter.java:1204)
	at org.eclipse.jdt.core.dom.ASTConverter.convert(ASTConverter.java:1974)
	at org.eclipse.jdt.core.dom.ASTConverter.convert(ASTConverter.java:3052)
	at org.eclipse.jdt.core.dom.ASTConverter.convert(ASTConverter.java:751)
	at org.eclipse.jdt.core.dom.ASTConverter.buildBodyDeclarations(ASTConverter.java:208)
	at org.eclipse.jdt.core.dom.ASTConverter.convert(ASTConverter.java:3347)
	at org.eclipse.jdt.core.dom.ASTConverter.convert(ASTConverter.java:1524)
	at org.eclipse.jdt.core.dom.AST.convertCompilationUnit(AST.java:494)
	at org.eclipse.jdt.internal.core.CompilationUnit.buildStructure(CompilationUnit.java:201)
	at org.eclipse.jdt.internal.core.Openable.generateInfos(Openable.java:266)
	at org.eclipse.jdt.internal.core.JavaElement.openWhenClosed(JavaElement.java:597)
	at org.eclipse.jdt.internal.core.CompilationUnit.makeConsistent(CompilationUnit.java:1142)
	at org.eclipse.jdt.internal.core.ReconcileWorkingCopyOperation.makeConsistent(ReconcileWorkingCopyOperation.java:173)
	at org.eclipse.jdt.internal.core.ReconcileWorkingCopyOperation.executeOperation(ReconcileWorkingCopyOperation.java:94)
	at org.eclipse.jdt.internal.core.JavaModelOperation.run(JavaModelOperation.java:740)
	at org.eclipse.jdt.internal.core.JavaModelOperation.runOperation(JavaModelOperation.java:806)
	at org.eclipse.jdt.internal.core.CompilationUnit.reconcile(CompilationUnit.java:1319)
	at org.eclipse.jdt.internal.ui.text.java.JavaReconcilingStrategy.reconcile(JavaReconcilingStrategy.java:131)
	at org.eclipse.jdt.internal.ui.text.java.JavaReconcilingStrategy.access$0(JavaReconcilingStrategy.java:113)
	at org.eclipse.jdt.internal.ui.text.java.JavaReconcilingStrategy$1.run(JavaReconcilingStrategy.java:93)
	at org.eclipse.core.runtime.SafeRunner.run(SafeRunner.java:45)
	at org.eclipse.jdt.internal.ui.text.java.JavaReconcilingStrategy.reconcile(JavaReconcilingStrategy.java:90)
	at org.eclipse.jdt.internal.ui.text.java.JavaReconcilingStrategy.reconcile(JavaReconcilingStrategy.java:157)
	at org.eclipse.jdt.internal.ui.text.CompositeReconcilingStrategy.reconcile(CompositeReconcilingStrategy.java:94)
	at org.eclipse.jdt.internal.ui.text.JavaCompositeReconcilingStrategy.reconcile(JavaCompositeReconcilingStrategy.java:107)
	at org.eclipse.jface.text.reconciler.MonoReconciler.process(MonoReconciler.java:76)
	at org.eclipse.jface.text.reconciler.AbstractReconciler$BackgroundThread.run(AbstractReconciler.java:210)

!ENTRY org.eclipse.jdt.ui 4 2 2026-07-31 15:11:10.262
!MESSAGE Problems occurred when invoking code from plug-in: "org.eclipse.jdt.ui".
!STACK 0
java.lang.IllegalArgumentException
	at org.eclipse.jdt.core.dom.InfixExpression.setOperator(InfixExpression.java:383)
	at org.eclipse.jdt.core.dom.ASTConverter.convert(ASTConverter.java:1287)
	at org.eclipse.jdt.core.dom.ASTConverter.convert(ASTConverter.java:2031)
	at org.eclipse.jdt.core.dom.ASTConverter.convertToParenthesizedExpression(ASTConverter.java:3795)
	at org.eclipse.jdt.core.dom.ASTConverter.convert(ASTConverter.java:1943)
	at org.eclipse.jdt.core.dom.ASTConverter.convert(ASTConverter.java:1204)
	at org.eclipse.jdt.core.dom.ASTConverter.convert(ASTConverter.java:1974)
	at org.eclipse.jdt.core.dom.ASTConverter.convert(ASTConverter.java:3052)
	at org.eclipse.jdt.core.dom.ASTConverter.convert(ASTConverter.java:751)
	at org.eclipse.jdt.core.dom.ASTConverter.buildBodyDeclarations(ASTConverter.java:208)
	at org.eclipse.jdt.core.dom.ASTConverter.convert(ASTConverter.java:3347)
	at org.eclipse.jdt.core.dom.ASTConverter.convert(ASTConverter.java:1524)
	at org.eclipse.jdt.core.dom.AST.convertCompilationUnit(AST.java:494)
	at org.eclipse.jdt.internal.core.CompilationUnit.buildStructure(CompilationUnit.java:201)
	at org.eclipse.jdt.internal.core.Openable.generateInfos(Openable.java:266)
	at org.eclipse.jdt.internal.core.JavaElement.openWhenClosed(JavaElement.java:597)
	at org.eclipse.jdt.internal.core.CompilationUnit.makeConsistent(CompilationUnit.java:1142)
	at org.eclipse.jdt.internal.core.ReconcileWorkingCopyOperation.makeConsistent(ReconcileWorkingCopyOperation.java:173)
	at org.eclipse.jdt.internal.core.ReconcileWorkingCopyOperation.executeOperation(ReconcileWorkingCopyOperation.java:94)
	at org.eclipse.jdt.internal.core.JavaModelOperation.run(JavaModelOperation.java:740)
	at org.eclipse.jdt.internal.core.JavaModelOperation.runOperation(JavaModelOperation.java:806)
	at org.eclipse.jdt.internal.core.CompilationUnit.reconcile(CompilationUnit.java:1319)
	at org.eclipse.jdt.internal.ui.text.java.JavaReconcilingStrategy.reconcile(JavaReconcilingStrategy.java:131)
	at org.eclipse.jdt.internal.ui.text.java.JavaReconcilingStrategy.access$0(JavaReconcilingStrategy.java:113)
	at org.eclipse.jdt.internal.ui.text.java.JavaReconcilingStrategy$1.run(JavaReconcilingStrategy.java:93)
	at org.eclipse.core.runtime.SafeRunner.run(SafeRunner.java:45)
	at org.eclipse.jdt.internal.ui.text.java.JavaReconcilingStrategy.reconcile(JavaReconcilingStrategy.java:90)
	at org.eclipse.jdt.internal.ui.text.java.JavaReconcilingStrategy.reconcile(JavaReconcilingStrategy.java:157)
	at org.eclipse.jdt.internal.ui.text.CompositeReconcilingStrategy.reconcile(CompositeReconcilingStrategy.java:94)
	at org.eclipse.jdt.internal.ui.text.JavaCompositeReconcilingStrategy.reconcile(JavaCompositeReconcilingStrategy.java:107)
	at org.eclipse.jface.text.reconciler.MonoReconciler.process(MonoReconciler.java:76)
	at org.eclipse.jface.text.reconciler.AbstractReconciler$BackgroundThread.run(AbstractReconciler.java:210)

!ENTRY org.eclipse.jdt.ui 4 0 2026-07-31 15:11:10.263
!MESSAGE Error in JDT Core during reconcile
!STACK 0
java.lang.IllegalArgumentException
	at org.eclipse.jdt.core.dom.InfixExpression.setOperator(InfixExpression.java:383)
	at org.eclipse.jdt.core.dom.ASTConverter.convert(ASTConverter.java:1287)
	at org.eclipse.jdt.core.dom.ASTConverter.convert(ASTConverter.java:2031)
	at org.eclipse.jdt.core.dom.ASTConverter.convertToParenthesizedExpression(ASTConverter.java:3795)
	at org.eclipse.jdt.core.dom.ASTConverter.convert(ASTConverter.java:1943)
	at org.eclipse.jdt.core.dom.ASTConverter.convert(ASTConverter.java:1204)
	at org.eclipse.jdt.core.dom.ASTConverter.convert(ASTConverter.java:1974)
	at org.eclipse.jdt.core.dom.ASTConverter.convert(ASTConverter.java:3052)
	at org.eclipse.jdt.core.dom.ASTConverter.convert(ASTConverter.java:751)
	at org.eclipse.jdt.core.dom.ASTConverter.buildBodyDeclarations(ASTConverter.java:208)
	at org.eclipse.jdt.core.dom.ASTConverter.convert(ASTConverter.java:3347)
	at org.eclipse.jdt.core.dom.ASTConverter.convert(ASTConverter.java:1524)
	at org.eclipse.jdt.core.dom.AST.convertCompilationUnit(AST.java:494)
	at org.eclipse.jdt.internal.core.CompilationUnit.buildStructure(CompilationUnit.java:201)
	at org.eclipse.jdt.internal.core.Openable.generateInfos(Openable.java:266)
	at org.eclipse.jdt.internal.core.JavaElement.openWhenClosed(JavaElement.java:597)
	at org.eclipse.jdt.internal.core.CompilationUnit.makeConsistent(CompilationUnit.java:1142)
	at org.eclipse.jdt.internal.core.ReconcileWorkingCopyOperation.makeConsistent(ReconcileWorkingCopyOperation.java:173)
	at org.eclipse.jdt.internal.core.ReconcileWorkingCopyOperation.executeOperation(ReconcileWorkingCopyOperation.java:94)
	at org.eclipse.jdt.internal.core.JavaModelOperation.run(JavaModelOperation.java:740)
	at org.eclipse.jdt.internal.core.JavaModelOperation.runOperation(JavaModelOperation.java:806)
	at org.eclipse.jdt.internal.core.CompilationUnit.reconcile(CompilationUnit.java:1319)
	at org.eclipse.jdt.internal.ui.text.java.JavaReconcilingStrategy.reconcile(JavaReconcilingStrategy.java:131)
	at org.eclipse.jdt.internal.ui.text.java.JavaReconcilingStrategy.access$0(JavaReconcilingStrategy.java:113)
	at org.eclipse.jdt.internal.ui.text.java.JavaReconcilingStrategy$1.run(JavaReconcilingStrategy.java:93)
	at org.eclipse.core.runtime.SafeRunner.run(SafeRunner.java:45)
	at org.eclipse.jdt.internal.ui.text.java.JavaReconcilingStrategy.reconcile(JavaReconcilingStrategy.java:90)
	at org.eclipse.jdt.internal.ui.text.java.JavaReconcilingStrategy.reconcile(JavaReconcilingStrategy.java:157)
	at org.eclipse.jdt.internal.ui.text.CompositeReconcilingStrategy.reconcile(CompositeReconcilingStrategy.java:94)
	at org.eclipse.jdt.internal.ui.text.JavaCompositeReconcilingStrategy.reconcile(JavaCompositeReconcilingStrategy.java:107)
	at org.eclipse.jface.text.reconciler.MonoReconciler.process(MonoReconciler.java:76)
	at org.eclipse.jface.text.reconciler.AbstractReconciler$BackgroundThread.run(AbstractReconciler.java:210)

!ENTRY org.eclipse.jdt.core 4 4 2026-07-31 15:11:11.268
!MESSAGE Exception occurred during compilation unit conversion:
----------------------------------- SOURCE BEGIN -------------------------------------
package com.objectEX;

public class CardExam {

	public static void main(String[] args) {
		// 클래스 변수(static 변수)는 객체생성 없이 (클래스명.변수)로 직접 사용이 가능함
		System.out.println("Card.width : "+Card.width);
		System.out.println("Card.height : "+Card.height);
		
		
		Card c1 = new Card(); // 객체를 생성
		c1.kind = "Heart";
		c1.number = 7;
		
		Card c2 = new Card();
		c2.kind = "Space";
		c2.number = 3;  // 인스턴스 변수
		
		System.out.println("c1은 "+ c1.kind+", "+c1.number+"이며 크기는 " (+c1.width+"," +c1.height+) "입니다." );
		
		


	}

}

----------------------------------- SOURCE END -------------------------------------
!STACK 0
java.lang.IllegalArgumentException
	at org.eclipse.jdt.core.dom.InfixExpression.setOperator(InfixExpression.java:383)
	at org.eclipse.jdt.core.dom.ASTConverter.convert(ASTConverter.java:1287)
	at org.eclipse.jdt.core.dom.ASTConverter.convert(ASTConverter.java:2031)
	at org.eclipse.jdt.core.dom.ASTConverter.convertToParenthesizedExpression(ASTConverter.java:3795)
	at org.eclipse.jdt.core.dom.ASTConverter.convert(ASTConverter.java:1943)
	at org.eclipse.jdt.core.dom.ASTConverter.convert(ASTConverter.java:1204)
	at org.eclipse.jdt.core.dom.ASTConverter.convert(ASTConverter.java:1974)
	at org.eclipse.jdt.core.dom.ASTConverter.convert(ASTConverter.java:3052)
	at org.eclipse.jdt.core.dom.ASTConverter.convert(ASTConverter.java:751)
	at org.eclipse.jdt.core.dom.ASTConverter.buildBodyDeclarations(ASTConverter.java:208)
	at org.eclipse.jdt.core.dom.ASTConverter.convert(ASTConverter.java:3347)
	at org.eclipse.jdt.core.dom.ASTConverter.convert(ASTConverter.java:1524)
	at org.eclipse.jdt.core.dom.AST.convertCompilationUnit(AST.java:494)
	at org.eclipse.jdt.internal.core.CompilationUnit.buildStructure(CompilationUnit.java:201)
	at org.eclipse.jdt.internal.core.Openable.generateInfos(Openable.java:266)
	at org.eclipse.jdt.internal.core.JavaElement.openWhenClosed(JavaElement.java:597)
	at org.eclipse.jdt.internal.core.CompilationUnit.makeConsistent(CompilationUnit.java:1142)
	at org.eclipse.jdt.internal.core.ReconcileWorkingCopyOperation.makeConsistent(ReconcileWorkingCopyOperation.java:173)
	at org.eclipse.jdt.internal.core.ReconcileWorkingCopyOperation.executeOperation(ReconcileWorkingCopyOperation.java:94)
	at org.eclipse.jdt.internal.core.JavaModelOperation.run(JavaModelOperation.java:740)
	at org.eclipse.jdt.internal.core.JavaModelOperation.runOperation(JavaModelOperation.java:806)
	at org.eclipse.jdt.internal.core.CompilationUnit.reconcile(CompilationUnit.java:1319)
	at org.eclipse.jdt.internal.ui.text.java.JavaReconcilingStrategy.reconcile(JavaReconcilingStrategy.java:131)
	at org.eclipse.jdt.internal.ui.text.java.JavaReconcilingStrategy.access$0(JavaReconcilingStrategy.java:113)
	at org.eclipse.jdt.internal.ui.text.java.JavaReconcilingStrategy$1.run(JavaReconcilingStrategy.java:93)
	at org.eclipse.core.runtime.SafeRunner.run(SafeRunner.java:45)
	at org.eclipse.jdt.internal.ui.text.java.JavaReconcilingStrategy.reconcile(JavaReconcilingStrategy.java:90)
	at org.eclipse.jdt.internal.ui.text.java.JavaReconcilingStrategy.reconcile(JavaReconcilingStrategy.java:157)
	at org.eclipse.jdt.internal.ui.text.CompositeReconcilingStrategy.reconcile(CompositeReconcilingStrategy.java:94)
	at org.eclipse.jdt.internal.ui.text.JavaCompositeReconcilingStrategy.reconcile(JavaCompositeReconcilingStrategy.java:107)
	at org.eclipse.jface.text.reconciler.MonoReconciler.process(MonoReconciler.java:76)
	at org.eclipse.jface.text.reconciler.AbstractReconciler$BackgroundThread.run(AbstractReconciler.java:210)

!ENTRY org.eclipse.jdt.ui 4 2 2026-07-31 15:11:11.268
!MESSAGE Problems occurred when invoking code from plug-in: "org.eclipse.jdt.ui".
!STACK 0
java.lang.IllegalArgumentException
	at org.eclipse.jdt.core.dom.InfixExpression.setOperator(InfixExpression.java:383)
	at org.eclipse.jdt.core.dom.ASTConverter.convert(ASTConverter.java:1287)
	at org.eclipse.jdt.core.dom.ASTConverter.convert(ASTConverter.java:2031)
	at org.eclipse.jdt.core.dom.ASTConverter.convertToParenthesizedExpression(ASTConverter.java:3795)
	at org.eclipse.jdt.core.dom.ASTConverter.convert(ASTConverter.java:1943)
	at org.eclipse.jdt.core.dom.ASTConverter.convert(ASTConverter.java:1204)
	at org.eclipse.jdt.core.dom.ASTConverter.convert(ASTConverter.java:1974)
	at org.eclipse.jdt.core.dom.ASTConverter.convert(ASTConverter.java:3052)
	at org.eclipse.jdt.core.dom.ASTConverter.convert(ASTConverter.java:751)
	at org.eclipse.jdt.core.dom.ASTConverter.buildBodyDeclarations(ASTConverter.java:208)
	at org.eclipse.jdt.core.dom.ASTConverter.convert(ASTConverter.java:3347)
	at org.eclipse.jdt.core.dom.ASTConverter.convert(ASTConverter.java:1524)
	at org.eclipse.jdt.core.dom.AST.convertCompilationUnit(AST.java:494)
	at org.eclipse.jdt.internal.core.CompilationUnit.buildStructure(CompilationUnit.java:201)
	at org.eclipse.jdt.internal.core.Openable.generateInfos(Openable.java:266)
	at org.eclipse.jdt.internal.core.JavaElement.openWhenClosed(JavaElement.java:597)
	at org.eclipse.jdt.internal.core.CompilationUnit.makeConsistent(CompilationUnit.java:1142)
	at org.eclipse.jdt.internal.core.ReconcileWorkingCopyOperation.makeConsistent(ReconcileWorkingCopyOperation.java:173)
	at org.eclipse.jdt.internal.core.ReconcileWorkingCopyOperation.executeOperation(ReconcileWorkingCopyOperation.java:94)
	at org.eclipse.jdt.internal.core.JavaModelOperation.run(JavaModelOperation.java:740)
	at org.eclipse.jdt.internal.core.JavaModelOperation.runOperation(JavaModelOperation.java:806)
	at org.eclipse.jdt.internal.core.CompilationUnit.reconcile(CompilationUnit.java:1319)
	at org.eclipse.jdt.internal.ui.text.java.JavaReconcilingStrategy.reconcile(JavaReconcilingStrategy.java:131)
	at org.eclipse.jdt.internal.ui.text.java.JavaReconcilingStrategy.access$0(JavaReconcilingStrategy.java:113)
	at org.eclipse.jdt.internal.ui.text.java.JavaReconcilingStrategy$1.run(JavaReconcilingStrategy.java:93)
	at org.eclipse.core.runtime.SafeRunner.run(SafeRunner.java:45)
	at org.eclipse.jdt.internal.ui.text.java.JavaReconcilingStrategy.reconcile(JavaReconcilingStrategy.java:90)
	at org.eclipse.jdt.internal.ui.text.java.JavaReconcilingStrategy.reconcile(JavaReconcilingStrategy.java:157)
	at org.eclipse.jdt.internal.ui.text.CompositeReconcilingStrategy.reconcile(CompositeReconcilingStrategy.java:94)
	at org.eclipse.jdt.internal.ui.text.JavaCompositeReconcilingStrategy.reconcile(JavaCompositeReconcilingStrategy.java:107)
	at org.eclipse.jface.text.reconciler.MonoReconciler.process(MonoReconciler.java:76)
	at org.eclipse.jface.text.reconciler.AbstractReconciler$BackgroundThread.run(AbstractReconciler.java:210)

!ENTRY org.eclipse.jdt.ui 4 0 2026-07-31 15:11:11.269
!MESSAGE Error in JDT Core during reconcile
!STACK 0
java.lang.IllegalArgumentException
	at org.eclipse.jdt.core.dom.InfixExpression.setOperator(InfixExpression.java:383)
	at org.eclipse.jdt.core.dom.ASTConverter.convert(ASTConverter.java:1287)
	at org.eclipse.jdt.core.dom.ASTConverter.convert(ASTConverter.java:2031)
	at org.eclipse.jdt.core.dom.ASTConverter.convertToParenthesizedExpression(ASTConverter.java:3795)
	at org.eclipse.jdt.core.dom.ASTConverter.convert(ASTConverter.java:1943)
	at org.eclipse.jdt.core.dom.ASTConverter.convert(ASTConverter.java:1204)
	at org.eclipse.jdt.core.dom.ASTConverter.convert(ASTConverter.java:1974)
	at org.eclipse.jdt.core.dom.ASTConverter.convert(ASTConverter.java:3052)
	at org.eclipse.jdt.core.dom.ASTConverter.convert(ASTConverter.java:751)
	at org.eclipse.jdt.core.dom.ASTConverter.buildBodyDeclarations(ASTConverter.java:208)
	at org.eclipse.jdt.core.dom.ASTConverter.convert(ASTConverter.java:3347)
	at org.eclipse.jdt.core.dom.ASTConverter.convert(ASTConverter.java:1524)
	at org.eclipse.jdt.core.dom.AST.convertCompilationUnit(AST.java:494)
	at org.eclipse.jdt.internal.core.CompilationUnit.buildStructure(CompilationUnit.java:201)
	at org.eclipse.jdt.internal.core.Openable.generateInfos(Openable.java:266)
	at org.eclipse.jdt.internal.core.JavaElement.openWhenClosed(JavaElement.java:597)
	at org.eclipse.jdt.internal.core.CompilationUnit.makeConsistent(CompilationUnit.java:1142)
	at org.eclipse.jdt.internal.core.ReconcileWorkingCopyOperation.makeConsistent(ReconcileWorkingCopyOperation.java:173)
	at org.eclipse.jdt.internal.core.ReconcileWorkingCopyOperation.executeOperation(ReconcileWorkingCopyOperation.java:94)
	at org.eclipse.jdt.internal.core.JavaModelOperation.run(JavaModelOperation.java:740)
	at org.eclipse.jdt.internal.core.JavaModelOperation.runOperation(JavaModelOperation.java:806)
	at org.eclipse.jdt.internal.core.CompilationUnit.reconcile(CompilationUnit.java:1319)
	at org.eclipse.jdt.internal.ui.text.java.JavaReconcilingStrategy.reconcile(JavaReconcilingStrategy.java:131)
	at org.eclipse.jdt.internal.ui.text.java.JavaReconcilingStrategy.access$0(JavaReconcilingStrategy.java:113)
	at org.eclipse.jdt.internal.ui.text.java.JavaReconcilingStrategy$1.run(JavaReconcilingStrategy.java:93)
	at org.eclipse.core.runtime.SafeRunner.run(SafeRunner.java:45)
	at org.eclipse.jdt.internal.ui.text.java.JavaReconcilingStrategy.reconcile(JavaReconcilingStrategy.java:90)
	at org.eclipse.jdt.internal.ui.text.java.JavaReconcilingStrategy.reconcile(JavaReconcilingStrategy.java:157)
	at org.eclipse.jdt.internal.ui.text.CompositeReconcilingStrategy.reconcile(CompositeReconcilingStrategy.java:94)
	at org.eclipse.jdt.internal.ui.text.JavaCompositeReconcilingStrategy.reconcile(JavaCompositeReconcilingStrategy.java:107)
	at org.eclipse.jface.text.reconciler.MonoReconciler.process(MonoReconciler.java:76)
	at org.eclipse.jface.text.reconciler.AbstractReconciler$BackgroundThread.run(AbstractReconciler.java:210)

!ENTRY org.eclipse.jdt.core 4 4 2026-07-31 15:11:15.777
!MESSAGE Exception occurred during compilation unit conversion:
----------------------------------- SOURCE BEGIN -------------------------------------
package com.objectEX;

public class CardExam {

	public static void main(String[] args) {
		// 클래스 변수(static 변수)는 객체생성 없이 (클래스명.변수)로 직접 사용이 가능함
		System.out.println("Card.width : "+Card.width);
		System.out.println("Card.height : "+Card.height);
		
		
		Card c1 = new Card(); // 객체를 생성
		c1.kind = "Heart";
		c1.number = 7;
		
		Card c2 = new Card();
		c2.kind = "Space";
		c2.number = 3;  // 인스턴스 변수
		
		System.out.println("c1은 "+ c1.kind+", "+c1.number+"이며 크기는 " (+c1.width+"," +c1.height+) "" );
		
		


	}

}

----------------------------------- SOURCE END -------------------------------------
!STACK 0
java.lang.IllegalArgumentException
	at org.eclipse.jdt.core.dom.InfixExpression.setOperator(InfixExpression.java:383)
	at org.eclipse.jdt.core.dom.ASTConverter.convert(ASTConverter.java:1287)
	at org.eclipse.jdt.core.dom.ASTConverter.convert(ASTConverter.java:2031)
	at org.eclipse.jdt.core.dom.ASTConverter.convertToParenthesizedExpression(ASTConverter.java:3795)
	at org.eclipse.jdt.core.dom.ASTConverter.convert(ASTConverter.java:1943)
	at org.eclipse.jdt.core.dom.ASTConverter.convert(ASTConverter.java:1204)
	at org.eclipse.jdt.core.dom.ASTConverter.convert(ASTConverter.java:1974)
	at org.eclipse.jdt.core.dom.ASTConverter.convert(ASTConverter.java:3052)
	at org.eclipse.jdt.core.dom.ASTConverter.convert(ASTConverter.java:751)
	at org.eclipse.jdt.core.dom.ASTConverter.buildBodyDeclarations(ASTConverter.java:208)
	at org.eclipse.jdt.core.dom.ASTConverter.convert(ASTConverter.java:3347)
	at org.eclipse.jdt.core.dom.ASTConverter.convert(ASTConverter.java:1524)
	at org.eclipse.jdt.core.dom.AST.convertCompilationUnit(AST.java:494)
	at org.eclipse.jdt.internal.core.CompilationUnit.buildStructure(CompilationUnit.java:201)
	at org.eclipse.jdt.internal.core.Openable.generateInfos(Openable.java:266)
	at org.eclipse.jdt.internal.core.JavaElement.openWhenClosed(JavaElement.java:597)
	at org.eclipse.jdt.internal.core.CompilationUnit.makeConsistent(CompilationUnit.java:1142)
	at org.eclipse.jdt.internal.core.ReconcileWorkingCopyOperation.makeConsistent(ReconcileWorkingCopyOperation.java:173)
	at org.eclipse.jdt.internal.core.ReconcileWorkingCopyOperation.executeOperation(ReconcileWorkingCopyOperation.java:94)
	at org.eclipse.jdt.internal.core.JavaModelOperation.run(JavaModelOperation.java:740)
	at org.eclipse.jdt.internal.core.JavaModelOperation.runOperation(JavaModelOperation.java:806)
	at org.eclipse.jdt.internal.core.CompilationUnit.reconcile(CompilationUnit.java:1319)
	at org.eclipse.jdt.internal.ui.text.java.JavaReconcilingStrategy.reconcile(JavaReconcilingStrategy.java:131)
	at org.eclipse.jdt.internal.ui.text.java.JavaReconcilingStrategy.access$0(JavaReconcilingStrategy.java:113)
	at org.eclipse.jdt.internal.ui.text.java.JavaReconcilingStrategy$1.run(JavaReconcilingStrategy.java:93)
	at org.eclipse.core.runtime.SafeRunner.run(SafeRunner.java:45)
	at org.eclipse.jdt.internal.ui.text.java.JavaReconcilingStrategy.reconcile(JavaReconcilingStrategy.java:90)
	at org.eclipse.jdt.internal.ui.text.java.JavaReconcilingStrategy.reconcile(JavaReconcilingStrategy.java:157)
	at org.eclipse.jdt.internal.ui.text.CompositeReconcilingStrategy.reconcile(CompositeReconcilingStrategy.java:94)
	at org.eclipse.jdt.internal.ui.text.JavaCompositeReconcilingStrategy.reconcile(JavaCompositeReconcilingStrategy.java:107)
	at org.eclipse.jface.text.reconciler.MonoReconciler.process(MonoReconciler.java:76)
	at org.eclipse.jface.text.reconciler.AbstractReconciler$BackgroundThread.run(AbstractReconciler.java:210)

!ENTRY org.eclipse.jdt.ui 4 2 2026-07-31 15:11:15.777
!MESSAGE Problems occurred when invoking code from plug-in: "org.eclipse.jdt.ui".
!STACK 0
java.lang.IllegalArgumentException
	at org.eclipse.jdt.core.dom.InfixExpression.setOperator(InfixExpression.java:383)
	at org.eclipse.jdt.core.dom.ASTConverter.convert(ASTConverter.java:1287)
	at org.eclipse.jdt.core.dom.ASTConverter.convert(ASTConverter.java:2031)
	at org.eclipse.jdt.core.dom.ASTConverter.convertToParenthesizedExpression(ASTConverter.java:3795)
	at org.eclipse.jdt.core.dom.ASTConverter.convert(ASTConverter.java:1943)
	at org.eclipse.jdt.core.dom.ASTConverter.convert(ASTConverter.java:1204)
	at org.eclipse.jdt.core.dom.ASTConverter.convert(ASTConverter.java:1974)
	at org.eclipse.jdt.core.dom.ASTConverter.convert(ASTConverter.java:3052)
	at org.eclipse.jdt.core.dom.ASTConverter.convert(ASTConverter.java:751)
	at org.eclipse.jdt.core.dom.ASTConverter.buildBodyDeclarations(ASTConverter.java:208)
	at org.eclipse.jdt.core.dom.ASTConverter.convert(ASTConverter.java:3347)
	at org.eclipse.jdt.core.dom.ASTConverter.convert(ASTConverter.java:1524)
	at org.eclipse.jdt.core.dom.AST.convertCompilationUnit(AST.java:494)
	at org.eclipse.jdt.internal.core.CompilationUnit.buildStructure(CompilationUnit.java:201)
	at org.eclipse.jdt.internal.core.Openable.generateInfos(Openable.java:266)
	at org.eclipse.jdt.internal.core.JavaElement.openWhenClosed(JavaElement.java:597)
	at org.eclipse.jdt.internal.core.CompilationUnit.makeConsistent(CompilationUnit.java:1142)
	at org.eclipse.jdt.internal.core.ReconcileWorkingCopyOperation.makeConsistent(ReconcileWorkingCopyOperation.java:173)
	at org.eclipse.jdt.internal.core.ReconcileWorkingCopyOperation.executeOperation(ReconcileWorkingCopyOperation.java:94)
	at org.eclipse.jdt.internal.core.JavaModelOperation.run(JavaModelOperation.java:740)
	at org.eclipse.jdt.internal.core.JavaModelOperation.runOperation(JavaModelOperation.java:806)
	at org.eclipse.jdt.internal.core.CompilationUnit.reconcile(CompilationUnit.java:1319)
	at org.eclipse.jdt.internal.ui.text.java.JavaReconcilingStrategy.reconcile(JavaReconcilingStrategy.java:131)
	at org.eclipse.jdt.internal.ui.text.java.JavaReconcilingStrategy.access$0(JavaReconcilingStrategy.java:113)
	at org.eclipse.jdt.internal.ui.text.java.JavaReconcilingStrategy$1.run(JavaReconcilingStrategy.java:93)
	at org.eclipse.core.runtime.SafeRunner.run(SafeRunner.java:45)
	at org.eclipse.jdt.internal.ui.text.java.JavaReconcilingStrategy.reconcile(JavaReconcilingStrategy.java:90)
	at org.eclipse.jdt.internal.ui.text.java.JavaReconcilingStrategy.reconcile(JavaReconcilingStrategy.java:157)
	at org.eclipse.jdt.internal.ui.text.CompositeReconcilingStrategy.reconcile(CompositeReconcilingStrategy.java:94)
	at org.eclipse.jdt.internal.ui.text.JavaCompositeReconcilingStrategy.reconcile(JavaCompositeReconcilingStrategy.java:107)
	at org.eclipse.jface.text.reconciler.MonoReconciler.process(MonoReconciler.java:76)
	at org.eclipse.jface.text.reconciler.AbstractReconciler$BackgroundThread.run(AbstractReconciler.java:210)

!ENTRY org.eclipse.jdt.ui 4 0 2026-07-31 15:11:15.778
!MESSAGE Error in JDT Core during reconcile
!STACK 0
java.lang.IllegalArgumentException
	at org.eclipse.jdt.core.dom.InfixExpression.setOperator(InfixExpression.java:383)
	at org.eclipse.jdt.core.dom.ASTConverter.convert(ASTConverter.java:1287)
	at org.eclipse.jdt.core.dom.ASTConverter.convert(ASTConverter.java:2031)
	at org.eclipse.jdt.core.dom.ASTConverter.convertToParenthesizedExpression(ASTConverter.java:3795)
	at org.eclipse.jdt.core.dom.ASTConverter.convert(ASTConverter.java:1943)
	at org.eclipse.jdt.core.dom.ASTConverter.convert(ASTConverter.java:1204)
	at org.eclipse.jdt.core.dom.ASTConverter.convert(ASTConverter.java:1974)
	at org.eclipse.jdt.core.dom.ASTConverter.convert(ASTConverter.java:3052)
	at org.eclipse.jdt.core.dom.ASTConverter.convert(ASTConverter.java:751)
	at org.eclipse.jdt.core.dom.ASTConverter.buildBodyDeclarations(ASTConverter.java:208)
	at org.eclipse.jdt.core.dom.ASTConverter.convert(ASTConverter.java:3347)
	at org.eclipse.jdt.core.dom.ASTConverter.convert(ASTConverter.java:1524)
	at org.eclipse.jdt.core.dom.AST.convertCompilationUnit(AST.java:494)
	at org.eclipse.jdt.internal.core.CompilationUnit.buildStructure(CompilationUnit.java:201)
	at org.eclipse.jdt.internal.core.Openable.generateInfos(Openable.java:266)
	at org.eclipse.jdt.internal.core.JavaElement.openWhenClosed(JavaElement.java:597)
	at org.eclipse.jdt.internal.core.CompilationUnit.makeConsistent(CompilationUnit.java:1142)
	at org.eclipse.jdt.internal.core.ReconcileWorkingCopyOperation.makeConsistent(ReconcileWorkingCopyOperation.java:173)
	at org.eclipse.jdt.internal.core.ReconcileWorkingCopyOperation.executeOperation(ReconcileWorkingCopyOperation.java:94)
	at org.eclipse.jdt.internal.core.JavaModelOperation.run(JavaModelOperation.java:740)
	at org.eclipse.jdt.internal.core.JavaModelOperation.runOperation(JavaModelOperation.java:806)
	at org.eclipse.jdt.internal.core.CompilationUnit.reconcile(CompilationUnit.java:1319)
	at org.eclipse.jdt.internal.ui.text.java.JavaReconcilingStrategy.reconcile(JavaReconcilingStrategy.java:131)
	at org.eclipse.jdt.internal.ui.text.java.JavaReconcilingStrategy.access$0(JavaReconcilingStrategy.java:113)
	at org.eclipse.jdt.internal.ui.text.java.JavaReconcilingStrategy$1.run(JavaReconcilingStrategy.java:93)
	at org.eclipse.core.runtime.SafeRunner.run(SafeRunner.java:45)
	at org.eclipse.jdt.internal.ui.text.java.JavaReconcilingStrategy.reconcile(JavaReconcilingStrategy.java:90)
	at org.eclipse.jdt.internal.ui.text.java.JavaReconcilingStrategy.reconcile(JavaReconcilingStrategy.java:157)
	at org.eclipse.jdt.internal.ui.text.CompositeReconcilingStrategy.reconcile(CompositeReconcilingStrategy.java:94)
	at org.eclipse.jdt.internal.ui.text.JavaCompositeReconcilingStrategy.reconcile(JavaCompositeReconcilingStrategy.java:107)
	at org.eclipse.jface.text.reconciler.MonoReconciler.process(MonoReconciler.java:76)
	at org.eclipse.jface.text.reconciler.AbstractReconciler$BackgroundThread.run(AbstractReconciler.java:210)

!ENTRY org.eclipse.jdt.core 4 4 2026-07-31 15:11:18.282
!MESSAGE Exception occurred during compilation unit conversion:
----------------------------------- SOURCE BEGIN -------------------------------------
package com.objectEX;

public class CardExam {

	public static void main(String[] args) {
		// 클래스 변수(static 변수)는 객체생성 없이 (클래스명.변수)로 직접 사용이 가능함
		System.out.println("Card.width : "+Card.width);
		System.out.println("Card.height : "+Card.height);
		
		
		Card c1 = new Card(); // 객체를 생성
		c1.kind = "Heart";
		c1.number = 7;
		
		Card c2 = new Card();
		c2.kind = "Space";
		c2.number = 3;  // 인스턴스 변수
		
		System.out.println("c1은 "+ c1.kind+", "+c1.number+"이며 크기는 " (+c1.width+"," +c1.height+) );
		
		


	}

}

----------------------------------- SOURCE END -------------------------------------
!STACK 0
java.lang.IllegalArgumentException
	at org.eclipse.jdt.core.dom.InfixExpression.setOperator(InfixExpression.java:383)
	at org.eclipse.jdt.core.dom.ASTConverter.convert(ASTConverter.java:1287)
	at org.eclipse.jdt.core.dom.ASTConverter.convert(ASTConverter.java:2031)
	at org.eclipse.jdt.core.dom.ASTConverter.convertToParenthesizedExpression(ASTConverter.java:3795)
	at org.eclipse.jdt.core.dom.ASTConverter.convert(ASTConverter.java:1943)
	at org.eclipse.jdt.core.dom.ASTConverter.convert(ASTConverter.java:1204)
	at org.eclipse.jdt.core.dom.ASTConverter.convert(ASTConverter.java:1974)
	at org.eclipse.jdt.core.dom.ASTConverter.convert(ASTConverter.java:3052)
	at org.eclipse.jdt.core.dom.ASTConverter.convert(ASTConverter.java:751)
	at org.eclipse.jdt.core.dom.ASTConverter.buildBodyDeclarations(ASTConverter.java:208)
	at org.eclipse.jdt.core.dom.ASTConverter.convert(ASTConverter.java:3347)
	at org.eclipse.jdt.core.dom.ASTConverter.convert(ASTConverter.java:1524)
	at org.eclipse.jdt.core.dom.AST.convertCompilationUnit(AST.java:494)
	at org.eclipse.jdt.internal.core.CompilationUnit.buildStructure(CompilationUnit.java:201)
	at org.eclipse.jdt.internal.core.Openable.generateInfos(Openable.java:266)
	at org.eclipse.jdt.internal.core.JavaElement.openWhenClosed(JavaElement.java:597)
	at org.eclipse.jdt.internal.core.CompilationUnit.makeConsistent(CompilationUnit.java:1142)
	at org.eclipse.jdt.internal.core.ReconcileWorkingCopyOperation.makeConsistent(ReconcileWorkingCopyOperation.java:173)
	at org.eclipse.jdt.internal.core.ReconcileWorkingCopyOperation.executeOperation(ReconcileWorkingCopyOperation.java:94)
	at org.eclipse.jdt.internal.core.JavaModelOperation.run(JavaModelOperation.java:740)
	at org.eclipse.jdt.internal.core.JavaModelOperation.runOperation(JavaModelOperation.java:806)
	at org.eclipse.jdt.internal.core.CompilationUnit.reconcile(CompilationUnit.java:1319)
	at org.eclipse.jdt.internal.ui.text.java.JavaReconcilingStrategy.reconcile(JavaReconcilingStrategy.java:131)
	at org.eclipse.jdt.internal.ui.text.java.JavaReconcilingStrategy.access$0(JavaReconcilingStrategy.java:113)
	at org.eclipse.jdt.internal.ui.text.java.JavaReconcilingStrategy$1.run(JavaReconcilingStrategy.java:93)
	at org.eclipse.core.runtime.SafeRunner.run(SafeRunner.java:45)
	at org.eclipse.jdt.internal.ui.text.java.JavaReconcilingStrategy.reconcile(JavaReconcilingStrategy.java:90)
	at org.eclipse.jdt.internal.ui.text.java.JavaReconcilingStrategy.reconcile(JavaReconcilingStrategy.java:157)
	at org.eclipse.jdt.internal.ui.text.CompositeReconcilingStrategy.reconcile(CompositeReconcilingStrategy.java:94)
	at org.eclipse.jdt.internal.ui.text.JavaCompositeReconcilingStrategy.reconcile(JavaCompositeReconcilingStrategy.java:107)
	at org.eclipse.jface.text.reconciler.MonoReconciler.process(MonoReconciler.java:76)
	at org.eclipse.jface.text.reconciler.AbstractReconciler$BackgroundThread.run(AbstractReconciler.java:210)

!ENTRY org.eclipse.jdt.ui 4 2 2026-07-31 15:11:18.282
!MESSAGE Problems occurred when invoking code from plug-in: "org.eclipse.jdt.ui".
!STACK 0
java.lang.IllegalArgumentException
	at org.eclipse.jdt.core.dom.InfixExpression.setOperator(InfixExpression.java:383)
	at org.eclipse.jdt.core.dom.ASTConverter.convert(ASTConverter.java:1287)
	at org.eclipse.jdt.core.dom.ASTConverter.convert(ASTConverter.java:2031)
	at org.eclipse.jdt.core.dom.ASTConverter.convertToParenthesizedExpression(ASTConverter.java:3795)
	at org.eclipse.jdt.core.dom.ASTConverter.convert(ASTConverter.java:1943)
	at org.eclipse.jdt.core.dom.ASTConverter.convert(ASTConverter.java:1204)
	at org.eclipse.jdt.core.dom.ASTConverter.convert(ASTConverter.java:1974)
	at org.eclipse.jdt.core.dom.ASTConverter.convert(ASTConverter.java:3052)
	at org.eclipse.jdt.core.dom.ASTConverter.convert(ASTConverter.java:751)
	at org.eclipse.jdt.core.dom.ASTConverter.buildBodyDeclarations(ASTConverter.java:208)
	at org.eclipse.jdt.core.dom.ASTConverter.convert(ASTConverter.java:3347)
	at org.eclipse.jdt.core.dom.ASTConverter.convert(ASTConverter.java:1524)
	at org.eclipse.jdt.core.dom.AST.convertCompilationUnit(AST.java:494)
	at org.eclipse.jdt.internal.core.CompilationUnit.buildStructure(CompilationUnit.java:201)
	at org.eclipse.jdt.internal.core.Openable.generateInfos(Openable.java:266)
	at org.eclipse.jdt.internal.core.JavaElement.openWhenClosed(JavaElement.java:597)
	at org.eclipse.jdt.internal.core.CompilationUnit.makeConsistent(CompilationUnit.java:1142)
	at org.eclipse.jdt.internal.core.ReconcileWorkingCopyOperation.makeConsistent(ReconcileWorkingCopyOperation.java:173)
	at org.eclipse.jdt.internal.core.ReconcileWorkingCopyOperation.executeOperation(ReconcileWorkingCopyOperation.java:94)
	at org.eclipse.jdt.internal.core.JavaModelOperation.run(JavaModelOperation.java:740)
	at org.eclipse.jdt.internal.core.JavaModelOperation.runOperation(JavaModelOperation.java:806)
	at org.eclipse.jdt.internal.core.CompilationUnit.reconcile(CompilationUnit.java:1319)
	at org.eclipse.jdt.internal.ui.text.java.JavaReconcilingStrategy.reconcile(JavaReconcilingStrategy.java:131)
	at org.eclipse.jdt.internal.ui.text.java.JavaReconcilingStrategy.access$0(JavaReconcilingStrategy.java:113)
	at org.eclipse.jdt.internal.ui.text.java.JavaReconcilingStrategy$1.run(JavaReconcilingStrategy.java:93)
	at org.eclipse.core.runtime.SafeRunner.run(SafeRunner.java:45)
	at org.eclipse.jdt.internal.ui.text.java.JavaReconcilingStrategy.reconcile(JavaReconcilingStrategy.java:90)
	at org.eclipse.jdt.internal.ui.text.java.JavaReconcilingStrategy.reconcile(JavaReconcilingStrategy.java:157)
	at org.eclipse.jdt.internal.ui.text.CompositeReconcilingStrategy.reconcile(CompositeReconcilingStrategy.java:94)
	at org.eclipse.jdt.internal.ui.text.JavaCompositeReconcilingStrategy.reconcile(JavaCompositeReconcilingStrategy.java:107)
	at org.eclipse.jface.text.reconciler.MonoReconciler.process(MonoReconciler.java:76)
	at org.eclipse.jface.text.reconciler.AbstractReconciler$BackgroundThread.run(AbstractReconciler.java:210)

!ENTRY org.eclipse.jdt.ui 4 0 2026-07-31 15:11:18.282
!MESSAGE Error in JDT Core during reconcile
!STACK 0
java.lang.IllegalArgumentException
	at org.eclipse.jdt.core.dom.InfixExpression.setOperator(InfixExpression.java:383)
	at org.eclipse.jdt.core.dom.ASTConverter.convert(ASTConverter.java:1287)
	at org.eclipse.jdt.core.dom.ASTConverter.convert(ASTConverter.java:2031)
	at org.eclipse.jdt.core.dom.ASTConverter.convertToParenthesizedExpression(ASTConverter.java:3795)
	at org.eclipse.jdt.core.dom.ASTConverter.convert(ASTConverter.java:1943)
	at org.eclipse.jdt.core.dom.ASTConverter.convert(ASTConverter.java:1204)
	at org.eclipse.jdt.core.dom.ASTConverter.convert(ASTConverter.java:1974)
	at org.eclipse.jdt.core.dom.ASTConverter.convert(ASTConverter.java:3052)
	at org.eclipse.jdt.core.dom.ASTConverter.convert(ASTConverter.java:751)
	at org.eclipse.jdt.core.dom.ASTConverter.buildBodyDeclarations(ASTConverter.java:208)
	at org.eclipse.jdt.core.dom.ASTConverter.convert(ASTConverter.java:3347)
	at org.eclipse.jdt.core.dom.ASTConverter.convert(ASTConverter.java:1524)
	at org.eclipse.jdt.core.dom.AST.convertCompilationUnit(AST.java:494)
	at org.eclipse.jdt.internal.core.CompilationUnit.buildStructure(CompilationUnit.java:201)
	at org.eclipse.jdt.internal.core.Openable.generateInfos(Openable.java:266)
	at org.eclipse.jdt.internal.core.JavaElement.openWhenClosed(JavaElement.java:597)
	at org.eclipse.jdt.internal.core.CompilationUnit.makeConsistent(CompilationUnit.java:1142)
	at org.eclipse.jdt.internal.core.ReconcileWorkingCopyOperation.makeConsistent(ReconcileWorkingCopyOperation.java:173)
	at org.eclipse.jdt.internal.core.ReconcileWorkingCopyOperation.executeOperation(ReconcileWorkingCopyOperation.java:94)
	at org.eclipse.jdt.internal.core.JavaModelOperation.run(JavaModelOperation.java:740)
	at org.eclipse.jdt.internal.core.JavaModelOperation.runOperation(JavaModelOperation.java:806)
	at org.eclipse.jdt.internal.core.CompilationUnit.reconcile(CompilationUnit.java:1319)
	at org.eclipse.jdt.internal.ui.text.java.JavaReconcilingStrategy.reconcile(JavaReconcilingStrategy.java:131)
	at org.eclipse.jdt.internal.ui.text.java.JavaReconcilingStrategy.access$0(JavaReconcilingStrategy.java:113)
	at org.eclipse.jdt.internal.ui.text.java.JavaReconcilingStrategy$1.run(JavaReconcilingStrategy.java:93)
	at org.eclipse.core.runtime.SafeRunner.run(SafeRunner.java:45)
	at org.eclipse.jdt.internal.ui.text.java.JavaReconcilingStrategy.reconcile(JavaReconcilingStrategy.java:90)
	at org.eclipse.jdt.internal.ui.text.java.JavaReconcilingStrategy.reconcile(JavaReconcilingStrategy.java:157)
	at org.eclipse.jdt.internal.ui.text.CompositeReconcilingStrategy.reconcile(CompositeReconcilingStrategy.java:94)
	at org.eclipse.jdt.internal.ui.text.JavaCompositeReconcilingStrategy.reconcile(JavaCompositeReconcilingStrategy.java:107)
	at org.eclipse.jface.text.reconciler.MonoReconciler.process(MonoReconciler.java:76)
	at org.eclipse.jface.text.reconciler.AbstractReconciler$BackgroundThread.run(AbstractReconciler.java:210)

!ENTRY org.eclipse.jdt.core 4 4 2026-07-31 15:11:23.297
!MESSAGE Exception occurred during compilation unit conversion:
----------------------------------- SOURCE BEGIN -------------------------------------
package com.objectEX;

public class CardExam {

	public static void main(String[] args) {
		// 클래스 변수(static 변수)는 객체생성 없이 (클래스명.변수)로 직접 사용이 가능함
		System.out.println("Card.width : "+Card.width);
		System.out.println("Card.height : "+Card.height);
		
		
		Card c1 = new Card(); // 객체를 생성
		c1.kind = "Heart";
		c1.number = 7;
		
		Card c2 = new Card();
		c2.kind = "Space";
		c2.number = 3;  // 인스턴스 변수
		
		System.out.println("c1은 "+ c1.kind+", "+c1.number+"이며 크기는 " (+c1.width+"," +c1.height+"")" );
		
		


	}

}

----------------------------------- SOURCE END -------------------------------------
!STACK 0
java.lang.IllegalArgumentException
	at org.eclipse.jdt.core.dom.InfixExpression.setOperator(InfixExpression.java:383)
	at org.eclipse.jdt.core.dom.ASTConverter.convert(ASTConverter.java:1287)
	at org.eclipse.jdt.core.dom.ASTConverter.convert(ASTConverter.java:2031)
	at org.eclipse.jdt.core.dom.ASTConverter.convertToParenthesizedExpression(ASTConverter.java:3795)
	at org.eclipse.jdt.core.dom.ASTConverter.convert(ASTConverter.java:1943)
	at org.eclipse.jdt.core.dom.ASTConverter.convert(ASTConverter.java:1204)
	at org.eclipse.jdt.core.dom.ASTConverter.convert(ASTConverter.java:1974)
	at org.eclipse.jdt.core.dom.ASTConverter.convert(ASTConverter.java:3052)
	at org.eclipse.jdt.core.dom.ASTConverter.convert(ASTConverter.java:751)
	at org.eclipse.jdt.core.dom.ASTConverter.buildBodyDeclarations(ASTConverter.java:208)
	at org.eclipse.jdt.core.dom.ASTConverter.convert(ASTConverter.java:3347)
	at org.eclipse.jdt.core.dom.ASTConverter.convert(ASTConverter.java:1524)
	at org.eclipse.jdt.core.dom.AST.convertCompilationUnit(AST.java:494)
	at org.eclipse.jdt.internal.core.CompilationUnit.buildStructure(CompilationUnit.java:201)
	at org.eclipse.jdt.internal.core.Openable.generateInfos(Openable.java:266)
	at org.eclipse.jdt.internal.core.JavaElement.openWhenClosed(JavaElement.java:597)
	at org.eclipse.jdt.internal.core.CompilationUnit.makeConsistent(CompilationUnit.java:1142)
	at org.eclipse.jdt.internal.core.ReconcileWorkingCopyOperation.makeConsistent(ReconcileWorkingCopyOperation.java:173)
	at org.eclipse.jdt.internal.core.ReconcileWorkingCopyOperation.executeOperation(ReconcileWorkingCopyOperation.java:94)
	at org.eclipse.jdt.internal.core.JavaModelOperation.run(JavaModelOperation.java:740)
	at org.eclipse.jdt.internal.core.JavaModelOperation.runOperation(JavaModelOperation.java:806)
	at org.eclipse.jdt.internal.core.CompilationUnit.reconcile(CompilationUnit.java:1319)
	at org.eclipse.jdt.internal.ui.text.java.JavaReconcilingStrategy.reconcile(JavaReconcilingStrategy.java:131)
	at org.eclipse.jdt.internal.ui.text.java.JavaReconcilingStrategy.access$0(JavaReconcilingStrategy.java:113)
	at org.eclipse.jdt.internal.ui.text.java.JavaReconcilingStrategy$1.run(JavaReconcilingStrategy.java:93)
	at org.eclipse.core.runtime.SafeRunner.run(SafeRunner.java:45)
	at org.eclipse.jdt.internal.ui.text.java.JavaReconcilingStrategy.reconcile(JavaReconcilingStrategy.java:90)
	at org.eclipse.jdt.internal.ui.text.java.JavaReconcilingStrategy.reconcile(JavaReconcilingStrategy.java:157)
	at org.eclipse.jdt.internal.ui.text.CompositeReconcilingStrategy.reconcile(CompositeReconcilingStrategy.java:94)
	at org.eclipse.jdt.internal.ui.text.JavaCompositeReconcilingStrategy.reconcile(JavaCompositeReconcilingStrategy.java:107)
	at org.eclipse.jface.text.reconciler.MonoReconciler.process(MonoReconciler.java:76)
	at org.eclipse.jface.text.reconciler.AbstractReconciler$BackgroundThread.run(AbstractReconciler.java:210)

!ENTRY org.eclipse.jdt.ui 4 2 2026-07-31 15:11:23.297
!MESSAGE Problems occurred when invoking code from plug-in: "org.eclipse.jdt.ui".
!STACK 0
java.lang.IllegalArgumentException
	at org.eclipse.jdt.core.dom.InfixExpression.setOperator(InfixExpression.java:383)
	at org.eclipse.jdt.core.dom.ASTConverter.convert(ASTConverter.java:1287)
	at org.eclipse.jdt.core.dom.ASTConverter.convert(ASTConverter.java:2031)
	at org.eclipse.jdt.core.dom.ASTConverter.convertToParenthesizedExpression(ASTConverter.java:3795)
	at org.eclipse.jdt.core.dom.ASTConverter.convert(ASTConverter.java:1943)
	at org.eclipse.jdt.core.dom.ASTConverter.convert(ASTConverter.java:1204)
	at org.eclipse.jdt.core.dom.ASTConverter.convert(ASTConverter.java:1974)
	at org.eclipse.jdt.core.dom.ASTConverter.convert(ASTConverter.java:3052)
	at org.eclipse.jdt.core.dom.ASTConverter.convert(ASTConverter.java:751)
	at org.eclipse.jdt.core.dom.ASTConverter.buildBodyDeclarations(ASTConverter.java:208)
	at org.eclipse.jdt.core.dom.ASTConverter.convert(ASTConverter.java:3347)
	at org.eclipse.jdt.core.dom.ASTConverter.convert(ASTConverter.java:1524)
	at org.eclipse.jdt.core.dom.AST.convertCompilationUnit(AST.java:494)
	at org.eclipse.jdt.internal.core.CompilationUnit.buildStructure(CompilationUnit.java:201)
	at org.eclipse.jdt.internal.core.Openable.generateInfos(Openable.java:266)
	at org.eclipse.jdt.internal.core.JavaElement.openWhenClosed(JavaElement.java:597)
	at org.eclipse.jdt.internal.core.CompilationUnit.makeConsistent(CompilationUnit.java:1142)
	at org.eclipse.jdt.internal.core.ReconcileWorkingCopyOperation.makeConsistent(ReconcileWorkingCopyOperation.java:173)
	at org.eclipse.jdt.internal.core.ReconcileWorkingCopyOperation.executeOperation(ReconcileWorkingCopyOperation.java:94)
	at org.eclipse.jdt.internal.core.JavaModelOperation.run(JavaModelOperation.java:740)
	at org.eclipse.jdt.internal.core.JavaModelOperation.runOperation(JavaModelOperation.java:806)
	at org.eclipse.jdt.internal.core.CompilationUnit.reconcile(CompilationUnit.java:1319)
	at org.eclipse.jdt.internal.ui.text.java.JavaReconcilingStrategy.reconcile(JavaReconcilingStrategy.java:131)
	at org.eclipse.jdt.internal.ui.text.java.JavaReconcilingStrategy.access$0(JavaReconcilingStrategy.java:113)
	at org.eclipse.jdt.internal.ui.text.java.JavaReconcilingStrategy$1.run(JavaReconcilingStrategy.java:93)
	at org.eclipse.core.runtime.SafeRunner.run(SafeRunner.java:45)
	at org.eclipse.jdt.internal.ui.text.java.JavaReconcilingStrategy.reconcile(JavaReconcilingStrategy.java:90)
	at org.eclipse.jdt.internal.ui.text.java.JavaReconcilingStrategy.reconcile(JavaReconcilingStrategy.java:157)
	at org.eclipse.jdt.internal.ui.text.CompositeReconcilingStrategy.reconcile(CompositeReconcilingStrategy.java:94)
	at org.eclipse.jdt.internal.ui.text.JavaCompositeReconcilingStrategy.reconcile(JavaCompositeReconcilingStrategy.java:107)
	at org.eclipse.jface.text.reconciler.MonoReconciler.process(MonoReconciler.java:76)
	at org.eclipse.jface.text.reconciler.AbstractReconciler$BackgroundThread.run(AbstractReconciler.java:210)

!ENTRY org.eclipse.jdt.ui 4 0 2026-07-31 15:11:23.298
!MESSAGE Error in JDT Core during reconcile
!STACK 0
java.lang.IllegalArgumentException
	at org.eclipse.jdt.core.dom.InfixExpression.setOperator(InfixExpression.java:383)
	at org.eclipse.jdt.core.dom.ASTConverter.convert(ASTConverter.java:1287)
	at org.eclipse.jdt.core.dom.ASTConverter.convert(ASTConverter.java:2031)
	at org.eclipse.jdt.core.dom.ASTConverter.convertToParenthesizedExpression(ASTConverter.java:3795)
	at org.eclipse.jdt.core.dom.ASTConverter.convert(ASTConverter.java:1943)
	at org.eclipse.jdt.core.dom.ASTConverter.convert(ASTConverter.java:1204)
	at org.eclipse.jdt.core.dom.ASTConverter.convert(ASTConverter.java:1974)
	at org.eclipse.jdt.core.dom.ASTConverter.convert(ASTConverter.java:3052)
	at org.eclipse.jdt.core.dom.ASTConverter.convert(ASTConverter.java:751)
	at org.eclipse.jdt.core.dom.ASTConverter.buildBodyDeclarations(ASTConverter.java:208)
	at org.eclipse.jdt.core.dom.ASTConverter.convert(ASTConverter.java:3347)
	at org.eclipse.jdt.core.dom.ASTConverter.convert(ASTConverter.java:1524)
	at org.eclipse.jdt.core.dom.AST.convertCompilationUnit(AST.java:494)
	at org.eclipse.jdt.internal.core.CompilationUnit.buildStructure(CompilationUnit.java:201)
	at org.eclipse.jdt.internal.core.Openable.generateInfos(Openable.java:266)
	at org.eclipse.jdt.internal.core.JavaElement.openWhenClosed(JavaElement.java:597)
	at org.eclipse.jdt.internal.core.CompilationUnit.makeConsistent(CompilationUnit.java:1142)
	at org.eclipse.jdt.internal.core.ReconcileWorkingCopyOperation.makeConsistent(ReconcileWorkingCopyOperation.java:173)
	at org.eclipse.jdt.internal.core.ReconcileWorkingCopyOperation.executeOperation(ReconcileWorkingCopyOperation.java:94)
	at org.eclipse.jdt.internal.core.JavaModelOperation.run(JavaModelOperation.java:740)
	at org.eclipse.jdt.internal.core.JavaModelOperation.runOperation(JavaModelOperation.java:806)
	at org.eclipse.jdt.internal.core.CompilationUnit.reconcile(CompilationUnit.java:1319)
	at org.eclipse.jdt.internal.ui.text.java.JavaReconcilingStrategy.reconcile(JavaReconcilingStrategy.java:131)
	at org.eclipse.jdt.internal.ui.text.java.JavaReconcilingStrategy.access$0(JavaReconcilingStrategy.java:113)
	at org.eclipse.jdt.internal.ui.text.java.JavaReconcilingStrategy$1.run(JavaReconcilingStrategy.java:93)
	at org.eclipse.core.runtime.SafeRunner.run(SafeRunner.java:45)
	at org.eclipse.jdt.internal.ui.text.java.JavaReconcilingStrategy.reconcile(JavaReconcilingStrategy.java:90)
	at org.eclipse.jdt.internal.ui.text.java.JavaReconcilingStrategy.reconcile(JavaReconcilingStrategy.java:157)
	at org.eclipse.jdt.internal.ui.text.CompositeReconcilingStrategy.reconcile(CompositeReconcilingStrategy.java:94)
	at org.eclipse.jdt.internal.ui.text.JavaCompositeReconcilingStrategy.reconcile(JavaCompositeReconcilingStrategy.java:107)
	at org.eclipse.jface.text.reconciler.MonoReconciler.process(MonoReconciler.java:76)
	at org.eclipse.jface.text.reconciler.AbstractReconciler$BackgroundThread.run(AbstractReconciler.java:210)
!SESSION 2026-08-05 14:13:18.812 -----------------------------------------------
eclipse.buildId=4.20.0.I20210611-1600
java.version=16.0.1
java.vendor=Oracle Corporation
BootLoader constants: OS=win32, ARCH=x86_64, WS=win32, NL=ko_KR
Framework arguments:  -product org.eclipse.epp.package.java.product
Command-line arguments:  -os win32 -ws win32 -arch x86_64 -product org.eclipse.epp.package.java.product

!ENTRY org.eclipse.jface 2 0 2026-08-05 14:13:24.376
!MESSAGE Keybinding conflicts occurred.  They may interfere with normal accelerator operation.
!SUBENTRY 1 org.eclipse.jface 2 0 2026-08-05 14:13:24.377
!MESSAGE A conflict occurred for CTRL+SHIFT+T:
Binding(CTRL+SHIFT+T,
	ParameterizedCommand(Command(org.eclipse.jdt.ui.navigate.open.type,Open Type,
		Open a type in a Java editor,
		Category(org.eclipse.ui.category.navigate,Navigate,null,true),
		org.eclipse.ui.internal.WorkbenchHandlerServiceHandler@615c4ea4,
		,,true),null),
	org.eclipse.ui.defaultAcceleratorConfiguration,
	org.eclipse.ui.contexts.window,,,system)
Binding(CTRL+SHIFT+T,
	ParameterizedCommand(Command(org.eclipse.lsp4e.symbolinworkspace,Go to Symbol in Workspace,
		,
		Category(org.eclipse.lsp4e.category,Language Servers,null,true),
		org.eclipse.ui.internal.WorkbenchHandlerServiceHandler@417446d9,
		,,true),null),
	org.eclipse.ui.defaultAcceleratorConfiguration,
	org.eclipse.ui.contexts.window,,,system)

!ENTRY org.eclipse.egit.ui 2 0 2026-08-05 14:13:28.386
!MESSAGE Warning: The environment variable HOME is not set. The following directory will be used to store the Git
user global configuration and to define the default location to store repositories: 'C:\Users\USER'. If this is
not correct please set the HOME environment variable and restart Eclipse. Otherwise Git for Windows and
EGit might behave differently since they see different configuration options.
This warning can be switched off on the Team > Git > Confirmations and Warnings preference page.
!SESSION 2026-08-05 15:18:37.407 -----------------------------------------------
eclipse.buildId=4.20.0.I20210611-1600
java.version=16.0.1
java.vendor=Oracle Corporation
BootLoader constants: OS=win32, ARCH=x86_64, WS=win32, NL=ko_KR
Framework arguments:  -product org.eclipse.epp.package.java.product
Command-line arguments:  -os win32 -ws win32 -arch x86_64 -product org.eclipse.epp.package.java.product

!ENTRY org.eclipse.jface 2 0 2026-08-05 15:18:41.765
!MESSAGE Keybinding conflicts occurred.  They may interfere with normal accelerator operation.
!SUBENTRY 1 org.eclipse.jface 2 0 2026-08-05 15:18:41.765
!MESSAGE A conflict occurred for CTRL+SHIFT+T:
Binding(CTRL+SHIFT+T,
	ParameterizedCommand(Command(org.eclipse.jdt.ui.navigate.open.type,Open Type,
		Open a type in a Java editor,
		Category(org.eclipse.ui.category.navigate,Navigate,null,true),
		org.eclipse.ui.internal.WorkbenchHandlerServiceHandler@1dd76982,
		,,true),null),
	org.eclipse.ui.defaultAcceleratorConfiguration,
	org.eclipse.ui.contexts.window,,,system)
Binding(CTRL+SHIFT+T,
	ParameterizedCommand(Command(org.eclipse.lsp4e.symbolinworkspace,Go to Symbol in Workspace,
		,
		Category(org.eclipse.lsp4e.category,Language Servers,null,true),
		org.eclipse.ui.internal.WorkbenchHandlerServiceHandler@7e76a66f,
		,,true),null),
	org.eclipse.ui.defaultAcceleratorConfiguration,
	org.eclipse.ui.contexts.window,,,system)

!ENTRY org.eclipse.egit.ui 2 0 2026-08-05 15:18:45.608
!MESSAGE Warning: The environment variable HOME is not set. The following directory will be used to store the Git
user global configuration and to define the default location to store repositories: 'C:\Users\USER'. If this is
not correct please set the HOME environment variable and restart Eclipse. Otherwise Git for Windows and
EGit might behave differently since they see different configuration options.
This warning can be switched off on the Team > Git > Confirmations and Warnings preference page.
!SESSION 2026-08-05 15:22:19.295 -----------------------------------------------
eclipse.buildId=4.20.0.I20210611-1600
java.version=16.0.1
java.vendor=Oracle Corporation
BootLoader constants: OS=win32, ARCH=x86_64, WS=win32, NL=ko_KR
Framework arguments:  -product org.eclipse.epp.package.java.product
Command-line arguments:  -os win32 -ws win32 -arch x86_64 -product org.eclipse.epp.package.java.product

!ENTRY org.eclipse.jface 2 0 2026-08-05 15:22:30.535
!MESSAGE Keybinding conflicts occurred.  They may interfere with normal accelerator operation.
!SUBENTRY 1 org.eclipse.jface 2 0 2026-08-05 15:22:30.535
!MESSAGE A conflict occurred for CTRL+SHIFT+T:
Binding(CTRL+SHIFT+T,
	ParameterizedCommand(Command(org.eclipse.jdt.ui.navigate.open.type,Open Type,
		Open a type in a Java editor,
		Category(org.eclipse.ui.category.navigate,Navigate,null,true),
		org.eclipse.ui.internal.WorkbenchHandlerServiceHandler@1c62d2ad,
		,,true),null),
	org.eclipse.ui.defaultAcceleratorConfiguration,
	org.eclipse.ui.contexts.window,,,system)
Binding(CTRL+SHIFT+T,
	ParameterizedCommand(Command(org.eclipse.lsp4e.symbolinworkspace,Go to Symbol in Workspace,
		,
		Category(org.eclipse.lsp4e.category,Language Servers,null,true),
		org.eclipse.ui.internal.WorkbenchHandlerServiceHandler@651caa2e,
		,,true),null),
	org.eclipse.ui.defaultAcceleratorConfiguration,
	org.eclipse.ui.contexts.window,,,system)

!ENTRY org.eclipse.egit.ui 2 0 2026-08-05 15:22:34.088
!MESSAGE Warning: The environment variable HOME is not set. The following directory will be used to store the Git
user global configuration and to define the default location to store repositories: 'C:\Users\USER'. If this is
not correct please set the HOME environment variable and restart Eclipse. Otherwise Git for Windows and
EGit might behave differently since they see different configuration options.
This warning can be switched off on the Team > Git > Confirmations and Warnings preference page.

!ENTRY org.eclipse.jdt.core 4 4 2026-08-05 17:10:57.981
!MESSAGE Exception occurred during compilation unit conversion:
----------------------------------- SOURCE BEGIN -------------------------------------
package com.exam;
/* 문]
 *      다음 멤버를 가지고, 직사각형의 표현하는 Rectangle 클래스를 구현하시오.
 *      
 *      1. int 타입의 x, y, width, height 필드 : 사각형을 구성하는 점과 크기 정보
 *      2. x, y, width, height 값을 매객변수로 받아 필드를 초기화 하는 생성자
 *      3. int square() : 사각형의 넓이 리턴
 *      4. void show() : 매소드를 이용해 사각형의 좌표와 넓이를 화면에 출력 
 *      5. boolean contains(Rectangle r) : 
 *              - 매개변수로 받은 r이 현 사각형 안에 있으면 true 리턴
 *              
 *        결과
 *        (2,2)에서 크기가 8x7인 사각형
 *        s의 면적은 36
 *        t는 r을 포함 합니다.
 */
public class Rectangle {
	
	int x;
	int y;
	int width;
	int height;
	
	public Rectangle(int x, int y, int width, int height) {
		super();
		this.x = x;
		this.y = y;
		this.width = width;
		this.height = height;
	}
	
	 int square()
	
	public boolean contains(Rectangle r) {
		if(x < r.x && y < r.y && x+width > r.x + r.width && y+height > r.y+r.height) 
		  return true;
		  else
		return false;
	}
	
	
	
	
	public static void main(String[] args) {
		
		Rectangle r = new Rectangle(2,2,8,7);
		Rectangle s = new Rectangle(5,5,6,6);
		Rectangle t = new Rectangle(1,1,10,10);
		
		r.show();
		System.out.println("s의 면적"+s.square);
		if(t.contains(r)) System.out.println("t는 r을 포함합니다.");
		if(t.contains(s)) System.out.println("t는 s을 포함합니다.");
		
		

	}

}

----------------------------------- SOURCE END -------------------------------------
!STACK 0
java.lang.IllegalArgumentException
	at org.eclipse.jdt.core.dom.ASTNode.setSourceRange(ASTNode.java:3189)
	at org.eclipse.jdt.core.dom.ASTConverter.convert(ASTConverter.java:738)
	at org.eclipse.jdt.core.dom.ASTConverter.buildBodyDeclarations(ASTConverter.java:208)
	at org.eclipse.jdt.core.dom.ASTConverter.convert(ASTConverter.java:3347)
	at org.eclipse.jdt.core.dom.ASTConverter.convert(ASTConverter.java:1524)
	at org.eclipse.jdt.core.dom.AST.convertCompilationUnit(AST.java:494)
	at org.eclipse.jdt.internal.core.CompilationUnit.buildStructure(CompilationUnit.java:201)
	at org.eclipse.jdt.internal.core.Openable.generateInfos(Openable.java:266)
	at org.eclipse.jdt.internal.core.JavaElement.openWhenClosed(JavaElement.java:597)
	at org.eclipse.jdt.internal.core.CompilationUnit.makeConsistent(CompilationUnit.java:1142)
	at org.eclipse.jdt.internal.core.ReconcileWorkingCopyOperation.makeConsistent(ReconcileWorkingCopyOperation.java:173)
	at org.eclipse.jdt.internal.core.ReconcileWorkingCopyOperation.executeOperation(ReconcileWorkingCopyOperation.java:94)
	at org.eclipse.jdt.internal.core.JavaModelOperation.run(JavaModelOperation.java:740)
	at org.eclipse.jdt.internal.core.JavaModelOperation.runOperation(JavaModelOperation.java:806)
	at org.eclipse.jdt.internal.core.CompilationUnit.reconcile(CompilationUnit.java:1319)
	at org.eclipse.jdt.internal.ui.text.java.JavaReconcilingStrategy.reconcile(JavaReconcilingStrategy.java:131)
	at org.eclipse.jdt.internal.ui.text.java.JavaReconcilingStrategy.access$0(JavaReconcilingStrategy.java:113)
	at org.eclipse.jdt.internal.ui.text.java.JavaReconcilingStrategy$1.run(JavaReconcilingStrategy.java:93)
	at org.eclipse.core.runtime.SafeRunner.run(SafeRunner.java:45)
	at org.eclipse.jdt.internal.ui.text.java.JavaReconcilingStrategy.reconcile(JavaReconcilingStrategy.java:90)
	at org.eclipse.jdt.internal.ui.text.java.JavaReconcilingStrategy.reconcile(JavaReconcilingStrategy.java:157)
	at org.eclipse.jdt.internal.ui.text.CompositeReconcilingStrategy.reconcile(CompositeReconcilingStrategy.java:94)
	at org.eclipse.jdt.internal.ui.text.JavaCompositeReconcilingStrategy.reconcile(JavaCompositeReconcilingStrategy.java:107)
	at org.eclipse.jface.text.reconciler.MonoReconciler.process(MonoReconciler.java:76)
	at org.eclipse.jface.text.reconciler.AbstractReconciler$BackgroundThread.run(AbstractReconciler.java:210)

!ENTRY org.eclipse.jdt.ui 4 2 2026-08-05 17:10:57.983
!MESSAGE Problems occurred when invoking code from plug-in: "org.eclipse.jdt.ui".
!STACK 0
java.lang.IllegalArgumentException
	at org.eclipse.jdt.core.dom.ASTNode.setSourceRange(ASTNode.java:3189)
	at org.eclipse.jdt.core.dom.ASTConverter.convert(ASTConverter.java:738)
	at org.eclipse.jdt.core.dom.ASTConverter.buildBodyDeclarations(ASTConverter.java:208)
	at org.eclipse.jdt.core.dom.ASTConverter.convert(ASTConverter.java:3347)
	at org.eclipse.jdt.core.dom.ASTConverter.convert(ASTConverter.java:1524)
	at org.eclipse.jdt.core.dom.AST.convertCompilationUnit(AST.java:494)
	at org.eclipse.jdt.internal.core.CompilationUnit.buildStructure(CompilationUnit.java:201)
	at org.eclipse.jdt.internal.core.Openable.generateInfos(Openable.java:266)
	at org.eclipse.jdt.internal.core.JavaElement.openWhenClosed(JavaElement.java:597)
	at org.eclipse.jdt.internal.core.CompilationUnit.makeConsistent(CompilationUnit.java:1142)
	at org.eclipse.jdt.internal.core.ReconcileWorkingCopyOperation.makeConsistent(ReconcileWorkingCopyOperation.java:173)
	at org.eclipse.jdt.internal.core.ReconcileWorkingCopyOperation.executeOperation(ReconcileWorkingCopyOperation.java:94)
	at org.eclipse.jdt.internal.core.JavaModelOperation.run(JavaModelOperation.java:740)
	at org.eclipse.jdt.internal.core.JavaModelOperation.runOperation(JavaModelOperation.java:806)
	at org.eclipse.jdt.internal.core.CompilationUnit.reconcile(CompilationUnit.java:1319)
	at org.eclipse.jdt.internal.ui.text.java.JavaReconcilingStrategy.reconcile(JavaReconcilingStrategy.java:131)
	at org.eclipse.jdt.internal.ui.text.java.JavaReconcilingStrategy.access$0(JavaReconcilingStrategy.java:113)
	at org.eclipse.jdt.internal.ui.text.java.JavaReconcilingStrategy$1.run(JavaReconcilingStrategy.java:93)
	at org.eclipse.core.runtime.SafeRunner.run(SafeRunner.java:45)
	at org.eclipse.jdt.internal.ui.text.java.JavaReconcilingStrategy.reconcile(JavaReconcilingStrategy.java:90)
	at org.eclipse.jdt.internal.ui.text.java.JavaReconcilingStrategy.reconcile(JavaReconcilingStrategy.java:157)
	at org.eclipse.jdt.internal.ui.text.CompositeReconcilingStrategy.reconcile(CompositeReconcilingStrategy.java:94)
	at org.eclipse.jdt.internal.ui.text.JavaCompositeReconcilingStrategy.reconcile(JavaCompositeReconcilingStrategy.java:107)
	at org.eclipse.jface.text.reconciler.MonoReconciler.process(MonoReconciler.java:76)
	at org.eclipse.jface.text.reconciler.AbstractReconciler$BackgroundThread.run(AbstractReconciler.java:210)

!ENTRY org.eclipse.jdt.ui 4 0 2026-08-05 17:10:57.983
!MESSAGE Error in JDT Core during reconcile
!STACK 0
java.lang.IllegalArgumentException
	at org.eclipse.jdt.core.dom.ASTNode.setSourceRange(ASTNode.java:3189)
	at org.eclipse.jdt.core.dom.ASTConverter.convert(ASTConverter.java:738)
	at org.eclipse.jdt.core.dom.ASTConverter.buildBodyDeclarations(ASTConverter.java:208)
	at org.eclipse.jdt.core.dom.ASTConverter.convert(ASTConverter.java:3347)
	at org.eclipse.jdt.core.dom.ASTConverter.convert(ASTConverter.java:1524)
	at org.eclipse.jdt.core.dom.AST.convertCompilationUnit(AST.java:494)
	at org.eclipse.jdt.internal.core.CompilationUnit.buildStructure(CompilationUnit.java:201)
	at org.eclipse.jdt.internal.core.Openable.generateInfos(Openable.java:266)
	at org.eclipse.jdt.internal.core.JavaElement.openWhenClosed(JavaElement.java:597)
	at org.eclipse.jdt.internal.core.CompilationUnit.makeConsistent(CompilationUnit.java:1142)
	at org.eclipse.jdt.internal.core.ReconcileWorkingCopyOperation.makeConsistent(ReconcileWorkingCopyOperation.java:173)
	at org.eclipse.jdt.internal.core.ReconcileWorkingCopyOperation.executeOperation(ReconcileWorkingCopyOperation.java:94)
	at org.eclipse.jdt.internal.core.JavaModelOperation.run(JavaModelOperation.java:740)
	at org.eclipse.jdt.internal.core.JavaModelOperation.runOperation(JavaModelOperation.java:806)
	at org.eclipse.jdt.internal.core.CompilationUnit.reconcile(CompilationUnit.java:1319)
	at org.eclipse.jdt.internal.ui.text.java.JavaReconcilingStrategy.reconcile(JavaReconcilingStrategy.java:131)
	at org.eclipse.jdt.internal.ui.text.java.JavaReconcilingStrategy.access$0(JavaReconcilingStrategy.java:113)
	at org.eclipse.jdt.internal.ui.text.java.JavaReconcilingStrategy$1.run(JavaReconcilingStrategy.java:93)
	at org.eclipse.core.runtime.SafeRunner.run(SafeRunner.java:45)
	at org.eclipse.jdt.internal.ui.text.java.JavaReconcilingStrategy.reconcile(JavaReconcilingStrategy.java:90)
	at org.eclipse.jdt.internal.ui.text.java.JavaReconcilingStrategy.reconcile(JavaReconcilingStrategy.java:157)
	at org.eclipse.jdt.internal.ui.text.CompositeReconcilingStrategy.reconcile(CompositeReconcilingStrategy.java:94)
	at org.eclipse.jdt.internal.ui.text.JavaCompositeReconcilingStrategy.reconcile(JavaCompositeReconcilingStrategy.java:107)
	at org.eclipse.jface.text.reconciler.MonoReconciler.process(MonoReconciler.java:76)
	at org.eclipse.jface.text.reconciler.AbstractReconciler$BackgroundThread.run(AbstractReconciler.java:210)

!ENTRY org.eclipse.jdt.core 4 4 2026-08-05 17:11:07.999
!MESSAGE Exception occurred during compilation unit conversion:
----------------------------------- SOURCE BEGIN -------------------------------------
package com.exam;
/* 문]
 *      다음 멤버를 가지고, 직사각형의 표현하는 Rectangle 클래스를 구현하시오.
 *      
 *      1. int 타입의 x, y, width, height 필드 : 사각형을 구성하는 점과 크기 정보
 *      2. x, y, width, height 값을 매객변수로 받아 필드를 초기화 하는 생성자
 *      3. int square() : 사각형의 넓이 리턴
 *      4. void show() : 매소드를 이용해 사각형의 좌표와 넓이를 화면에 출력 
 *      5. boolean contains(Rectangle r) : 
 *              - 매개변수로 받은 r이 현 사각형 안에 있으면 true 리턴
 *              
 *        결과
 *        (2,2)에서 크기가 8x7인 사각형
 *        s의 면적은 36
 *        t는 r을 포함 합니다.
 */
public class Rectangle {
	
	int x;
	int y;
	int width;
	int height;
	
	public Rectangle(int x, int y, int width, int height) {
		super();
		this.x = x;
		this.y = y;
		this.width = width;
		this.height = height;
	}
	
	 int square() {
		 return
	 
	
	public boolean contains(Rectangle r) {
		if(x < r.x && y < r.y && x+width > r.x + r.width && y+height > r.y+r.height) 
		  return true;
		  else
		return false;
	}
	
	
	
	
	public static void main(String[] args) {
		
		Rectangle r = new Rectangle(2,2,8,7);
		Rectangle s = new Rectangle(5,5,6,6);
		Rectangle t = new Rectangle(1,1,10,10);
		
		r.show();
		System.out.println("s의 면적"+s.square);
		if(t.contains(r)) System.out.println("t는 r을 포함합니다.");
		if(t.contains(s)) System.out.println("t는 s을 포함합니다.");
		
		

	}

}

----------------------------------- SOURCE END -------------------------------------
!STACK 0
java.lang.IllegalArgumentException
	at org.eclipse.jdt.core.dom.ASTNode.setSourceRange(ASTNode.java:3189)
	at org.eclipse.jdt.core.dom.ASTConverter.convert(ASTConverter.java:738)
	at org.eclipse.jdt.core.dom.ASTConverter.buildBodyDeclarations(ASTConverter.java:208)
	at org.eclipse.jdt.core.dom.ASTConverter.convert(ASTConverter.java:3347)
	at org.eclipse.jdt.core.dom.ASTConverter.convert(ASTConverter.java:1524)
	at org.eclipse.jdt.core.dom.AST.convertCompilationUnit(AST.java:494)
	at org.eclipse.jdt.internal.core.CompilationUnit.buildStructure(CompilationUnit.java:201)
	at org.eclipse.jdt.internal.core.Openable.generateInfos(Openable.java:266)
	at org.eclipse.jdt.internal.core.JavaElement.openWhenClosed(JavaElement.java:597)
	at org.eclipse.jdt.internal.core.CompilationUnit.makeConsistent(CompilationUnit.java:1142)
	at org.eclipse.jdt.internal.core.ReconcileWorkingCopyOperation.makeConsistent(ReconcileWorkingCopyOperation.java:173)
	at org.eclipse.jdt.internal.core.ReconcileWorkingCopyOperation.executeOperation(ReconcileWorkingCopyOperation.java:94)
	at org.eclipse.jdt.internal.core.JavaModelOperation.run(JavaModelOperation.java:740)
	at org.eclipse.jdt.internal.core.JavaModelOperation.runOperation(JavaModelOperation.java:806)
	at org.eclipse.jdt.internal.core.CompilationUnit.reconcile(CompilationUnit.java:1319)
	at org.eclipse.jdt.internal.ui.text.java.JavaReconcilingStrategy.reconcile(JavaReconcilingStrategy.java:131)
	at org.eclipse.jdt.internal.ui.text.java.JavaReconcilingStrategy.access$0(JavaReconcilingStrategy.java:113)
	at org.eclipse.jdt.internal.ui.text.java.JavaReconcilingStrategy$1.run(JavaReconcilingStrategy.java:93)
	at org.eclipse.core.runtime.SafeRunner.run(SafeRunner.java:45)
	at org.eclipse.jdt.internal.ui.text.java.JavaReconcilingStrategy.reconcile(JavaReconcilingStrategy.java:90)
	at org.eclipse.jdt.internal.ui.text.java.JavaReconcilingStrategy.reconcile(JavaReconcilingStrategy.java:157)
	at org.eclipse.jdt.internal.ui.text.CompositeReconcilingStrategy.reconcile(CompositeReconcilingStrategy.java:94)
	at org.eclipse.jdt.internal.ui.text.JavaCompositeReconcilingStrategy.reconcile(JavaCompositeReconcilingStrategy.java:107)
	at org.eclipse.jface.text.reconciler.MonoReconciler.process(MonoReconciler.java:76)
	at org.eclipse.jface.text.reconciler.AbstractReconciler$BackgroundThread.run(AbstractReconciler.java:210)

!ENTRY org.eclipse.jdt.ui 4 2 2026-08-05 17:11:08.000
!MESSAGE Problems occurred when invoking code from plug-in: "org.eclipse.jdt.ui".
!STACK 0
java.lang.IllegalArgumentException
	at org.eclipse.jdt.core.dom.ASTNode.setSourceRange(ASTNode.java:3189)
	at org.eclipse.jdt.core.dom.ASTConverter.convert(ASTConverter.java:738)
	at org.eclipse.jdt.core.dom.ASTConverter.buildBodyDeclarations(ASTConverter.java:208)
	at org.eclipse.jdt.core.dom.ASTConverter.convert(ASTConverter.java:3347)
	at org.eclipse.jdt.core.dom.ASTConverter.convert(ASTConverter.java:1524)
	at org.eclipse.jdt.core.dom.AST.convertCompilationUnit(AST.java:494)
	at org.eclipse.jdt.internal.core.CompilationUnit.buildStructure(CompilationUnit.java:201)
	at org.eclipse.jdt.internal.core.Openable.generateInfos(Openable.java:266)
	at org.eclipse.jdt.internal.core.JavaElement.openWhenClosed(JavaElement.java:597)
	at org.eclipse.jdt.internal.core.CompilationUnit.makeConsistent(CompilationUnit.java:1142)
	at org.eclipse.jdt.internal.core.ReconcileWorkingCopyOperation.makeConsistent(ReconcileWorkingCopyOperation.java:173)
	at org.eclipse.jdt.internal.core.ReconcileWorkingCopyOperation.executeOperation(ReconcileWorkingCopyOperation.java:94)
	at org.eclipse.jdt.internal.core.JavaModelOperation.run(JavaModelOperation.java:740)
	at org.eclipse.jdt.internal.core.JavaModelOperation.runOperation(JavaModelOperation.java:806)
	at org.eclipse.jdt.internal.core.CompilationUnit.reconcile(CompilationUnit.java:1319)
	at org.eclipse.jdt.internal.ui.text.java.JavaReconcilingStrategy.reconcile(JavaReconcilingStrategy.java:131)
	at org.eclipse.jdt.internal.ui.text.java.JavaReconcilingStrategy.access$0(JavaReconcilingStrategy.java:113)
	at org.eclipse.jdt.internal.ui.text.java.JavaReconcilingStrategy$1.run(JavaReconcilingStrategy.java:93)
	at org.eclipse.core.runtime.SafeRunner.run(SafeRunner.java:45)
	at org.eclipse.jdt.internal.ui.text.java.JavaReconcilingStrategy.reconcile(JavaReconcilingStrategy.java:90)
	at org.eclipse.jdt.internal.ui.text.java.JavaReconcilingStrategy.reconcile(JavaReconcilingStrategy.java:157)
	at org.eclipse.jdt.internal.ui.text.CompositeReconcilingStrategy.reconcile(CompositeReconcilingStrategy.java:94)
	at org.eclipse.jdt.internal.ui.text.JavaCompositeReconcilingStrategy.reconcile(JavaCompositeReconcilingStrategy.java:107)
	at org.eclipse.jface.text.reconciler.MonoReconciler.process(MonoReconciler.java:76)
	at org.eclipse.jface.text.reconciler.AbstractReconciler$BackgroundThread.run(AbstractReconciler.java:210)

!ENTRY org.eclipse.jdt.ui 4 0 2026-08-05 17:11:08.000
!MESSAGE Error in JDT Core during reconcile
!STACK 0
java.lang.IllegalArgumentException
	at org.eclipse.jdt.core.dom.ASTNode.setSourceRange(ASTNode.java:3189)
	at org.eclipse.jdt.core.dom.ASTConverter.convert(ASTConverter.java:738)
	at org.eclipse.jdt.core.dom.ASTConverter.buildBodyDeclarations(ASTConverter.java:208)
	at org.eclipse.jdt.core.dom.ASTConverter.convert(ASTConverter.java:3347)
	at org.eclipse.jdt.core.dom.ASTConverter.convert(ASTConverter.java:1524)
	at org.eclipse.jdt.core.dom.AST.convertCompilationUnit(AST.java:494)
	at org.eclipse.jdt.internal.core.CompilationUnit.buildStructure(CompilationUnit.java:201)
	at org.eclipse.jdt.internal.core.Openable.generateInfos(Openable.java:266)
	at org.eclipse.jdt.internal.core.JavaElement.openWhenClosed(JavaElement.java:597)
	at org.eclipse.jdt.internal.core.CompilationUnit.makeConsistent(CompilationUnit.java:1142)
	at org.eclipse.jdt.internal.core.ReconcileWorkingCopyOperation.makeConsistent(ReconcileWorkingCopyOperation.java:173)
	at org.eclipse.jdt.internal.core.ReconcileWorkingCopyOperation.executeOperation(ReconcileWorkingCopyOperation.java:94)
	at org.eclipse.jdt.internal.core.JavaModelOperation.run(JavaModelOperation.java:740)
	at org.eclipse.jdt.internal.core.JavaModelOperation.runOperation(JavaModelOperation.java:806)
	at org.eclipse.jdt.internal.core.CompilationUnit.reconcile(CompilationUnit.java:1319)
	at org.eclipse.jdt.internal.ui.text.java.JavaReconcilingStrategy.reconcile(JavaReconcilingStrategy.java:131)
	at org.eclipse.jdt.internal.ui.text.java.JavaReconcilingStrategy.access$0(JavaReconcilingStrategy.java:113)
	at org.eclipse.jdt.internal.ui.text.java.JavaReconcilingStrategy$1.run(JavaReconcilingStrategy.java:93)
	at org.eclipse.core.runtime.SafeRunner.run(SafeRunner.java:45)
	at org.eclipse.jdt.internal.ui.text.java.JavaReconcilingStrategy.reconcile(JavaReconcilingStrategy.java:90)
	at org.eclipse.jdt.internal.ui.text.java.JavaReconcilingStrategy.reconcile(JavaReconcilingStrategy.java:157)
	at org.eclipse.jdt.internal.ui.text.CompositeReconcilingStrategy.reconcile(CompositeReconcilingStrategy.java:94)
	at org.eclipse.jdt.internal.ui.text.JavaCompositeReconcilingStrategy.reconcile(JavaCompositeReconcilingStrategy.java:107)
	at org.eclipse.jface.text.reconciler.MonoReconciler.process(MonoReconciler.java:76)
	at org.eclipse.jface.text.reconciler.AbstractReconciler$BackgroundThread.run(AbstractReconciler.java:210)

!ENTRY org.eclipse.jdt.core 4 4 2026-08-05 17:11:09.504
!MESSAGE Exception occurred during compilation unit conversion:
----------------------------------- SOURCE BEGIN -------------------------------------
package com.exam;
/* 문]
 *      다음 멤버를 가지고, 직사각형의 표현하는 Rectangle 클래스를 구현하시오.
 *      
 *      1. int 타입의 x, y, width, height 필드 : 사각형을 구성하는 점과 크기 정보
 *      2. x, y, width, height 값을 매객변수로 받아 필드를 초기화 하는 생성자
 *      3. int square() : 사각형의 넓이 리턴
 *      4. void show() : 매소드를 이용해 사각형의 좌표와 넓이를 화면에 출력 
 *      5. boolean contains(Rectangle r) : 
 *              - 매개변수로 받은 r이 현 사각형 안에 있으면 true 리턴
 *              
 *        결과
 *        (2,2)에서 크기가 8x7인 사각형
 *        s의 면적은 36
 *        t는 r을 포함 합니다.
 */
public class Rectangle {
	
	int x;
	int y;
	int width;
	int height;
	
	public Rectangle(int x, int y, int width, int height) {
		super();
		this.x = x;
		this.y = y;
		this.width = width;
		this.height = height;
	}
	
	 int square() 	 return
	 
	
	public boolean contains(Rectangle r) {
		if(x < r.x && y < r.y && x+width > r.x + r.width && y+height > r.y+r.height) 
		  return true;
		  else
		return false;
	}
	
	
	
	
	public static void main(String[] args) {
		
		Rectangle r = new Rectangle(2,2,8,7);
		Rectangle s = new Rectangle(5,5,6,6);
		Rectangle t = new Rectangle(1,1,10,10);
		
		r.show();
		System.out.println("s의 면적"+s.square);
		if(t.contains(r)) System.out.println("t는 r을 포함합니다.");
		if(t.contains(s)) System.out.println("t는 s을 포함합니다.");
		
		

	}

}

----------------------------------- SOURCE END -------------------------------------
!STACK 0
java.lang.IllegalArgumentException
	at org.eclipse.jdt.core.dom.ASTNode.setSourceRange(ASTNode.java:3189)
	at org.eclipse.jdt.core.dom.ASTConverter.convert(ASTConverter.java:738)
	at org.eclipse.jdt.core.dom.ASTConverter.buildBodyDeclarations(ASTConverter.java:208)
	at org.eclipse.jdt.core.dom.ASTConverter.convert(ASTConverter.java:3347)
	at org.eclipse.jdt.core.dom.ASTConverter.convert(ASTConverter.java:1524)
	at org.eclipse.jdt.core.dom.AST.convertCompilationUnit(AST.java:494)
	at org.eclipse.jdt.internal.core.CompilationUnit.buildStructure(CompilationUnit.java:201)
	at org.eclipse.jdt.internal.core.Openable.generateInfos(Openable.java:266)
	at org.eclipse.jdt.internal.core.JavaElement.openWhenClosed(JavaElement.java:597)
	at org.eclipse.jdt.internal.core.CompilationUnit.makeConsistent(CompilationUnit.java:1142)
	at org.eclipse.jdt.internal.core.ReconcileWorkingCopyOperation.makeConsistent(ReconcileWorkingCopyOperation.java:173)
	at org.eclipse.jdt.internal.core.ReconcileWorkingCopyOperation.executeOperation(ReconcileWorkingCopyOperation.java:94)
	at org.eclipse.jdt.internal.core.JavaModelOperation.run(JavaModelOperation.java:740)
	at org.eclipse.jdt.internal.core.JavaModelOperation.runOperation(JavaModelOperation.java:806)
	at org.eclipse.jdt.internal.core.CompilationUnit.reconcile(CompilationUnit.java:1319)
	at org.eclipse.jdt.internal.ui.text.java.JavaReconcilingStrategy.reconcile(JavaReconcilingStrategy.java:131)
	at org.eclipse.jdt.internal.ui.text.java.JavaReconcilingStrategy.access$0(JavaReconcilingStrategy.java:113)
	at org.eclipse.jdt.internal.ui.text.java.JavaReconcilingStrategy$1.run(JavaReconcilingStrategy.java:93)
	at org.eclipse.core.runtime.SafeRunner.run(SafeRunner.java:45)
	at org.eclipse.jdt.internal.ui.text.java.JavaReconcilingStrategy.reconcile(JavaReconcilingStrategy.java:90)
	at org.eclipse.jdt.internal.ui.text.java.JavaReconcilingStrategy.reconcile(JavaReconcilingStrategy.java:157)
	at org.eclipse.jdt.internal.ui.text.CompositeReconcilingStrategy.reconcile(CompositeReconcilingStrategy.java:94)
	at org.eclipse.jdt.internal.ui.text.JavaCompositeReconcilingStrategy.reconcile(JavaCompositeReconcilingStrategy.java:107)
	at org.eclipse.jface.text.reconciler.MonoReconciler.process(MonoReconciler.java:76)
	at org.eclipse.jface.text.reconciler.AbstractReconciler$BackgroundThread.run(AbstractReconciler.java:210)

!ENTRY org.eclipse.jdt.ui 4 2 2026-08-05 17:11:09.505
!MESSAGE Problems occurred when invoking code from plug-in: "org.eclipse.jdt.ui".
!STACK 0
java.lang.IllegalArgumentException
	at org.eclipse.jdt.core.dom.ASTNode.setSourceRange(ASTNode.java:3189)
	at org.eclipse.jdt.core.dom.ASTConverter.convert(ASTConverter.java:738)
	at org.eclipse.jdt.core.dom.ASTConverter.buildBodyDeclarations(ASTConverter.java:208)
	at org.eclipse.jdt.core.dom.ASTConverter.convert(ASTConverter.java:3347)
	at org.eclipse.jdt.core.dom.ASTConverter.convert(ASTConverter.java:1524)
	at org.eclipse.jdt.core.dom.AST.convertCompilationUnit(AST.java:494)
	at org.eclipse.jdt.internal.core.CompilationUnit.buildStructure(CompilationUnit.java:201)
	at org.eclipse.jdt.internal.core.Openable.generateInfos(Openable.java:266)
	at org.eclipse.jdt.internal.core.JavaElement.openWhenClosed(JavaElement.java:597)
	at org.eclipse.jdt.internal.core.CompilationUnit.makeConsistent(CompilationUnit.java:1142)
	at org.eclipse.jdt.internal.core.ReconcileWorkingCopyOperation.makeConsistent(ReconcileWorkingCopyOperation.java:173)
	at org.eclipse.jdt.internal.core.ReconcileWorkingCopyOperation.executeOperation(ReconcileWorkingCopyOperation.java:94)
	at org.eclipse.jdt.internal.core.JavaModelOperation.run(JavaModelOperation.java:740)
	at org.eclipse.jdt.internal.core.JavaModelOperation.runOperation(JavaModelOperation.java:806)
	at org.eclipse.jdt.internal.core.CompilationUnit.reconcile(CompilationUnit.java:1319)
	at org.eclipse.jdt.internal.ui.text.java.JavaReconcilingStrategy.reconcile(JavaReconcilingStrategy.java:131)
	at org.eclipse.jdt.internal.ui.text.java.JavaReconcilingStrategy.access$0(JavaReconcilingStrategy.java:113)
	at org.eclipse.jdt.internal.ui.text.java.JavaReconcilingStrategy$1.run(JavaReconcilingStrategy.java:93)
	at org.eclipse.core.runtime.SafeRunner.run(SafeRunner.java:45)
	at org.eclipse.jdt.internal.ui.text.java.JavaReconcilingStrategy.reconcile(JavaReconcilingStrategy.java:90)
	at org.eclipse.jdt.internal.ui.text.java.JavaReconcilingStrategy.reconcile(JavaReconcilingStrategy.java:157)
	at org.eclipse.jdt.internal.ui.text.CompositeReconcilingStrategy.reconcile(CompositeReconcilingStrategy.java:94)
	at org.eclipse.jdt.internal.ui.text.JavaCompositeReconcilingStrategy.reconcile(JavaCompositeReconcilingStrategy.java:107)
	at org.eclipse.jface.text.reconciler.MonoReconciler.process(MonoReconciler.java:76)
	at org.eclipse.jface.text.reconciler.AbstractReconciler$BackgroundThread.run(AbstractReconciler.java:210)

!ENTRY org.eclipse.jdt.ui 4 0 2026-08-05 17:11:09.506
!MESSAGE Error in JDT Core during reconcile
!STACK 0
java.lang.IllegalArgumentException
	at org.eclipse.jdt.core.dom.ASTNode.setSourceRange(ASTNode.java:3189)
	at org.eclipse.jdt.core.dom.ASTConverter.convert(ASTConverter.java:738)
	at org.eclipse.jdt.core.dom.ASTConverter.buildBodyDeclarations(ASTConverter.java:208)
	at org.eclipse.jdt.core.dom.ASTConverter.convert(ASTConverter.java:3347)
	at org.eclipse.jdt.core.dom.ASTConverter.convert(ASTConverter.java:1524)
	at org.eclipse.jdt.core.dom.AST.convertCompilationUnit(AST.java:494)
	at org.eclipse.jdt.internal.core.CompilationUnit.buildStructure(CompilationUnit.java:201)
	at org.eclipse.jdt.internal.core.Openable.generateInfos(Openable.java:266)
	at org.eclipse.jdt.internal.core.JavaElement.openWhenClosed(JavaElement.java:597)
	at org.eclipse.jdt.internal.core.CompilationUnit.makeConsistent(CompilationUnit.java:1142)
	at org.eclipse.jdt.internal.core.ReconcileWorkingCopyOperation.makeConsistent(ReconcileWorkingCopyOperation.java:173)
	at org.eclipse.jdt.internal.core.ReconcileWorkingCopyOperation.executeOperation(ReconcileWorkingCopyOperation.java:94)
	at org.eclipse.jdt.internal.core.JavaModelOperation.run(JavaModelOperation.java:740)
	at org.eclipse.jdt.internal.core.JavaModelOperation.runOperation(JavaModelOperation.java:806)
	at org.eclipse.jdt.internal.core.CompilationUnit.reconcile(CompilationUnit.java:1319)
	at org.eclipse.jdt.internal.ui.text.java.JavaReconcilingStrategy.reconcile(JavaReconcilingStrategy.java:131)
	at org.eclipse.jdt.internal.ui.text.java.JavaReconcilingStrategy.access$0(JavaReconcilingStrategy.java:113)
	at org.eclipse.jdt.internal.ui.text.java.JavaReconcilingStrategy$1.run(JavaReconcilingStrategy.java:93)
	at org.eclipse.core.runtime.SafeRunner.run(SafeRunner.java:45)
	at org.eclipse.jdt.internal.ui.text.java.JavaReconcilingStrategy.reconcile(JavaReconcilingStrategy.java:90)
	at org.eclipse.jdt.internal.ui.text.java.JavaReconcilingStrategy.reconcile(JavaReconcilingStrategy.java:157)
	at org.eclipse.jdt.internal.ui.text.CompositeReconcilingStrategy.reconcile(CompositeReconcilingStrategy.java:94)
	at org.eclipse.jdt.internal.ui.text.JavaCompositeReconcilingStrategy.reconcile(JavaCompositeReconcilingStrategy.java:107)
	at org.eclipse.jface.text.reconciler.MonoReconciler.process(MonoReconciler.java:76)
	at org.eclipse.jface.text.reconciler.AbstractReconciler$BackgroundThread.run(AbstractReconciler.java:210)

!ENTRY org.eclipse.jdt.core 4 4 2026-08-05 17:11:10.511
!MESSAGE Exception occurred during compilation unit conversion:
----------------------------------- SOURCE BEGIN -------------------------------------
package com.exam;
/* 문]
 *      다음 멤버를 가지고, 직사각형의 표현하는 Rectangle 클래스를 구현하시오.
 *      
 *      1. int 타입의 x, y, width, height 필드 : 사각형을 구성하는 점과 크기 정보
 *      2. x, y, width, height 값을 매객변수로 받아 필드를 초기화 하는 생성자
 *      3. int square() : 사각형의 넓이 리턴
 *      4. void show() : 매소드를 이용해 사각형의 좌표와 넓이를 화면에 출력 
 *      5. boolean contains(Rectangle r) : 
 *              - 매개변수로 받은 r이 현 사각형 안에 있으면 true 리턴
 *              
 *        결과
 *        (2,2)에서 크기가 8x7인 사각형
 *        s의 면적은 36
 *        t는 r을 포함 합니다.
 */
public class Rectangle {
	
	int x;
	int y;
	int width;
	int height;
	
	public Rectangle(int x, int y, int width, int height) {
		super();
		this.x = x;
		this.y = y;
		this.width = width;
		this.height = height;
	}
	
	 int square() 
	 return
	 
	
	public boolean contains(Rectangle r) {
		if(x < r.x && y < r.y && x+width > r.x + r.width && y+height > r.y+r.height) 
		  return true;
		  else
		return false;
	}
	
	
	
	
	public static void main(String[] args) {
		
		Rectangle r = new Rectangle(2,2,8,7);
		Rectangle s = new Rectangle(5,5,6,6);
		Rectangle t = new Rectangle(1,1,10,10);
		
		r.show();
		System.out.println("s의 면적"+s.square);
		if(t.contains(r)) System.out.println("t는 r을 포함합니다.");
		if(t.contains(s)) System.out.println("t는 s을 포함합니다.");
		
		

	}

}

----------------------------------- SOURCE END -------------------------------------
!STACK 0
java.lang.IllegalArgumentException
	at org.eclipse.jdt.core.dom.ASTNode.setSourceRange(ASTNode.java:3189)
	at org.eclipse.jdt.core.dom.ASTConverter.convert(ASTConverter.java:738)
	at org.eclipse.jdt.core.dom.ASTConverter.buildBodyDeclarations(ASTConverter.java:208)
	at org.eclipse.jdt.core.dom.ASTConverter.convert(ASTConverter.java:3347)
	at org.eclipse.jdt.core.dom.ASTConverter.convert(ASTConverter.java:1524)
	at org.eclipse.jdt.core.dom.AST.convertCompilationUnit(AST.java:494)
	at org.eclipse.jdt.internal.core.CompilationUnit.buildStructure(CompilationUnit.java:201)
	at org.eclipse.jdt.internal.core.Openable.generateInfos(Openable.java:266)
	at org.eclipse.jdt.internal.core.JavaElement.openWhenClosed(JavaElement.java:597)
	at org.eclipse.jdt.internal.core.CompilationUnit.makeConsistent(CompilationUnit.java:1142)
	at org.eclipse.jdt.internal.core.ReconcileWorkingCopyOperation.makeConsistent(ReconcileWorkingCopyOperation.java:173)
	at org.eclipse.jdt.internal.core.ReconcileWorkingCopyOperation.executeOperation(ReconcileWorkingCopyOperation.java:94)
	at org.eclipse.jdt.internal.core.JavaModelOperation.run(JavaModelOperation.java:740)
	at org.eclipse.jdt.internal.core.JavaModelOperation.runOperation(JavaModelOperation.java:806)
	at org.eclipse.jdt.internal.core.CompilationUnit.reconcile(CompilationUnit.java:1319)
	at org.eclipse.jdt.internal.ui.text.java.JavaReconcilingStrategy.reconcile(JavaReconcilingStrategy.java:131)
	at org.eclipse.jdt.internal.ui.text.java.JavaReconcilingStrategy.access$0(JavaReconcilingStrategy.java:113)
	at org.eclipse.jdt.internal.ui.text.java.JavaReconcilingStrategy$1.run(JavaReconcilingStrategy.java:93)
	at org.eclipse.core.runtime.SafeRunner.run(SafeRunner.java:45)
	at org.eclipse.jdt.internal.ui.text.java.JavaReconcilingStrategy.reconcile(JavaReconcilingStrategy.java:90)
	at org.eclipse.jdt.internal.ui.text.java.JavaReconcilingStrategy.reconcile(JavaReconcilingStrategy.java:157)
	at org.eclipse.jdt.internal.ui.text.CompositeReconcilingStrategy.reconcile(CompositeReconcilingStrategy.java:94)
	at org.eclipse.jdt.internal.ui.text.JavaCompositeReconcilingStrategy.reconcile(JavaCompositeReconcilingStrategy.java:107)
	at org.eclipse.jface.text.reconciler.MonoReconciler.process(MonoReconciler.java:76)
	at org.eclipse.jface.text.reconciler.AbstractReconciler$BackgroundThread.run(AbstractReconciler.java:210)

!ENTRY org.eclipse.jdt.ui 4 2 2026-08-05 17:11:10.512
!MESSAGE Problems occurred when invoking code from plug-in: "org.eclipse.jdt.ui".
!STACK 0
java.lang.IllegalArgumentException
	at org.eclipse.jdt.core.dom.ASTNode.setSourceRange(ASTNode.java:3189)
	at org.eclipse.jdt.core.dom.ASTConverter.convert(ASTConverter.java:738)
	at org.eclipse.jdt.core.dom.ASTConverter.buildBodyDeclarations(ASTConverter.java:208)
	at org.eclipse.jdt.core.dom.ASTConverter.convert(ASTConverter.java:3347)
	at org.eclipse.jdt.core.dom.ASTConverter.convert(ASTConverter.java:1524)
	at org.eclipse.jdt.core.dom.AST.convertCompilationUnit(AST.java:494)
	at org.eclipse.jdt.internal.core.CompilationUnit.buildStructure(CompilationUnit.java:201)
	at org.eclipse.jdt.internal.core.Openable.generateInfos(Openable.java:266)
	at org.eclipse.jdt.internal.core.JavaElement.openWhenClosed(JavaElement.java:597)
	at org.eclipse.jdt.internal.core.CompilationUnit.makeConsistent(CompilationUnit.java:1142)
	at org.eclipse.jdt.internal.core.ReconcileWorkingCopyOperation.makeConsistent(ReconcileWorkingCopyOperation.java:173)
	at org.eclipse.jdt.internal.core.ReconcileWorkingCopyOperation.executeOperation(ReconcileWorkingCopyOperation.java:94)
	at org.eclipse.jdt.internal.core.JavaModelOperation.run(JavaModelOperation.java:740)
	at org.eclipse.jdt.internal.core.JavaModelOperation.runOperation(JavaModelOperation.java:806)
	at org.eclipse.jdt.internal.core.CompilationUnit.reconcile(CompilationUnit.java:1319)
	at org.eclipse.jdt.internal.ui.text.java.JavaReconcilingStrategy.reconcile(JavaReconcilingStrategy.java:131)
	at org.eclipse.jdt.internal.ui.text.java.JavaReconcilingStrategy.access$0(JavaReconcilingStrategy.java:113)
	at org.eclipse.jdt.internal.ui.text.java.JavaReconcilingStrategy$1.run(JavaReconcilingStrategy.java:93)
	at org.eclipse.core.runtime.SafeRunner.run(SafeRunner.java:45)
	at org.eclipse.jdt.internal.ui.text.java.JavaReconcilingStrategy.reconcile(JavaReconcilingStrategy.java:90)
	at org.eclipse.jdt.internal.ui.text.java.JavaReconcilingStrategy.reconcile(JavaReconcilingStrategy.java:157)
	at org.eclipse.jdt.internal.ui.text.CompositeReconcilingStrategy.reconcile(CompositeReconcilingStrategy.java:94)
	at org.eclipse.jdt.internal.ui.text.JavaCompositeReconcilingStrategy.reconcile(JavaCompositeReconcilingStrategy.java:107)
	at org.eclipse.jface.text.reconciler.MonoReconciler.process(MonoReconciler.java:76)
	at org.eclipse.jface.text.reconciler.AbstractReconciler$BackgroundThread.run(AbstractReconciler.java:210)

!ENTRY org.eclipse.jdt.ui 4 0 2026-08-05 17:11:10.513
!MESSAGE Error in JDT Core during reconcile
!STACK 0
java.lang.IllegalArgumentException
	at org.eclipse.jdt.core.dom.ASTNode.setSourceRange(ASTNode.java:3189)
	at org.eclipse.jdt.core.dom.ASTConverter.convert(ASTConverter.java:738)
	at org.eclipse.jdt.core.dom.ASTConverter.buildBodyDeclarations(ASTConverter.java:208)
	at org.eclipse.jdt.core.dom.ASTConverter.convert(ASTConverter.java:3347)
	at org.eclipse.jdt.core.dom.ASTConverter.convert(ASTConverter.java:1524)
	at org.eclipse.jdt.core.dom.AST.convertCompilationUnit(AST.java:494)
	at org.eclipse.jdt.internal.core.CompilationUnit.buildStructure(CompilationUnit.java:201)
	at org.eclipse.jdt.internal.core.Openable.generateInfos(Openable.java:266)
	at org.eclipse.jdt.internal.core.JavaElement.openWhenClosed(JavaElement.java:597)
	at org.eclipse.jdt.internal.core.CompilationUnit.makeConsistent(CompilationUnit.java:1142)
	at org.eclipse.jdt.internal.core.ReconcileWorkingCopyOperation.makeConsistent(ReconcileWorkingCopyOperation.java:173)
	at org.eclipse.jdt.internal.core.ReconcileWorkingCopyOperation.executeOperation(ReconcileWorkingCopyOperation.java:94)
	at org.eclipse.jdt.internal.core.JavaModelOperation.run(JavaModelOperation.java:740)
	at org.eclipse.jdt.internal.core.JavaModelOperation.runOperation(JavaModelOperation.java:806)
	at org.eclipse.jdt.internal.core.CompilationUnit.reconcile(CompilationUnit.java:1319)
	at org.eclipse.jdt.internal.ui.text.java.JavaReconcilingStrategy.reconcile(JavaReconcilingStrategy.java:131)
	at org.eclipse.jdt.internal.ui.text.java.JavaReconcilingStrategy.access$0(JavaReconcilingStrategy.java:113)
	at org.eclipse.jdt.internal.ui.text.java.JavaReconcilingStrategy$1.run(JavaReconcilingStrategy.java:93)
	at org.eclipse.core.runtime.SafeRunner.run(SafeRunner.java:45)
	at org.eclipse.jdt.internal.ui.text.java.JavaReconcilingStrategy.reconcile(JavaReconcilingStrategy.java:90)
	at org.eclipse.jdt.internal.ui.text.java.JavaReconcilingStrategy.reconcile(JavaReconcilingStrategy.java:157)
	at org.eclipse.jdt.internal.ui.text.CompositeReconcilingStrategy.reconcile(CompositeReconcilingStrategy.java:94)
	at org.eclipse.jdt.internal.ui.text.JavaCompositeReconcilingStrategy.reconcile(JavaCompositeReconcilingStrategy.java:107)
	at org.eclipse.jface.text.reconciler.MonoReconciler.process(MonoReconciler.java:76)
	at org.eclipse.jface.text.reconciler.AbstractReconciler$BackgroundThread.run(AbstractReconciler.java:210)

!ENTRY org.eclipse.jdt.core 4 4 2026-08-05 17:11:12.519
!MESSAGE Exception occurred during compilation unit conversion:
----------------------------------- SOURCE BEGIN -------------------------------------
package com.exam;
/* 문]
 *      다음 멤버를 가지고, 직사각형의 표현하는 Rectangle 클래스를 구현하시오.
 *      
 *      1. int 타입의 x, y, width, height 필드 : 사각형을 구성하는 점과 크기 정보
 *      2. x, y, width, height 값을 매객변수로 받아 필드를 초기화 하는 생성자
 *      3. int square() : 사각형의 넓이 리턴
 *      4. void show() : 매소드를 이용해 사각형의 좌표와 넓이를 화면에 출력 
 *      5. boolean contains(Rectangle r) : 
 *              - 매개변수로 받은 r이 현 사각형 안에 있으면 true 리턴
 *              
 *        결과
 *        (2,2)에서 크기가 8x7인 사각형
 *        s의 면적은 36
 *        t는 r을 포함 합니다.
 */
public class Rectangle {
	
	int x;
	int y;
	int width;
	int height;
	
	public Rectangle(int x, int y, int width, int height) {
		super();
		this.x = x;
		this.y = y;
		this.width = width;
		this.height = height;
	}
	
	 int square() 
	 return 
	 
	
	public boolean contains(Rectangle r) {
		if(x < r.x && y < r.y && x+width > r.x + r.width && y+height > r.y+r.height) 
		  return true;
		  else
		return false;
	}
	
	
	
	
	public static void main(String[] args) {
		
		Rectangle r = new Rectangle(2,2,8,7);
		Rectangle s = new Rectangle(5,5,6,6);
		Rectangle t = new Rectangle(1,1,10,10);
		
		r.show();
		System.out.println("s의 면적"+s.square);
		if(t.contains(r)) System.out.println("t는 r을 포함합니다.");
		if(t.contains(s)) System.out.println("t는 s을 포함합니다.");
		
		

	}

}

----------------------------------- SOURCE END -------------------------------------
!STACK 0
java.lang.IllegalArgumentException
	at org.eclipse.jdt.core.dom.ASTNode.setSourceRange(ASTNode.java:3189)
	at org.eclipse.jdt.core.dom.ASTConverter.convert(ASTConverter.java:738)
	at org.eclipse.jdt.core.dom.ASTConverter.buildBodyDeclarations(ASTConverter.java:208)
	at org.eclipse.jdt.core.dom.ASTConverter.convert(ASTConverter.java:3347)
	at org.eclipse.jdt.core.dom.ASTConverter.convert(ASTConverter.java:1524)
	at org.eclipse.jdt.core.dom.AST.convertCompilationUnit(AST.java:494)
	at org.eclipse.jdt.internal.core.CompilationUnit.buildStructure(CompilationUnit.java:201)
	at org.eclipse.jdt.internal.core.Openable.generateInfos(Openable.java:266)
	at org.eclipse.jdt.internal.core.JavaElement.openWhenClosed(JavaElement.java:597)
	at org.eclipse.jdt.internal.core.CompilationUnit.makeConsistent(CompilationUnit.java:1142)
	at org.eclipse.jdt.internal.core.ReconcileWorkingCopyOperation.makeConsistent(ReconcileWorkingCopyOperation.java:173)
	at org.eclipse.jdt.internal.core.ReconcileWorkingCopyOperation.executeOperation(ReconcileWorkingCopyOperation.java:94)
	at org.eclipse.jdt.internal.core.JavaModelOperation.run(JavaModelOperation.java:740)
	at org.eclipse.jdt.internal.core.JavaModelOperation.runOperation(JavaModelOperation.java:806)
	at org.eclipse.jdt.internal.core.CompilationUnit.reconcile(CompilationUnit.java:1319)
	at org.eclipse.jdt.internal.ui.text.java.JavaReconcilingStrategy.reconcile(JavaReconcilingStrategy.java:131)
	at org.eclipse.jdt.internal.ui.text.java.JavaReconcilingStrategy.access$0(JavaReconcilingStrategy.java:113)
	at org.eclipse.jdt.internal.ui.text.java.JavaReconcilingStrategy$1.run(JavaReconcilingStrategy.java:93)
	at org.eclipse.core.runtime.SafeRunner.run(SafeRunner.java:45)
	at org.eclipse.jdt.internal.ui.text.java.JavaReconcilingStrategy.reconcile(JavaReconcilingStrategy.java:90)
	at org.eclipse.jdt.internal.ui.text.java.JavaReconcilingStrategy.reconcile(JavaReconcilingStrategy.java:157)
	at org.eclipse.jdt.internal.ui.text.CompositeReconcilingStrategy.reconcile(CompositeReconcilingStrategy.java:94)
	at org.eclipse.jdt.internal.ui.text.JavaCompositeReconcilingStrategy.reconcile(JavaCompositeReconcilingStrategy.java:107)
	at org.eclipse.jface.text.reconciler.MonoReconciler.process(MonoReconciler.java:76)
	at org.eclipse.jface.text.reconciler.AbstractReconciler$BackgroundThread.run(AbstractReconciler.java:210)

!ENTRY org.eclipse.jdt.ui 4 2 2026-08-05 17:11:12.519
!MESSAGE Problems occurred when invoking code from plug-in: "org.eclipse.jdt.ui".
!STACK 0
java.lang.IllegalArgumentException
	at org.eclipse.jdt.core.dom.ASTNode.setSourceRange(ASTNode.java:3189)
	at org.eclipse.jdt.core.dom.ASTConverter.convert(ASTConverter.java:738)
	at org.eclipse.jdt.core.dom.ASTConverter.buildBodyDeclarations(ASTConverter.java:208)
	at org.eclipse.jdt.core.dom.ASTConverter.convert(ASTConverter.java:3347)
	at org.eclipse.jdt.core.dom.ASTConverter.convert(ASTConverter.java:1524)
	at org.eclipse.jdt.core.dom.AST.convertCompilationUnit(AST.java:494)
	at org.eclipse.jdt.internal.core.CompilationUnit.buildStructure(CompilationUnit.java:201)
	at org.eclipse.jdt.internal.core.Openable.generateInfos(Openable.java:266)
	at org.eclipse.jdt.internal.core.JavaElement.openWhenClosed(JavaElement.java:597)
	at org.eclipse.jdt.internal.core.CompilationUnit.makeConsistent(CompilationUnit.java:1142)
	at org.eclipse.jdt.internal.core.ReconcileWorkingCopyOperation.makeConsistent(ReconcileWorkingCopyOperation.java:173)
	at org.eclipse.jdt.internal.core.ReconcileWorkingCopyOperation.executeOperation(ReconcileWorkingCopyOperation.java:94)
	at org.eclipse.jdt.internal.core.JavaModelOperation.run(JavaModelOperation.java:740)
	at org.eclipse.jdt.internal.core.JavaModelOperation.runOperation(JavaModelOperation.java:806)
	at org.eclipse.jdt.internal.core.CompilationUnit.reconcile(CompilationUnit.java:1319)
	at org.eclipse.jdt.internal.ui.text.java.JavaReconcilingStrategy.reconcile(JavaReconcilingStrategy.java:131)
	at org.eclipse.jdt.internal.ui.text.java.JavaReconcilingStrategy.access$0(JavaReconcilingStrategy.java:113)
	at org.eclipse.jdt.internal.ui.text.java.JavaReconcilingStrategy$1.run(JavaReconcilingStrategy.java:93)
	at org.eclipse.core.runtime.SafeRunner.run(SafeRunner.java:45)
	at org.eclipse.jdt.internal.ui.text.java.JavaReconcilingStrategy.reconcile(JavaReconcilingStrategy.java:90)
	at org.eclipse.jdt.internal.ui.text.java.JavaReconcilingStrategy.reconcile(JavaReconcilingStrategy.java:157)
	at org.eclipse.jdt.internal.ui.text.CompositeReconcilingStrategy.reconcile(CompositeReconcilingStrategy.java:94)
	at org.eclipse.jdt.internal.ui.text.JavaCompositeReconcilingStrategy.reconcile(JavaCompositeReconcilingStrategy.java:107)
	at org.eclipse.jface.text.reconciler.MonoReconciler.process(MonoReconciler.java:76)
	at org.eclipse.jface.text.reconciler.AbstractReconciler$BackgroundThread.run(AbstractReconciler.java:210)

!ENTRY org.eclipse.jdt.ui 4 0 2026-08-05 17:11:12.520
!MESSAGE Error in JDT Core during reconcile
!STACK 0
java.lang.IllegalArgumentException
	at org.eclipse.jdt.core.dom.ASTNode.setSourceRange(ASTNode.java:3189)
	at org.eclipse.jdt.core.dom.ASTConverter.convert(ASTConverter.java:738)
	at org.eclipse.jdt.core.dom.ASTConverter.buildBodyDeclarations(ASTConverter.java:208)
	at org.eclipse.jdt.core.dom.ASTConverter.convert(ASTConverter.java:3347)
	at org.eclipse.jdt.core.dom.ASTConverter.convert(ASTConverter.java:1524)
	at org.eclipse.jdt.core.dom.AST.convertCompilationUnit(AST.java:494)
	at org.eclipse.jdt.internal.core.CompilationUnit.buildStructure(CompilationUnit.java:201)
	at org.eclipse.jdt.internal.core.Openable.generateInfos(Openable.java:266)
	at org.eclipse.jdt.internal.core.JavaElement.openWhenClosed(JavaElement.java:597)
	at org.eclipse.jdt.internal.core.CompilationUnit.makeConsistent(CompilationUnit.java:1142)
	at org.eclipse.jdt.internal.core.ReconcileWorkingCopyOperation.makeConsistent(ReconcileWorkingCopyOperation.java:173)
	at org.eclipse.jdt.internal.core.ReconcileWorkingCopyOperation.executeOperation(ReconcileWorkingCopyOperation.java:94)
	at org.eclipse.jdt.internal.core.JavaModelOperation.run(JavaModelOperation.java:740)
	at org.eclipse.jdt.internal.core.JavaModelOperation.runOperation(JavaModelOperation.java:806)
	at org.eclipse.jdt.internal.core.CompilationUnit.reconcile(CompilationUnit.java:1319)
	at org.eclipse.jdt.internal.ui.text.java.JavaReconcilingStrategy.reconcile(JavaReconcilingStrategy.java:131)
	at org.eclipse.jdt.internal.ui.text.java.JavaReconcilingStrategy.access$0(JavaReconcilingStrategy.java:113)
	at org.eclipse.jdt.internal.ui.text.java.JavaReconcilingStrategy$1.run(JavaReconcilingStrategy.java:93)
	at org.eclipse.core.runtime.SafeRunner.run(SafeRunner.java:45)
	at org.eclipse.jdt.internal.ui.text.java.JavaReconcilingStrategy.reconcile(JavaReconcilingStrategy.java:90)
	at org.eclipse.jdt.internal.ui.text.java.JavaReconcilingStrategy.reconcile(JavaReconcilingStrategy.java:157)
	at org.eclipse.jdt.internal.ui.text.CompositeReconcilingStrategy.reconcile(CompositeReconcilingStrategy.java:94)
	at org.eclipse.jdt.internal.ui.text.JavaCompositeReconcilingStrategy.reconcile(JavaCompositeReconcilingStrategy.java:107)
	at org.eclipse.jface.text.reconciler.MonoReconciler.process(MonoReconciler.java:76)
	at org.eclipse.jface.text.reconciler.AbstractReconciler$BackgroundThread.run(AbstractReconciler.java:210)

!ENTRY org.eclipse.jdt.core 4 4 2026-08-05 17:11:14.526
!MESSAGE Exception occurred during compilation unit conversion:
----------------------------------- SOURCE BEGIN -------------------------------------
package com.exam;
/* 문]
 *      다음 멤버를 가지고, 직사각형의 표현하는 Rectangle 클래스를 구현하시오.
 *      
 *      1. int 타입의 x, y, width, height 필드 : 사각형을 구성하는 점과 크기 정보
 *      2. x, y, width, height 값을 매객변수로 받아 필드를 초기화 하는 생성자
 *      3. int square() : 사각형의 넓이 리턴
 *      4. void show() : 매소드를 이용해 사각형의 좌표와 넓이를 화면에 출력 
 *      5. boolean contains(Rectangle r) : 
 *              - 매개변수로 받은 r이 현 사각형 안에 있으면 true 리턴
 *              
 *        결과
 *        (2,2)에서 크기가 8x7인 사각형
 *        s의 면적은 36
 *        t는 r을 포함 합니다.
 */
public class Rectangle {
	
	int x;
	int y;
	int width;
	int height;
	
	public Rectangle(int x, int y, int width, int height) {
		super();
		this.x = x;
		this.y = y;
		this.width = width;
		this.height = height;
	}
	
	 int square() 
	 return squar
	 
	
	public boolean contains(Rectangle r) {
		if(x < r.x && y < r.y && x+width > r.x + r.width && y+height > r.y+r.height) 
		  return true;
		  else
		return false;
	}
	
	
	
	
	public static void main(String[] args) {
		
		Rectangle r = new Rectangle(2,2,8,7);
		Rectangle s = new Rectangle(5,5,6,6);
		Rectangle t = new Rectangle(1,1,10,10);
		
		r.show();
		System.out.println("s의 면적"+s.square);
		if(t.contains(r)) System.out.println("t는 r을 포함합니다.");
		if(t.contains(s)) System.out.println("t는 s을 포함합니다.");
		
		

	}

}

----------------------------------- SOURCE END -------------------------------------
!STACK 0
java.lang.IllegalArgumentException
	at org.eclipse.jdt.core.dom.ASTNode.setSourceRange(ASTNode.java:3189)
	at org.eclipse.jdt.core.dom.ASTConverter.convert(ASTConverter.java:738)
	at org.eclipse.jdt.core.dom.ASTConverter.buildBodyDeclarations(ASTConverter.java:208)
	at org.eclipse.jdt.core.dom.ASTConverter.convert(ASTConverter.java:3347)
	at org.eclipse.jdt.core.dom.ASTConverter.convert(ASTConverter.java:1524)
	at org.eclipse.jdt.core.dom.AST.convertCompilationUnit(AST.java:494)
	at org.eclipse.jdt.internal.core.CompilationUnit.buildStructure(CompilationUnit.java:201)
	at org.eclipse.jdt.internal.core.Openable.generateInfos(Openable.java:266)
	at org.eclipse.jdt.internal.core.JavaElement.openWhenClosed(JavaElement.java:597)
	at org.eclipse.jdt.internal.core.CompilationUnit.makeConsistent(CompilationUnit.java:1142)
	at org.eclipse.jdt.internal.core.ReconcileWorkingCopyOperation.makeConsistent(ReconcileWorkingCopyOperation.java:173)
	at org.eclipse.jdt.internal.core.ReconcileWorkingCopyOperation.executeOperation(ReconcileWorkingCopyOperation.java:94)
	at org.eclipse.jdt.internal.core.JavaModelOperation.run(JavaModelOperation.java:740)
	at org.eclipse.jdt.internal.core.JavaModelOperation.runOperation(JavaModelOperation.java:806)
	at org.eclipse.jdt.internal.core.CompilationUnit.reconcile(CompilationUnit.java:1319)
	at org.eclipse.jdt.internal.ui.text.java.JavaReconcilingStrategy.reconcile(JavaReconcilingStrategy.java:131)
	at org.eclipse.jdt.internal.ui.text.java.JavaReconcilingStrategy.access$0(JavaReconcilingStrategy.java:113)
	at org.eclipse.jdt.internal.ui.text.java.JavaReconcilingStrategy$1.run(JavaReconcilingStrategy.java:93)
	at org.eclipse.core.runtime.SafeRunner.run(SafeRunner.java:45)
	at org.eclipse.jdt.internal.ui.text.java.JavaReconcilingStrategy.reconcile(JavaReconcilingStrategy.java:90)
	at org.eclipse.jdt.internal.ui.text.java.JavaReconcilingStrategy.reconcile(JavaReconcilingStrategy.java:157)
	at org.eclipse.jdt.internal.ui.text.CompositeReconcilingStrategy.reconcile(CompositeReconcilingStrategy.java:94)
	at org.eclipse.jdt.internal.ui.text.JavaCompositeReconcilingStrategy.reconcile(JavaCompositeReconcilingStrategy.java:107)
	at org.eclipse.jface.text.reconciler.MonoReconciler.process(MonoReconciler.java:76)
	at org.eclipse.jface.text.reconciler.AbstractReconciler$BackgroundThread.run(AbstractReconciler.java:210)
